#
# A fatal error has been detected by the Java Runtime Environment:
#
#  EXCEPTION_ACCESS_VIOLATION (0xc0000005) at pc=0x00007ff82e6822fc, pid=17756, tid=15300
#
# JRE version: OpenJDK Runtime Environment (25.0.3) (build 25.0.3+-15898627-b508.16)
# Java VM: OpenJDK 64-Bit Server VM (25.0.3+-15898627-b508.16, mixed mode, tiered, compressed oops, compressed class ptrs, g1 gc, windows-amd64)
# Problematic frame:
# V  [jvm.dll+0x4022fc]
#
# No core dump will be written. Minidumps are not enabled by default on client versions of Windows
#
# If you would like to submit a bug report, please visit:
#   https://youtrack.jetbrains.com/issues/JBR
#

---------------  S U M M A R Y ------------

Command Line: --add-opens=java.base/java.lang=ALL-UNNAMED --add-opens=java.base/java.lang.invoke=ALL-UNNAMED --add-opens=java.base/java.util=ALL-UNNAMED --add-opens=java.prefs/java.util.prefs=ALL-UNNAMED --add-exports=jdk.compiler/com.sun.tools.javac.api=ALL-UNNAMED --add-exports=jdk.compiler/com.sun.tools.javac.util=ALL-UNNAMED --add-opens=java.base/java.nio.charset=ALL-UNNAMED --add-opens=java.base/java.net=ALL-UNNAMED --add-opens=java.base/java.util.concurrent=ALL-UNNAMED --add-opens=java.base/java.util.concurrent.atomic=ALL-UNNAMED --add-opens=java.xml/javax.xml.namespace=ALL-UNNAMED --add-opens=java.base/java.time=ALL-UNNAMED --enable-native-access=ALL-UNNAMED -Xmx2048m -Dfile.encoding=UTF-8 -Duser.country=ES -Duser.language=es -Duser.variant -javaagent:D:\AndroidStudio-cache-emuladores\Gradlecache\wrapper\dists\gradle-9.6.0-bin\42k10rwplmzkhuboz9kdazi7s\gradle-9.6.0\lib\agents\gradle-instrumentation-agent-9.6.0.jar org.gradle.launcher.daemon.bootstrap.GradleDaemon 9.6.0

Host: Intel(R) Core(TM) i5-3317U CPU @ 1.70GHz, 4 cores, 7G,  Windows 10 , 64 bit Build 19041 (10.0.19041.7291)
Time: Wed Sep 23 00:02:15 2026 Hora de verano romance elapsed time: 123.404315 seconds (0d 0h 2m 3s)

---------------  T H R E A D  ---------------

Current thread (0x000001c080893c90):  WorkerThread "GC Thread#1"    [id=15300, stack(0x000000ba82600000,0x000000ba82700000) (1024K)]

Stack: [0x000000ba82600000,0x000000ba82700000],  sp=0x000000ba826ff230,  free space=1020k
Native frames: (J=compiled Java code, j=interpreted, Vv=VM code, C=native code)
V  [jvm.dll+0x4022fc]  (no source info available)
V  [jvm.dll+0x3fe41e]  (no source info available)
V  [jvm.dll+0x40d9cc]  (no source info available)
V  [jvm.dll+0x40d785]  (no source info available)
V  [jvm.dll+0x40bd9a]  (no source info available)
V  [jvm.dll+0x40d301]  (no source info available)
V  [jvm.dll+0x4184a3]  (no source info available)
V  [jvm.dll+0x4187c8]  (no source info available)
V  [jvm.dll+0xa41164]  (no source info available)
V  [jvm.dll+0x9ad738]  (no source info available)
V  [jvm.dll+0x7bd585]  (no source info available)
C  [ucrtbase.dll+0x21bb2]  (no source info available)
C  [KERNEL32.DLL+0x17374]  (no source info available)
C  [ntdll.dll+0x4cc91]  (no source info available)


siginfo: EXCEPTION_ACCESS_VIOLATION (0xc0000005), reading address 0x0000000000000020


Registers:
RAX=0x0000000000000000, RBX=0x000001c08f3b62f0, RCX=0x0000000000000000, RDX=0x000001c0e932f980
RSP=0x000000ba826ff230, RBP=0x000000ba826ff2f9, RSI=0x000001c0e92f3ce0, RDI=0x00000000882d0c0c
R8 =0x0000000000000020, R9 =0x000001c0e932f980, R10=0x00000000882d0820, R11=0x000000ba826ff200
R12=0x0000000000000000, R13=0x0000000000000059, R14=0x00000000000015e1, R15=0x0000000000000040
RIP=0x00007ff82e6822fc, EFLAGS=0x0000000000010246

XMM[0]=0x000000f03501bfc0 0x0000000000000009
XMM[1]=0x89e6f1a889e6f280 0x89e6f2c089e6f300
XMM[2]=0x89e6cd6089e6ce40 0x89e6cf2889e6d010
XMM[3]=0x89e6c8f089e6c9d0 0x89e6cab089e6caf0
XMM[4]=0x89e709c889e70aa0 0x89e6c52889e6c5c8
XMM[5]=0x89e6ef7089e6efb0 0x89e6eff089e6f0d0
XMM[6]=0x0000000000000000 0x0000000000000000
XMM[7]=0x0000000000000000 0x0000000000000000
XMM[8]=0x0000000000000000 0x0000000000000000
XMM[9]=0x0000000000000000 0x0000000000000000
XMM[10]=0x0000000000000000 0x0000000000000000
XMM[11]=0x0000000000000000 0x0000000000000000
XMM[12]=0x0000000000000000 0x0000000000000000
XMM[13]=0x0000000000000000 0x0000000000000000
XMM[14]=0x0000000000000000 0x0000000000000000
XMM[15]=0x0000000000000000 0x0000000000000000
  MXCSR=0x00001fa0


Register to memory mapping:

RAX=0x0 is null
RBX=0x000001c08f3b62f0 points into unknown readable memory: 0x00007ff82edc4630 | 30 46 dc 2e f8 7f 00 00
RCX=0x0 is null
RDX=0x000001c0e932f980 points into unknown readable memory: 0x0000000000000000 | 00 00 00 00 00 00 00 00
RSP=0x000000ba826ff230 points into unknown readable memory: 0x00000000000015e2 | e2 15 00 00 00 00 00 00
RBP=0x000000ba826ff2f9 points into unknown readable memory: 6c a3 2e f8 7f 00 00
RSI=0x000001c0e92f3ce0 points into unknown readable memory: 0x0000000000000000 | 00 00 00 00 00 00 00 00
RDI=0x00000000882d0c0c is an unknown heap location
R8 =0x0000000000000020 is an unknown value
R9 =0x000001c0e932f980 points into unknown readable memory: 0x0000000000000000 | 00 00 00 00 00 00 00 00
R10=0x00000000882d0820 is an oop: [Ljava.lang.Object; 
{0x00000000882d0820} - klass: 'java/lang/Object'[] - flags: is_cloneable_fast 

 - length: 240
R11=0x000000ba826ff200 points into unknown readable memory: 0x0000000000000040 | 40 00 00 00 00 00 00 00
R12=0x0 is null
R13=0x0000000000000059 is an unknown value
R14=0x00000000000015e1 is an unknown value
R15=0x0000000000000040 is an unknown value

Top of Stack: (sp=0x000000ba826ff230)
0x000000ba826ff230:   00000000000015e2 000000ba826ff2b0   ..........o.....
0x000000ba826ff240:   000001c08f3b62f0 000001c0e92f3ce0   .b;......</.....
0x000000ba826ff250:   000000008875e314 000000000000ff00   ..u.............
0x000000ba826ff260:   000000008700ff00 0000000000000000   ................
0x000000ba826ff270:   0000000088963450 0000000000000001   P4..............
0x000000ba826ff280:   000000008875e308 00007ff82e680f26   ..u.....&.h.....
0x000000ba826ff290:   0000000000000001 000000003500fac0   ...........5....
0x000000ba826ff2a0:   000000ba826ff309 00007ff82e686441   ..o.....Adh.....
0x000000ba826ff2b0:   000001c000000001 000000ba00000000   ................
0x000000ba826ff2c0:   0000fe012e00fe01 000001c0e92a64b0   .........d*.....
0x000000ba826ff2d0:   000000ba826ffe01 00007ff82e68766d   ..o.....mvh.....
0x000000ba826ff2e0:   00000000859ff318 00007ff82e68766d   ........mvh.....
0x000000ba826ff2f0:   00000000859ff400 00007ff82ea36caf   .........l......
0x000000ba826ff300:   000000ba826ff380 00007ff82e688bc6   ..o.......h.....
0x000000ba826ff310:   00000000859ff3e0 00007ff82e68ff00   ..........h.....
0x000000ba826ff320:   000001c0e92a64b0 000000ba826ff560   .d*.....`.o.....
0x000000ba826ff330:   0000000000000059 00000000859ff400   Y...............
0x000000ba826ff340:   0000000000000002 000001c08f3b62f0   .........b;.....
0x000000ba826ff350:   000000ba826ff560 00007ff82e67e41e   `.o.......g.....
0x000000ba826ff360:   00000000859ff400 000000ba826ff3f0   ..........o.....
0x000000ba826ff370:   0000000085000000 0000000000000040   ........@.......
0x000000ba826ff380:   0000000049877ce3 00000030ad0913d1   .|.I........0...
0x000000ba826ff390:   0000000000000059 000000ba826ff460   Y.......`.o.....
0x000000ba826ff3a0:   000001c0e9374350 00007ff82e68d9cc   PC7.......h.....
0x000000ba826ff3b0:   0000000000000059 000001c0e9374350   Y.......PC7.....
0x000000ba826ff3c0:   000000ba826ff560 0000000000000000   `.o.............
0x000000ba826ff3d0:   000001c080893910 00007ff82e690a72   .9......r.i.....
0x000000ba826ff3e0:   00000000859ff000 0000000000000080   ................
0x000000ba826ff3f0:   00007ff82edc55a0 0000000000000000   .U..............
0x000000ba826ff400:   000001c0e92e4fd0 000001c08f3b62f0   .O.......b;.....
0x000000ba826ff410:   000000ba826ff5b0 00007ff82ea36caf   ..o......l......
0x000000ba826ff420:   000001c0fbc1cffa 00007ff82e68d785   ..........h.....

Instructions: (pc=0x00007ff82e6822fc)
  0x00007ff82e6821fc:   bb b0 01 00 00 48 8b 73 10 44 8b b6 80 00 00 00
  0x00007ff82e68220c:   41 8b ce 8b 86 00 01 00 00 2b c8 81 e1 ff ff 01
  0x00007ff82e68221c:   00 41 3b cf 0f 86 19 03 00 00 41 ff ce 41 81 e6
  0x00007ff82e68222c:   ff ff 01 00 44 89 b6 80 00 00 00 e8 d4 ac 3a 00
  0x00007ff82e68223c:   90 41 8b d6 48 8b 86 80 01 00 00 41 8b ce 4a 8b
  0x00007ff82e68224c:   3c f0 8b 86 00 01 00 00 2b c8 81 e1 ff ff 01 00
  0x00007ff82e68225c:   81 f9 ff ff 01 00 41 0f 44 cc 85 c9 75 3d 90 44
  0x00007ff82e68226c:   89 75 17 48 8b 86 00 01 00 00 48 8b c8 48 c1 e9
  0x00007ff82e68227c:   20 ff c1 89 4d 1b 44 3b f0 0f 85 a3 02 00 00 48
  0x00007ff82e68228c:   c1 e1 20 48 0b ca f0 48 0f b1 8e 00 01 00 00 0f
  0x00007ff82e68229c:   85 8d 02 00 00 8b 86 00 01 00 00 40 f6 c7 01 0f
  0x00007ff82e6822ac:   84 5a 01 00 00 8b 0d 51 dc 9a 00 48 ff cf 48 8b
  0x00007ff82e6822bc:   53 08 44 8b 07 49 d3 e0 8b 8a 88 06 00 00 4c 03
  0x00007ff82e6822cc:   05 2f dc 9a 00 48 8b 92 78 06 00 00 49 8b c0 48
  0x00007ff82e6822dc:   d3 e8 48 8d 0c 40 0f b7 04 0a 66 89 45 77 0f b6
  0x00007ff82e6822ec:   44 0a 02 88 45 79 44 38 65 78 0f 8c 05 ff ff ff
=>0x00007ff82e6822fc:   4d 8b 08 41 0f b6 c1 24 07 3c 03 72 14 41 0f b6
  0x00007ff82e68230c:   c1 c0 e8 02 a8 01 75 27 4d 8b c1 49 83 e0 fc eb
  0x00007ff82e68231c:   1e 0f b7 45 77 48 8d 55 b7 66 89 45 b7 48 8b cb
  0x00007ff82e68232c:   0f b6 45 79 88 45 b9 e8 f8 e6 ff ff 4c 8b c0 8b
  0x00007ff82e68233c:   0d c7 db 9a 00 49 8b c0 48 2b 05 b5 db 9a 00 48
  0x00007ff82e68234c:   d3 e8 89 07 49 8b c0 8b 0d 77 74 9b 00 48 33 c7
  0x00007ff82e68235c:   48 d3 e8 48 85 c0 0f 84 99 fe ff ff 48 8b 43 08
  0x00007ff82e68236c:   48 8b d7 8b 88 88 06 00 00 4c 8b 88 78 06 00 00
  0x00007ff82e68237c:   48 d3 ea 49 8d 04 51 48 03 d0 0f b7 02 66 89 45
  0x00007ff82e68238c:   c7 80 7d c8 fe 0f b6 42 02 88 45 c9 0f 84 63 fe
  0x00007ff82e68239c:   ff ff 49 d3 e8 4b 8d 0c 41 42 0f b7 04 01 66 89
  0x00007ff82e6823ac:   45 cb 42 0f b6 44 01 02 88 45 cd 44 38 65 cc 7c
  0x00007ff82e6823bc:   3d 48 8b 43 58 8b 0d 91 98 9a 00 48 d3 ef 48 03
  0x00007ff82e6823cc:   78 30 48 8b 50 28 48 2b fa 48 39 bb b0 01 00 00
  0x00007ff82e6823dc:   0f 84 1f fe ff ff 48 03 d7 48 8d 4b 18 e8 32 40
  0x00007ff82e6823ec:   00 00 48 ff 83 88 02 00 00 e9 00 fe ff ff 42 0f


Stack slot to memory mapping:

stack at sp + 0 slots: 0x00000000000015e2 is an unknown value
stack at sp + 1 slots: 0x000000ba826ff2b0 points into unknown readable memory: 0x000001c000000001 | 01 00 00 00 c0 01 00 00
stack at sp + 2 slots: 0x000001c08f3b62f0 points into unknown readable memory: 0x00007ff82edc4630 | 30 46 dc 2e f8 7f 00 00
stack at sp + 3 slots: 0x000001c0e92f3ce0 points into unknown readable memory: 0x0000000000000000 | 00 00 00 00 00 00 00 00
stack at sp + 4 slots: 
[error occurred during error reporting (inspecting top of stack), id 0xc0000005, EXCEPTION_ACCESS_VIOLATION (0xc0000005) at pc=0x00007ff82e589640]
stack at sp + 5 slots: 0x000000000000ff00 is an unknown value
stack at sp + 6 slots: 0x000000008700ff00 is pointing into object: [B 
{0x000000008700fe60} - klass: {type array byte} - flags: is_cloneable_fast 

 - length: 219
 -   0: 44 D
 -   1: 3a :
 -   2: 5c \
 -   3: 41 A
 -   4: 6e n
 -   5: 64 d
 -   6: 72 r
 -   7: 6f o
 -   8: 69 i
 -   9: 64 d
 -  10: 53 S
 -  11: 74 t
 -  12: 75 u
 -  13: 64 d
 -  14: 69 i
 -  15: 6f o
 -  16: 2d -
 -  17: 63 c
 -  18: 61 a
 -  19: 63 c
 -  20: 68 h
 -  21: 65 e
 -  22: 2d -
 -  23: 65 e
 -  24: 6d m
 -  25: 75 u
 -  26: 6c l
 -  27: 61 a
 -  28: 64 d
 -  29: 6f o
 -  30: 72 r
 -  31: 65 e
 -  32: 73 s
 -  33: 5c \
 -  34: 47 G
 -  35: 72 r
 -  36: 61 a
 -  37: 64 d
 -  38: 6c l
 -  39: 65 e
 -  40: 63 c
 -  41: 61 a
 -  42: 63 c
 -  43: 68 h
 -  44: 65 e
 -  45: 5c \
 -  46: 63 c
 -  47: 61 a
 -  48: 63 c
 -  49: 68 h
 -  50: 65 e
 -  51: 73 s
 -  52: 5c \
 -  53: 39 9
 -  54: 2e .
 -  55: 36 6
 -  56: 2e .
 -  57: 30 0
 -  58: 5c \
 -  59: 74 t
 -  60: 72 r
 -  61: 61 a
 -  62: 6e n
 -  63: 73 s
 -  64: 66 f
 -  65: 6f o
 -  66: 72 r
 -  67: 6d m
 -  68: 73 s
 -  69: 5c \
 -  70: 61 a
 -  71: 33 3
 -  72: 63 c
 -  73: 36 6
 -  74: 65 e
 -  75: 33 3
 -  76: 30 0
 -  77: 61 a
 -  78: 38 8
 -  79: 62 b
 -  80: 64 d
 -  81: 33 3
 -  82: 39 9
 -  83: 36 6
 -  84: 38 8
 -  85: 65 e
 -  86: 36 6
 -  87: 62 b
 -  88: 39 9
 -  89: 39 9
 -  90: 37 7
 -  91: 61 a
 -  92: 62 b
 -  93: 65 e
 -  94: 62 b
 -  95: 31 1
 -  96: 32 2
 -  97: 34 4
 -  98: 63 c
 -  99: 32 2
 - 100: 30 0
 - 101: 30 0
 - 102: 5c \
 - 103: 74 t
 - 104: 72 r
 - 105: 61 a
 - 106: 6e n
 - 107: 73 s
 - 108: 66 f
 - 109: 6f o
 - 110: 72 r
 - 111: 6d m
 - 112: 65 e
 - 113: 64 d
 - 114: 5c \
 - 115: 74 t
 - 116: 65 e
 - 117: 73 s
 - 118: 74 t
 - 119: 69 i
 - 120: 6e n
 - 121: 67 g
 - 122: 2d -
 - 123: 6a j
 - 124: 76 v
 - 125: 6d m
 - 126: 2d -
 - 127: 69 i
 - 128: 6e n
 - 129: 66 f
 - 130: 72 r
 - 131: 61 a
 - 132: 73 s
 - 133: 74 t
 - 134: 72 r
 - 135: 75 u
 - 136: 63 c
 - 137: 74 t
 - 138: 75 u
 - 139: 72 r
 - 140: 65 e
 - 141: 5c \
 - 142: 6f o
 - 143: 72 r
 - 144: 67 g
 - 145: 5c \
 - 146: 67 g
 - 147: 72 r
 - 148: 61 a
 - 149: 64 d
 - 150: 6c l
 - 151: 65 e
 - 152: 5c \
 - 153: 61 a
 - 154: 70 p
 - 155: 69 i
 - 156: 5c \
 - 157: 69 i
 - 158: 6e n
 - 159: 74 t
 - 160: 65 e
 - 161: 72 r
 - 162: 6e n
 - 163: 61 a
 - 164: 6c l
 - 165: 5c \
 - 166: 74 t
 - 167: 61 a
 - 168: 73 s
 - 169: 6b k
 - 170: 73 s
 - 171: 5c \
 - 172: 74 t
 - 173: 65 e
 - 174: 73 s
 - 175: 74 t
 - 176: 69 i
 - 177: 6e n
 - 178: 67 g
 - 179: 5c \
 - 180: 74 t
 - 181: 65 e
 - 182: 73 s
 - 183: 74 t
 - 184: 6e n
 - 185: 67 g
 - 186: 5c \
 - 187: 54 T
 - 188: 65 e
 - 189: 73 s
 - 190: 74 t
 - 191: 4e N
 - 192: 47 G
 - 193: 43 C
 - 194: 6f o
 - 195: 6e n
 - 196: 66 f
 - 197: 69 i
 - 198: 67 g
 - 199: 75 u
 - 200: 72 r
 - 201: 61 a
 - 202: 74 t
 - 203: 69 i
 - 204: 6f o
 - 205: 6e n
 - 206: 4c L
 - 207: 69 i
 - 208: 73 s
 - 209: 74 t
 - 210: 65 e
 - 211: 6e n
 - 212: 65 e
 - 213: 72 r
 - 214: 2e .
 - 215: 6a j
 - 216: 61 a
 - 217: 76 v
 - 218: 61 a
stack at sp + 7 slots: 0x0 is null


---------------  P R O C E S S  ---------------

Threads class SMR info:
_java_thread_list=0x000001c09010a540, length=48, elements={
0x000001c0e92d3130, 0x000001c0805ace70, 0x000001c0805e0670, 0x000001c0805e14d0,
0x000001c0805e2cc0, 0x000001c0805bfa10, 0x000001c0805c2610, 0x000001c0805c2dd0,
0x000001c0805c3990, 0x000001c08063d440, 0x000001c080a60f90, 0x000001c085d2d780,
0x000001c085039e20, 0x000001c085e1d950, 0x000001c080af59f0, 0x000001c080af69f0,
0x000001c085dbac00, 0x000001c085db9490, 0x000001c085dba430, 0x000001c085dbbba0,
0x000001c085db8cc0, 0x000001c085db5610, 0x000001c0859dcad0, 0x000001c0859dd2a0,
0x000001c0859d9420, 0x000001c0859dda70, 0x000001c0859dab90, 0x000001c0859dea10,
0x000001c0859dbb30, 0x000001c088193b70, 0x000001c0881952e0, 0x000001c088199930,
0x000001c088199160, 0x000001c088196a50, 0x000001c088192bd0, 0x000001c088197220,
0x000001c088778310, 0x000001c088772d20, 0x000001c0887734f0, 0x000001c088775c00,
0x000001c0890d6590, 0x000001c0890d1f40, 0x000001c087f3ef20, 0x000001c087f3c810,
0x000001c087f3cfe0, 0x000001c087f381c0, 0x000001c087f39160, 0x000001c08813e0c0
}

Java Threads: ( => current thread )
  0x000001c0e92d3130 JavaThread "main"                              [_thread_blocked, id=14720, stack(0x000000ba81300000,0x000000ba81400000) (1024K)]
  0x000001c0805ace70 JavaThread "Common-Cleaner"             daemon [_thread_blocked, id=14684, stack(0x000000ba81c00000,0x000000ba81d00000) (1024K)]
  0x000001c0805e0670 JavaThread "Reference Handler"          daemon [_thread_blocked, id=16068, stack(0x000000ba81d00000,0x000000ba81e00000) (1024K)]
  0x000001c0805e14d0 JavaThread "Finalizer"                  daemon [_thread_blocked, id=2608, stack(0x000000ba81e00000,0x000000ba81f00000) (1024K)]
  0x000001c0805e2cc0 JavaThread "Signal Dispatcher"          daemon [_thread_blocked, id=18936, stack(0x000000ba81f00000,0x000000ba82000000) (1024K)]
  0x000001c0805bfa10 JavaThread "Attach Listener"            daemon [_thread_blocked, id=10636, stack(0x000000ba82000000,0x000000ba82100000) (1024K)]
  0x000001c0805c2610 JavaThread "Service Thread"             daemon [_thread_blocked, id=16400, stack(0x000000ba82100000,0x000000ba82200000) (1024K)]
  0x000001c0805c2dd0 JavaThread "Monitor Deflation Thread"   daemon [_thread_blocked, id=14776, stack(0x000000ba82200000,0x000000ba82300000) (1024K)]
  0x000001c0805c3990 JavaThread "C2 CompilerThread0"         daemon [_thread_blocked, id=15984, stack(0x000000ba82300000,0x000000ba82400000) (1024K)]
  0x000001c08063d440 JavaThread "C1 CompilerThread0"         daemon [_thread_blocked, id=14576, stack(0x000000ba82400000,0x000000ba82500000) (1024K)]
  0x000001c080a60f90 JavaThread "Notification Thread"        daemon [_thread_blocked, id=15452, stack(0x000000ba82500000,0x000000ba82600000) (1024K)]
  0x000001c085d2d780 JavaThread "Daemon health stats"               [_thread_blocked, id=9176, stack(0x000000ba82900000,0x000000ba82a00000) (1024K)]
  0x000001c085039e20 JavaThread "Incoming local TCP Connector on port 51503"        [_thread_in_native, id=12948, stack(0x000000ba82a00000,0x000000ba82b00000) (1024K)]
  0x000001c085e1d950 JavaThread "Daemon periodic checks"            [_thread_blocked, id=4608, stack(0x000000ba82b00000,0x000000ba82c00000) (1024K)]
  0x000001c080af59f0 JavaThread "Daemon"                            [_thread_blocked, id=10128, stack(0x000000ba82c00000,0x000000ba82d00000) (1024K)]
  0x000001c080af69f0 JavaThread "Handler for socket connection from /127.0.0.1:51503 to /127.0.0.1:51504"        [_thread_in_native, id=4992, stack(0x000000ba82d00000,0x000000ba82e00000) (1024K)]
  0x000001c085dbac00 JavaThread "Cancel handler"                    [_thread_blocked, id=12812, stack(0x000000ba82e00000,0x000000ba82f00000) (1024K)]
  0x000001c085db9490 JavaThread "Daemon worker"                     [_thread_blocked, id=18956, stack(0x000000ba82f00000,0x000000ba83000000) (1024K)]
  0x000001c085dba430 JavaThread "Asynchronous log dispatcher for DefaultDaemonConnection: socket connection from /127.0.0.1:51503 to /127.0.0.1:51504"        [_thread_blocked, id=15196, stack(0x000000ba83000000,0x000000ba83100000) (1024K)]
  0x000001c085dbbba0 JavaThread "Stdin handler"                     [_thread_blocked, id=8060, stack(0x000000ba83100000,0x000000ba83200000) (1024K)]
  0x000001c085db8cc0 JavaThread "Daemon client event forwarder"        [_thread_blocked, id=1052, stack(0x000000ba83200000,0x000000ba83300000) (1024K)]
  0x000001c085db5610 JavaThread "Cache worker for journal cache (D:\AndroidStudio-cache-emuladores\Gradlecache\caches\journal-1)"        [_thread_blocked, id=8012, stack(0x000000ba83300000,0x000000ba83400000) (1024K)]
  0x000001c0859dcad0 JavaThread "File lock request listener"        [_thread_in_native, id=1040, stack(0x000000ba83400000,0x000000ba83500000) (1024K)]
  0x000001c0859dd2a0 JavaThread "Cache worker for file hash cache (D:\AndroidStudio-cache-emuladores\Gradlecache\caches\9.6.0\fileHashes)"        [_thread_blocked, id=9704, stack(0x000000ba83500000,0x000000ba83600000) (1024K)]
  0x000001c0859d9420 JavaThread "Cache worker for file hash cache (D:\TXURDINAGA\2026-2027\Interfazeen garapena\Nabigazioa\.gradle\9.6.0\fileHashes)"        [_thread_blocked, id=1996, stack(0x000000ba83600000,0x000000ba83700000) (1024K)]
  0x000001c0859dda70 JavaThread "Cache worker for Build Output Cleanup Cache (D:\TXURDINAGA\2026-2027\Interfazeen garapena\Nabigazioa\.gradle\buildOutputCleanup)"        [_thread_blocked, id=14688, stack(0x000000ba83700000,0x000000ba83800000) (1024K)]
  0x000001c0859dab90 JavaThread "File watcher server"        daemon [_thread_in_native, id=9728, stack(0x000000ba83800000,0x000000ba83900000) (1024K)]
  0x000001c0859dea10 JavaThread "File watcher consumer"      daemon [_thread_blocked, id=17720, stack(0x000000ba83900000,0x000000ba83a00000) (1024K)]
  0x000001c0859dbb30 JavaThread "jar transforms"                    [_thread_blocked, id=4052, stack(0x000000ba83b00000,0x000000ba83c00000) (1024K)]
  0x000001c088193b70 JavaThread "jar transforms Thread 2"           [_thread_blocked, id=18844, stack(0x000000ba83c00000,0x000000ba83d00000) (1024K)]
  0x000001c0881952e0 JavaThread "jar transforms Thread 3"           [_thread_blocked, id=5788, stack(0x000000ba83d00000,0x000000ba83e00000) (1024K)]
  0x000001c088199930 JavaThread "jar transforms Thread 4"           [_thread_blocked, id=4092, stack(0x000000ba83e00000,0x000000ba83f00000) (1024K)]
  0x000001c088199160 JavaThread "Cache worker for file content cache (D:\AndroidStudio-cache-emuladores\Gradlecache\caches\9.6.0\fileContent)"        [_thread_blocked, id=11780, stack(0x000000ba83a00000,0x000000ba83b00000) (1024K)]
  0x000001c088196a50 JavaThread "Cache worker for checksums cache (D:\TXURDINAGA\2026-2027\Interfazeen garapena\Nabigazioa\.gradle\9.6.0\checksums)"        [_thread_blocked, id=18660, stack(0x000000ba83f00000,0x000000ba84000000) (1024K)]
  0x000001c088192bd0 JavaThread "Cache worker for cache directory md-supplier (D:\AndroidStudio-cache-emuladores\Gradlecache\caches\9.6.0\md-supplier)"        [_thread_blocked, id=15940, stack(0x000000ba84000000,0x000000ba84100000) (1024K)]
  0x000001c088197220 JavaThread "Cache worker for cache directory md-rule (D:\AndroidStudio-cache-emuladores\Gradlecache\caches\9.6.0\md-rule)"        [_thread_blocked, id=14676, stack(0x000000ba84100000,0x000000ba84200000) (1024K)]
  0x000001c088778310 JavaThread "Build operations"                  [_thread_blocked, id=13428, stack(0x000000ba84200000,0x000000ba84300000) (1024K)]
  0x000001c088772d20 JavaThread "Build operations Thread 2"         [_thread_blocked, id=7612, stack(0x000000ba84300000,0x000000ba84400000) (1024K)]
  0x000001c0887734f0 JavaThread "Build operations Thread 3"         [_thread_blocked, id=7824, stack(0x000000ba84400000,0x000000ba84500000) (1024K)]
  0x000001c088775c00 JavaThread "Build operations Thread 4"         [_thread_blocked, id=10624, stack(0x000000ba84500000,0x000000ba84600000) (1024K)]
  0x000001c0890d6590 JavaThread "Memory manager"                    [_thread_blocked, id=14804, stack(0x000000ba81200000,0x000000ba81300000) (1024K)]
  0x000001c0890d1f40 JavaThread "included builds"                   [_thread_blocked, id=15208, stack(0x000000ba84600000,0x000000ba84700000) (1024K)]
  0x000001c087f3ef20 JavaThread "Execution worker"                  [_thread_blocked, id=15988, stack(0x000000ba84700000,0x000000ba84800000) (1024K)]
  0x000001c087f3c810 JavaThread "Execution worker Thread 2"         [_thread_blocked, id=12548, stack(0x000000ba84800000,0x000000ba84900000) (1024K)]
  0x000001c087f3cfe0 JavaThread "Execution worker Thread 3"         [_thread_blocked, id=15392, stack(0x000000ba84900000,0x000000ba84a00000) (1024K)]
  0x000001c087f381c0 JavaThread "Cache worker for execution history cache (D:\TXURDINAGA\2026-2027\Interfazeen garapena\Nabigazioa\.gradle\9.6.0\executionHistory)"        [_thread_blocked, id=15380, stack(0x000000ba84a00000,0x000000ba84b00000) (1024K)]
  0x000001c087f39160 JavaThread "idea-tooling-model-converter"        [_thread_blocked, id=8544, stack(0x000000ba84b00000,0x000000ba84c00000) (1024K)]
  0x000001c08813e0c0 JavaThread "C2 CompilerThread1"         daemon [_thread_blocked, id=18332, stack(0x000000ba81400000,0x000000ba81500000) (1024K)]
Total: 48

Other Threads:
  0x000001c080589d80 VMThread "VM Thread"                           [id=11020, stack(0x000000ba81b00000,0x000000ba81c00000) (1024K)]
  0x000001c0e938c7c0 WatcherThread "VM Periodic Task Thread"        [id=19308, stack(0x000000ba81a00000,0x000000ba81b00000) (1024K)]
  0x000001c0e93329d0 WorkerThread "GC Thread#0"                     [id=1636, stack(0x000000ba81500000,0x000000ba81600000) (1024K)]
=>0x000001c080893c90 WorkerThread "GC Thread#1"                     [id=15300, stack(0x000000ba82600000,0x000000ba82700000) (1024K)]
  0x000001c0808940c0 WorkerThread "GC Thread#2"                     [id=15308, stack(0x000000ba82700000,0x000000ba82800000) (1024K)]
  0x000001c080abe970 WorkerThread "GC Thread#3"                     [id=18064, stack(0x000000ba82800000,0x000000ba82900000) (1024K)]
  0x000001c0e934cab0 ConcurrentGCThread "G1 Main Marker"            [id=7196, stack(0x000000ba81600000,0x000000ba81700000) (1024K)]
  0x000001c0e934de60 WorkerThread "G1 Conc#0"                       [id=9684, stack(0x000000ba81700000,0x000000ba81800000) (1024K)]
  0x000001c0e9380090 ConcurrentGCThread "G1 Refine#0"               [id=10952, stack(0x000000ba81800000,0x000000ba81900000) (1024K)]
  0x000001c0e9380ca0 ConcurrentGCThread "G1 Service"                [id=3220, stack(0x000000ba81900000,0x000000ba81a00000) (1024K)]
Total: 10

Threads with active compile tasks:
C2 CompilerThread0  123788 13655       4       org.gradle.tooling.internal.adapter.ProtocolToModelAdapter$SupportedPropertyInvoker::invoke (154 bytes)
C2 CompilerThread1  123788 13653       4       org.gradle.tooling.internal.adapter.ProtocolToModelAdapter$InvocationHandlerImpl::invoke (176 bytes)
Total: 2

VM state: at safepoint (normal execution)

VM Mutex/Monitor currently owned by a thread:  ([mutex/lock_event])
[0x00007ff82f067928] Threads_lock - owner thread: 0x000001c080589d80
[0x00007ff82f067aa8] Heap_lock - owner thread: 0x000001c085db9490

Heap address: 0x0000000080000000, size: 2048 MB, Compressed Oops mode: 32-bit

CDS archive(s) not mapped
Compressed class space mapped at: 0x0000000035000000-0x0000000075000000, reserved size: 1073741824
UseCompressedClassPointers 1, UseCompactObjectHeaders 0
Narrow klass pointer bits 32, Max shift 3
Narrow klass base: 0x0000000000000000, Narrow klass shift: 0
Encoding Range: [0x0000000000000000 - 0x0000000100000000), (4294967296 bytes)
Klass Range:    [0x0000000035000000 - 0x0000000075000000), (1073741824 bytes)
Klass ID Range:  [889192448 - 1962934265) (1073741817)
No protection zone.

GC Precious Log:
 CardTable entry size: 512
 Card Set container configuration: InlinePtr #cards 5 size 8 Array Of Cards #cards 10 size 36 Howl #buckets 4 coarsen threshold 1843 Howl Bitmap #cards 512 size 80 coarsen threshold 460 Card regions per heap region 1 cards per card region 2048
 CPUs: 4 total, 4 available
 Memory: 8050M
 Large Page Support: Disabled
 NUMA Support: Disabled
 Compressed Oops: Enabled (32-bit)
 Heap Region Size: 1M
 Heap Min Capacity: 8M
 Heap Initial Capacity: 126M
 Heap Max Capacity: 2G
 Pre-touch: Disabled
 Parallel Workers: 4
 Concurrent Workers: 1
 Concurrent Refinement Workers: 4
 Periodic GC: Disabled

Heap:
 garbage-first heap   total reserved 2097152K, committed 235520K, used 216963K [0x0000000080000000, 0x0000000100000000)
  region size 1024K, 86 young (88064K), 11 survivors (11264K)

Heap Regions: E=young(eden), S=young(survivor), O=old, HS=humongous(starts), HC=humongous(continues), CS=collection set, F=free, TAMS=top-at-mark-start, PB=parsable bottom
|   0|0x0000000080000000, 0x0000000080100000, 0x0000000080100000|100%|HS|  |TAMS 0x0000000080000000| PB 0x0000000080000000| Complete |  0
|   1|0x0000000080100000, 0x0000000080200000, 0x0000000080200000|100%|HC|  |TAMS 0x0000000080100000| PB 0x0000000080100000| Complete |  0
|   2|0x0000000080200000, 0x0000000080300000, 0x0000000080300000|100%|HC|  |TAMS 0x0000000080200000| PB 0x0000000080200000| Complete |  0
|   3|0x0000000080300000, 0x0000000080400000, 0x0000000080400000|100%|HC|  |TAMS 0x0000000080300000| PB 0x0000000080300000| Complete |  0
|   4|0x0000000080400000, 0x0000000080500000, 0x0000000080500000|100%| O|  |TAMS 0x0000000080400000| PB 0x0000000080400000| Untracked |  0
|   5|0x0000000080500000, 0x0000000080600000, 0x0000000080600000|100%| O|  |TAMS 0x0000000080500000| PB 0x0000000080500000| Untracked |  0
|   6|0x0000000080600000, 0x0000000080700000, 0x0000000080700000|100%| O|  |TAMS 0x0000000080600000| PB 0x0000000080600000| Untracked |  0
|   7|0x0000000080700000, 0x0000000080800000, 0x0000000080800000|100%|HS|  |TAMS 0x0000000080700000| PB 0x0000000080700000| Complete |  0
|   8|0x0000000080800000, 0x0000000080900000, 0x0000000080900000|100%| O|  |TAMS 0x0000000080800000| PB 0x0000000080800000| Untracked |  0
|   9|0x0000000080900000, 0x0000000080a00000, 0x0000000080a00000|100%| O|  |TAMS 0x0000000080900000| PB 0x0000000080900000| Untracked |  0
|  10|0x0000000080a00000, 0x0000000080b00000, 0x0000000080b00000|100%| O|  |TAMS 0x0000000080a00000| PB 0x0000000080a00000| Untracked |  0
|  11|0x0000000080b00000, 0x0000000080c00000, 0x0000000080c00000|100%| O|  |TAMS 0x0000000080b00000| PB 0x0000000080b00000| Untracked |  0
|  12|0x0000000080c00000, 0x0000000080d00000, 0x0000000080d00000|100%| O|  |TAMS 0x0000000080c00000| PB 0x0000000080c00000| Untracked |  0
|  13|0x0000000080d00000, 0x0000000080e00000, 0x0000000080e00000|100%| O|  |TAMS 0x0000000080d00000| PB 0x0000000080d00000| Untracked |  0
|  14|0x0000000080e00000, 0x0000000080f00000, 0x0000000080f00000|100%| O|  |TAMS 0x0000000080e00000| PB 0x0000000080e00000| Untracked |  0
|  15|0x0000000080f00000, 0x0000000081000000, 0x0000000081000000|100%| O|  |TAMS 0x0000000080f00000| PB 0x0000000080f00000| Untracked |  0
|  16|0x0000000081000000, 0x0000000081100000, 0x0000000081100000|100%| O|  |TAMS 0x0000000081000000| PB 0x0000000081000000| Untracked |  0
|  17|0x0000000081100000, 0x0000000081200000, 0x0000000081200000|100%| O|  |TAMS 0x0000000081100000| PB 0x0000000081100000| Untracked |  0
|  18|0x0000000081200000, 0x0000000081300000, 0x0000000081300000|100%| O|  |TAMS 0x0000000081200000| PB 0x0000000081200000| Untracked |  0
|  19|0x0000000081300000, 0x0000000081400000, 0x0000000081400000|100%| O|  |TAMS 0x0000000081300000| PB 0x0000000081300000| Untracked |  0
|  20|0x0000000081400000, 0x0000000081500000, 0x0000000081500000|100%| O|  |TAMS 0x0000000081400000| PB 0x0000000081400000| Untracked |  0
|  21|0x0000000081500000, 0x0000000081600000, 0x0000000081600000|100%| O|  |TAMS 0x0000000081500000| PB 0x0000000081500000| Untracked |  0
|  22|0x0000000081600000, 0x0000000081700000, 0x0000000081700000|100%| O|  |TAMS 0x0000000081600000| PB 0x0000000081600000| Untracked |  0
|  23|0x0000000081700000, 0x0000000081800000, 0x0000000081800000|100%|HS|  |TAMS 0x0000000081700000| PB 0x0000000081700000| Complete |  0
|  24|0x0000000081800000, 0x0000000081900000, 0x0000000081900000|100%|HC|  |TAMS 0x0000000081800000| PB 0x0000000081800000| Complete |  0
|  25|0x0000000081900000, 0x0000000081a00000, 0x0000000081a00000|100%|HC|  |TAMS 0x0000000081900000| PB 0x0000000081900000| Complete |  0
|  26|0x0000000081a00000, 0x0000000081b00000, 0x0000000081b00000|100%|HC|  |TAMS 0x0000000081a00000| PB 0x0000000081a00000| Complete |  0
|  27|0x0000000081b00000, 0x0000000081c00000, 0x0000000081c00000|100%|HC|  |TAMS 0x0000000081b00000| PB 0x0000000081b00000| Complete |  0
|  28|0x0000000081c00000, 0x0000000081d00000, 0x0000000081d00000|100%|HC|  |TAMS 0x0000000081c00000| PB 0x0000000081c00000| Complete |  0
|  29|0x0000000081d00000, 0x0000000081e00000, 0x0000000081e00000|100%|HS|  |TAMS 0x0000000081d00000| PB 0x0000000081d00000| Complete |  0
|  30|0x0000000081e00000, 0x0000000081f00000, 0x0000000081f00000|100%|HS|  |TAMS 0x0000000081e00000| PB 0x0000000081e00000| Complete |  0
|  31|0x0000000081f00000, 0x0000000082000000, 0x0000000082000000|100%| O|  |TAMS 0x0000000081f00000| PB 0x0000000081f00000| Untracked |  0
|  32|0x0000000082000000, 0x0000000082100000, 0x0000000082100000|100%| O|  |TAMS 0x0000000082000000| PB 0x0000000082000000| Untracked |  0
|  33|0x0000000082100000, 0x0000000082200000, 0x0000000082200000|100%| O|  |TAMS 0x0000000082100000| PB 0x0000000082100000| Untracked |  0
|  34|0x0000000082200000, 0x0000000082300000, 0x0000000082300000|100%| O|  |TAMS 0x0000000082200000| PB 0x0000000082200000| Untracked |  0
|  35|0x0000000082300000, 0x0000000082400000, 0x0000000082400000|100%| O|  |TAMS 0x0000000082300000| PB 0x0000000082300000| Untracked |  0
|  36|0x0000000082400000, 0x0000000082500000, 0x0000000082500000|100%|HS|  |TAMS 0x0000000082400000| PB 0x0000000082400000| Complete |  0
|  37|0x0000000082500000, 0x0000000082600000, 0x0000000082600000|100%|HC|  |TAMS 0x0000000082500000| PB 0x0000000082500000| Complete |  0
|  38|0x0000000082600000, 0x0000000082700000, 0x0000000082700000|100%|HC|  |TAMS 0x0000000082600000| PB 0x0000000082600000| Complete |  0
|  39|0x0000000082700000, 0x0000000082800000, 0x0000000082800000|100%|HC|  |TAMS 0x0000000082700000| PB 0x0000000082700000| Complete |  0
|  40|0x0000000082800000, 0x0000000082900000, 0x0000000082900000|100%|HC|  |TAMS 0x0000000082800000| PB 0x0000000082800000| Complete |  0
|  41|0x0000000082900000, 0x0000000082a00000, 0x0000000082a00000|100%|HC|  |TAMS 0x0000000082900000| PB 0x0000000082900000| Complete |  0
|  42|0x0000000082a00000, 0x0000000082b00000, 0x0000000082b00000|100%|HS|  |TAMS 0x0000000082a00000| PB 0x0000000082a00000| Complete |  0
|  43|0x0000000082b00000, 0x0000000082c00000, 0x0000000082c00000|100%|HS|  |TAMS 0x0000000082b00000| PB 0x0000000082b00000| Complete |  0
|  44|0x0000000082c00000, 0x0000000082d00000, 0x0000000082d00000|100%| O|  |TAMS 0x0000000082c00000| PB 0x0000000082c00000| Untracked |  0
|  45|0x0000000082d00000, 0x0000000082e00000, 0x0000000082e00000|100%| O|  |TAMS 0x0000000082d00000| PB 0x0000000082d00000| Untracked |  0
|  46|0x0000000082e00000, 0x0000000082f00000, 0x0000000082f00000|100%| O|  |TAMS 0x0000000082e00000| PB 0x0000000082e00000| Untracked |  0
|  47|0x0000000082f00000, 0x0000000083000000, 0x0000000083000000|100%| O|  |TAMS 0x0000000082f00000| PB 0x0000000082f00000| Untracked |  0
|  48|0x0000000083000000, 0x0000000083100000, 0x0000000083100000|100%| O|  |TAMS 0x0000000083000000| PB 0x0000000083000000| Untracked |  0
|  49|0x0000000083100000, 0x0000000083200000, 0x0000000083200000|100%| O|  |TAMS 0x0000000083100000| PB 0x0000000083100000| Untracked |  0
|  50|0x0000000083200000, 0x0000000083300000, 0x0000000083300000|100%| O|  |TAMS 0x0000000083200000| PB 0x0000000083200000| Untracked |  0
|  51|0x0000000083300000, 0x0000000083400000, 0x0000000083400000|100%| O|  |TAMS 0x0000000083300000| PB 0x0000000083300000| Untracked |  0
|  52|0x0000000083400000, 0x0000000083500000, 0x0000000083500000|100%| O|  |TAMS 0x0000000083400000| PB 0x0000000083400000| Untracked |  0
|  53|0x0000000083500000, 0x0000000083600000, 0x0000000083600000|100%| O|  |TAMS 0x0000000083500000| PB 0x0000000083500000| Untracked |  0
|  54|0x0000000083600000, 0x0000000083700000, 0x0000000083700000|100%| O|  |TAMS 0x0000000083600000| PB 0x0000000083600000| Untracked |  0
|  55|0x0000000083700000, 0x0000000083800000, 0x0000000083800000|100%| O|  |TAMS 0x0000000083700000| PB 0x0000000083700000| Untracked |  0
|  56|0x0000000083800000, 0x0000000083900000, 0x0000000083900000|100%| O|  |TAMS 0x0000000083800000| PB 0x0000000083800000| Untracked |  0
|  57|0x0000000083900000, 0x0000000083a00000, 0x0000000083a00000|100%| O|  |TAMS 0x0000000083900000| PB 0x0000000083900000| Untracked |  0
|  58|0x0000000083a00000, 0x0000000083b00000, 0x0000000083b00000|100%| O|  |TAMS 0x0000000083a00000| PB 0x0000000083a00000| Untracked |  0
|  59|0x0000000083b00000, 0x0000000083c00000, 0x0000000083c00000|100%| O|  |TAMS 0x0000000083b00000| PB 0x0000000083b00000| Untracked |  0
|  60|0x0000000083c00000, 0x0000000083d00000, 0x0000000083d00000|100%| O|  |TAMS 0x0000000083c00000| PB 0x0000000083c00000| Untracked |  0
|  61|0x0000000083d00000, 0x0000000083e00000, 0x0000000083e00000|100%| O|  |TAMS 0x0000000083d00000| PB 0x0000000083d00000| Untracked |  0
|  62|0x0000000083e00000, 0x0000000083f00000, 0x0000000083f00000|100%| O|  |TAMS 0x0000000083e00000| PB 0x0000000083e00000| Untracked |  0
|  63|0x0000000083f00000, 0x0000000084000000, 0x0000000084000000|100%|HS|  |TAMS 0x0000000083f00000| PB 0x0000000083f00000| Complete |  0
|  64|0x0000000084000000, 0x0000000084100000, 0x0000000084100000|100%| O|  |TAMS 0x0000000084000000| PB 0x0000000084000000| Untracked |  0
|  65|0x0000000084100000, 0x0000000084200000, 0x0000000084200000|100%|HS|  |TAMS 0x0000000084100000| PB 0x0000000084100000| Complete |  0
|  66|0x0000000084200000, 0x0000000084300000, 0x0000000084300000|100%|HS|  |TAMS 0x0000000084200000| PB 0x0000000084200000| Complete |  0
|  67|0x0000000084300000, 0x0000000084400000, 0x0000000084400000|100%|HS|  |TAMS 0x0000000084300000| PB 0x0000000084300000| Complete |  0
|  68|0x0000000084400000, 0x0000000084500000, 0x0000000084500000|100%|HC|  |TAMS 0x0000000084400000| PB 0x0000000084400000| Complete |  0
|  69|0x0000000084500000, 0x0000000084600000, 0x0000000084600000|100%| O|  |TAMS 0x0000000084500000| PB 0x0000000084500000| Untracked |  0
|  70|0x0000000084600000, 0x0000000084700000, 0x0000000084700000|100%| O|  |TAMS 0x0000000084600000| PB 0x0000000084600000| Untracked |  0
|  71|0x0000000084700000, 0x0000000084800000, 0x0000000084800000|100%| O|  |TAMS 0x0000000084700000| PB 0x0000000084700000| Untracked |  0
|  72|0x0000000084800000, 0x0000000084900000, 0x0000000084900000|100%|HS|  |TAMS 0x0000000084800000| PB 0x0000000084800000| Complete |  0
|  73|0x0000000084900000, 0x0000000084a00000, 0x0000000084a00000|100%|HS|  |TAMS 0x0000000084900000| PB 0x0000000084900000| Complete |  0
|  74|0x0000000084a00000, 0x0000000084b00000, 0x0000000084b00000|100%|HS|  |TAMS 0x0000000084a00000| PB 0x0000000084a00000| Complete |  0
|  75|0x0000000084b00000, 0x0000000084c00000, 0x0000000084c00000|100%| O|  |TAMS 0x0000000084b00000| PB 0x0000000084b00000| Untracked |  0
|  76|0x0000000084c00000, 0x0000000084d00000, 0x0000000084d00000|100%|HS|  |TAMS 0x0000000084c00000| PB 0x0000000084c00000| Complete |  0
|  77|0x0000000084d00000, 0x0000000084e00000, 0x0000000084e00000|100%|HS|  |TAMS 0x0000000084d00000| PB 0x0000000084d00000| Complete |  0
|  78|0x0000000084e00000, 0x0000000084f00000, 0x0000000084f00000|100%| O|  |TAMS 0x0000000084e00000| PB 0x0000000084e00000| Untracked |  0
|  79|0x0000000084f00000, 0x0000000085000000, 0x0000000085000000|100%| O|  |TAMS 0x0000000084f00000| PB 0x0000000084f00000| Untracked |  0
|  80|0x0000000085000000, 0x0000000085100000, 0x0000000085100000|100%| O|  |TAMS 0x0000000085000000| PB 0x0000000085000000| Untracked |  0
|  81|0x0000000085100000, 0x0000000085200000, 0x0000000085200000|100%|HS|  |TAMS 0x0000000085100000| PB 0x0000000085100000| Complete |  0
|  82|0x0000000085200000, 0x0000000085300000, 0x0000000085300000|100%|HC|  |TAMS 0x0000000085200000| PB 0x0000000085200000| Complete |  0
|  83|0x0000000085300000, 0x0000000085400000, 0x0000000085400000|100%| O|  |TAMS 0x0000000085300000| PB 0x0000000085300000| Untracked |  0
|  84|0x0000000085400000, 0x0000000085500000, 0x0000000085500000|100%| O|  |TAMS 0x0000000085400000| PB 0x0000000085400000| Untracked |  0
|  85|0x0000000085500000, 0x0000000085600000, 0x0000000085600000|100%| O|  |TAMS 0x0000000085500000| PB 0x0000000085500000| Untracked |  0
|  86|0x0000000085600000, 0x0000000085700000, 0x0000000085700000|100%| O|  |TAMS 0x0000000085600000| PB 0x0000000085600000| Untracked |  0
|  87|0x0000000085700000, 0x0000000085800000, 0x0000000085800000|100%| O|  |TAMS 0x0000000085700000| PB 0x0000000085700000| Untracked |  0
|  88|0x0000000085800000, 0x0000000085900000, 0x0000000085900000|100%|HS|  |TAMS 0x0000000085800000| PB 0x0000000085800000| Complete |  0
|  89|0x0000000085900000, 0x0000000085a00000, 0x0000000085a00000|100%| O|  |TAMS 0x0000000085900000| PB 0x0000000085900000| Untracked |  0
|  90|0x0000000085a00000, 0x0000000085b00000, 0x0000000085b00000|100%| O|  |TAMS 0x0000000085a00000| PB 0x0000000085a00000| Untracked |  0
|  91|0x0000000085b00000, 0x0000000085c00000, 0x0000000085c00000|100%| O|  |TAMS 0x0000000085b00000| PB 0x0000000085b00000| Untracked |  0
|  92|0x0000000085c00000, 0x0000000085d00000, 0x0000000085d00000|100%| O|  |TAMS 0x0000000085c00000| PB 0x0000000085c00000| Untracked |  0
|  93|0x0000000085d00000, 0x0000000085e00000, 0x0000000085e00000|100%| O|  |TAMS 0x0000000085d00000| PB 0x0000000085d00000| Untracked |  0
|  94|0x0000000085e00000, 0x0000000085f00000, 0x0000000085f00000|100%| O|  |TAMS 0x0000000085e00000| PB 0x0000000085e00000| Untracked |  0
|  95|0x0000000085f00000, 0x0000000086000000, 0x0000000086000000|100%| O|  |TAMS 0x0000000085f00000| PB 0x0000000085f00000| Untracked |  0
|  96|0x0000000086000000, 0x0000000086100000, 0x0000000086100000|100%| O|  |TAMS 0x0000000086000000| PB 0x0000000086000000| Untracked |  0
|  97|0x0000000086100000, 0x0000000086200000, 0x0000000086200000|100%| O|  |TAMS 0x0000000086100000| PB 0x0000000086100000| Untracked |  0
|  98|0x0000000086200000, 0x0000000086300000, 0x0000000086300000|100%| O|  |TAMS 0x0000000086200000| PB 0x0000000086200000| Untracked |  0
|  99|0x0000000086300000, 0x0000000086400000, 0x0000000086400000|100%| O|  |TAMS 0x0000000086300000| PB 0x0000000086300000| Untracked |  0
| 100|0x0000000086400000, 0x0000000086500000, 0x0000000086500000|100%| O|  |TAMS 0x0000000086400000| PB 0x0000000086400000| Untracked |  0
| 101|0x0000000086500000, 0x0000000086600000, 0x0000000086600000|100%| O|  |TAMS 0x0000000086500000| PB 0x0000000086500000| Untracked |  0
| 102|0x0000000086600000, 0x0000000086700000, 0x0000000086700000|100%| O|  |TAMS 0x0000000086600000| PB 0x0000000086600000| Untracked |  0
| 103|0x0000000086700000, 0x0000000086800000, 0x0000000086800000|100%| O|  |TAMS 0x0000000086700000| PB 0x0000000086700000| Untracked |  0
| 104|0x0000000086800000, 0x0000000086900000, 0x0000000086900000|100%| O|  |TAMS 0x0000000086800000| PB 0x0000000086800000| Untracked |  0
| 105|0x0000000086900000, 0x0000000086a00000, 0x0000000086a00000|100%| O|  |TAMS 0x0000000086900000| PB 0x0000000086900000| Untracked |  0
| 106|0x0000000086a00000, 0x0000000086b00000, 0x0000000086b00000|100%| O|  |TAMS 0x0000000086a00000| PB 0x0000000086a00000| Untracked |  0
| 107|0x0000000086b00000, 0x0000000086c00000, 0x0000000086c00000|100%| O|  |TAMS 0x0000000086b00000| PB 0x0000000086b00000| Untracked |  0
| 108|0x0000000086c00000, 0x0000000086d00000, 0x0000000086d00000|100%| O|CS|TAMS 0x0000000086c00000| PB 0x0000000086c00000| Complete |  0
| 109|0x0000000086d00000, 0x0000000086e00000, 0x0000000086e00000|100%| O|  |TAMS 0x0000000086d00000| PB 0x0000000086d00000| Untracked |  0
| 110|0x0000000086e00000, 0x0000000086f00000, 0x0000000086f00000|100%| O|  |TAMS 0x0000000086e00000| PB 0x0000000086e00000| Untracked |  0
| 111|0x0000000086f00000, 0x0000000087000000, 0x0000000087000000|100%| O|  |TAMS 0x0000000086f00000| PB 0x0000000086f00000| Untracked |  0
| 112|0x0000000087000000, 0x0000000087100000, 0x0000000087100000|100%| O|  |TAMS 0x0000000087000000| PB 0x0000000087000000| Untracked |  0
| 113|0x0000000087100000, 0x0000000087200000, 0x0000000087200000|100%| O|  |TAMS 0x0000000087100000| PB 0x0000000087100000| Untracked |  0
| 114|0x0000000087200000, 0x0000000087300000, 0x0000000087300000|100%| O|  |TAMS 0x0000000087200000| PB 0x0000000087200000| Untracked |  0
| 115|0x0000000087300000, 0x0000000087400000, 0x0000000087400000|100%| O|CS|TAMS 0x0000000087300000| PB 0x0000000087300000| Complete |  0
| 116|0x0000000087400000, 0x0000000087500000, 0x0000000087500000|100%| O|  |TAMS 0x0000000087400000| PB 0x0000000087400000| Untracked |  0
| 117|0x0000000087500000, 0x00000000875f1ad0, 0x0000000087600000| 94%| O|  |TAMS 0x0000000087500000| PB 0x0000000087500000| Untracked |  0
| 118|0x0000000087600000, 0x0000000087600000, 0x0000000087700000|  0%| F|  |TAMS 0x0000000087600000| PB 0x0000000087600000| Untracked |  0
| 119|0x0000000087700000, 0x0000000087800000, 0x0000000087800000|100%| O|  |TAMS 0x0000000087700000| PB 0x0000000087700000| Untracked |  0
| 120|0x0000000087800000, 0x0000000087900000, 0x0000000087900000|100%| O|  |TAMS 0x0000000087800000| PB 0x0000000087800000| Untracked |  0
| 121|0x0000000087900000, 0x0000000087a00000, 0x0000000087a00000|100%| O|  |TAMS 0x0000000087900000| PB 0x0000000087900000| Untracked |  0
| 122|0x0000000087a00000, 0x0000000087b00000, 0x0000000087b00000|100%| O|  |TAMS 0x0000000087a00000| PB 0x0000000087a00000| Untracked |  0
| 123|0x0000000087b00000, 0x0000000087b00000, 0x0000000087c00000|  0%| F|  |TAMS 0x0000000087b00000| PB 0x0000000087b00000| Untracked |  0
| 124|0x0000000087c00000, 0x0000000087c00000, 0x0000000087d00000|  0%| F|  |TAMS 0x0000000087c00000| PB 0x0000000087c00000| Untracked |  0
| 125|0x0000000087d00000, 0x0000000087e00000, 0x0000000087e00000|100%| S|  |TAMS 0x0000000087d00000| PB 0x0000000087d00000| Complete |  0
| 126|0x0000000087e00000, 0x0000000087f00000, 0x0000000087f00000|100%| S|  |TAMS 0x0000000087e00000| PB 0x0000000087e00000| Complete |  0
| 127|0x0000000087f00000, 0x0000000088000000, 0x0000000088000000|100%| S|  |TAMS 0x0000000087f00000| PB 0x0000000087f00000| Complete |  0
| 128|0x0000000088000000, 0x0000000088100000, 0x0000000088100000|100%| S|  |TAMS 0x0000000088000000| PB 0x0000000088000000| Complete |  0
| 129|0x0000000088100000, 0x0000000088200000, 0x0000000088200000|100%| S|  |TAMS 0x0000000088100000| PB 0x0000000088100000| Complete |  0
| 130|0x0000000088200000, 0x0000000088300000, 0x0000000088300000|100%| S|  |TAMS 0x0000000088200000| PB 0x0000000088200000| Complete |  0
| 131|0x0000000088300000, 0x0000000088400000, 0x0000000088400000|100%| S|  |TAMS 0x0000000088300000| PB 0x0000000088300000| Complete |  0
| 132|0x0000000088400000, 0x0000000088500000, 0x0000000088500000|100%| S|  |TAMS 0x0000000088400000| PB 0x0000000088400000| Complete |  0
| 133|0x0000000088500000, 0x0000000088600000, 0x0000000088600000|100%| S|  |TAMS 0x0000000088500000| PB 0x0000000088500000| Complete |  0
| 134|0x0000000088600000, 0x0000000088700000, 0x0000000088700000|100%| S|  |TAMS 0x0000000088600000| PB 0x0000000088600000| Complete |  0
| 135|0x0000000088700000, 0x0000000088800000, 0x0000000088800000|100%| S|  |TAMS 0x0000000088700000| PB 0x0000000088700000| Complete |  0
| 136|0x0000000088800000, 0x0000000088900000, 0x0000000088900000|100%| E|CS|TAMS 0x0000000088800000| PB 0x0000000088800000| Complete |  0
| 137|0x0000000088900000, 0x0000000088a00000, 0x0000000088a00000|100%| E|CS|TAMS 0x0000000088900000| PB 0x0000000088900000| Complete |  0
| 138|0x0000000088a00000, 0x0000000088b00000, 0x0000000088b00000|100%| E|CS|TAMS 0x0000000088a00000| PB 0x0000000088a00000| Complete |  0
| 139|0x0000000088b00000, 0x0000000088c00000, 0x0000000088c00000|100%| E|CS|TAMS 0x0000000088b00000| PB 0x0000000088b00000| Complete |  0
| 140|0x0000000088c00000, 0x0000000088d00000, 0x0000000088d00000|100%| E|CS|TAMS 0x0000000088c00000| PB 0x0000000088c00000| Complete |  0
| 141|0x0000000088d00000, 0x0000000088e00000, 0x0000000088e00000|100%| E|CS|TAMS 0x0000000088d00000| PB 0x0000000088d00000| Complete |  0
| 142|0x0000000088e00000, 0x0000000088f00000, 0x0000000088f00000|100%| E|CS|TAMS 0x0000000088e00000| PB 0x0000000088e00000| Complete |  0
| 143|0x0000000088f00000, 0x0000000089000000, 0x0000000089000000|100%| E|CS|TAMS 0x0000000088f00000| PB 0x0000000088f00000| Complete |  0
| 144|0x0000000089000000, 0x0000000089100000, 0x0000000089100000|100%| E|CS|TAMS 0x0000000089000000| PB 0x0000000089000000| Complete |  0
| 145|0x0000000089100000, 0x0000000089200000, 0x0000000089200000|100%| E|CS|TAMS 0x0000000089100000| PB 0x0000000089100000| Complete |  0
| 146|0x0000000089200000, 0x0000000089300000, 0x0000000089300000|100%| E|CS|TAMS 0x0000000089200000| PB 0x0000000089200000| Complete |  0
| 147|0x0000000089300000, 0x0000000089400000, 0x0000000089400000|100%| E|CS|TAMS 0x0000000089300000| PB 0x0000000089300000| Complete |  0
| 148|0x0000000089400000, 0x0000000089500000, 0x0000000089500000|100%| E|CS|TAMS 0x0000000089400000| PB 0x0000000089400000| Complete |  0
| 149|0x0000000089500000, 0x0000000089600000, 0x0000000089600000|100%| E|CS|TAMS 0x0000000089500000| PB 0x0000000089500000| Complete |  0
| 150|0x0000000089600000, 0x0000000089700000, 0x0000000089700000|100%| E|CS|TAMS 0x0000000089600000| PB 0x0000000089600000| Complete |  0
| 151|0x0000000089700000, 0x0000000089800000, 0x0000000089800000|100%| E|CS|TAMS 0x0000000089700000| PB 0x0000000089700000| Complete |  0
| 152|0x0000000089800000, 0x0000000089900000, 0x0000000089900000|100%| E|CS|TAMS 0x0000000089800000| PB 0x0000000089800000| Complete |  0
| 153|0x0000000089900000, 0x0000000089a00000, 0x0000000089a00000|100%| E|CS|TAMS 0x0000000089900000| PB 0x0000000089900000| Complete |  0
| 154|0x0000000089a00000, 0x0000000089b00000, 0x0000000089b00000|100%| E|CS|TAMS 0x0000000089a00000| PB 0x0000000089a00000| Complete |  0
| 155|0x0000000089b00000, 0x0000000089c00000, 0x0000000089c00000|100%| E|CS|TAMS 0x0000000089b00000| PB 0x0000000089b00000| Complete |  0
| 156|0x0000000089c00000, 0x0000000089d00000, 0x0000000089d00000|100%| E|CS|TAMS 0x0000000089c00000| PB 0x0000000089c00000| Complete |  0
| 157|0x0000000089d00000, 0x0000000089e00000, 0x0000000089e00000|100%| E|CS|TAMS 0x0000000089d00000| PB 0x0000000089d00000| Complete |  0
| 158|0x0000000089e00000, 0x0000000089f00000, 0x0000000089f00000|100%| E|CS|TAMS 0x0000000089e00000| PB 0x0000000089e00000| Complete |  0
| 159|0x0000000089f00000, 0x000000008a000000, 0x000000008a000000|100%| E|CS|TAMS 0x0000000089f00000| PB 0x0000000089f00000| Complete |  0
| 160|0x000000008a000000, 0x000000008a100000, 0x000000008a100000|100%| E|CS|TAMS 0x000000008a000000| PB 0x000000008a000000| Complete |  0
| 161|0x000000008a100000, 0x000000008a200000, 0x000000008a200000|100%| E|CS|TAMS 0x000000008a100000| PB 0x000000008a100000| Complete |  0
| 162|0x000000008a200000, 0x000000008a300000, 0x000000008a300000|100%| E|CS|TAMS 0x000000008a200000| PB 0x000000008a200000| Complete |  0
| 163|0x000000008a300000, 0x000000008a400000, 0x000000008a400000|100%| E|CS|TAMS 0x000000008a300000| PB 0x000000008a300000| Complete |  0
| 164|0x000000008a400000, 0x000000008a500000, 0x000000008a500000|100%| E|CS|TAMS 0x000000008a400000| PB 0x000000008a400000| Complete |  0
| 165|0x000000008a500000, 0x000000008a600000, 0x000000008a600000|100%| E|CS|TAMS 0x000000008a500000| PB 0x000000008a500000| Complete |  0
| 166|0x000000008a600000, 0x000000008a700000, 0x000000008a700000|100%| E|CS|TAMS 0x000000008a600000| PB 0x000000008a600000| Complete |  0
| 167|0x000000008a700000, 0x000000008a800000, 0x000000008a800000|100%| E|CS|TAMS 0x000000008a700000| PB 0x000000008a700000| Complete |  0
| 168|0x000000008a800000, 0x000000008a900000, 0x000000008a900000|100%| E|CS|TAMS 0x000000008a800000| PB 0x000000008a800000| Complete |  0
| 169|0x000000008a900000, 0x000000008aa00000, 0x000000008aa00000|100%| E|CS|TAMS 0x000000008a900000| PB 0x000000008a900000| Complete |  0
| 170|0x000000008aa00000, 0x000000008ab00000, 0x000000008ab00000|100%| E|CS|TAMS 0x000000008aa00000| PB 0x000000008aa00000| Complete |  0
| 171|0x000000008ab00000, 0x000000008ac00000, 0x000000008ac00000|100%| E|CS|TAMS 0x000000008ab00000| PB 0x000000008ab00000| Complete |  0
| 172|0x000000008ac00000, 0x000000008ad00000, 0x000000008ad00000|100%| E|CS|TAMS 0x000000008ac00000| PB 0x000000008ac00000| Complete |  0
| 173|0x000000008ad00000, 0x000000008ae00000, 0x000000008ae00000|100%| E|CS|TAMS 0x000000008ad00000| PB 0x000000008ad00000| Complete |  0
| 174|0x000000008ae00000, 0x000000008af00000, 0x000000008af00000|100%| E|CS|TAMS 0x000000008ae00000| PB 0x000000008ae00000| Complete |  0
| 175|0x000000008af00000, 0x000000008b000000, 0x000000008b000000|100%| E|CS|TAMS 0x000000008af00000| PB 0x000000008af00000| Complete |  0
| 176|0x000000008b000000, 0x000000008b100000, 0x000000008b100000|100%| E|CS|TAMS 0x000000008b000000| PB 0x000000008b000000| Complete |  0
| 177|0x000000008b100000, 0x000000008b200000, 0x000000008b200000|100%| E|CS|TAMS 0x000000008b100000| PB 0x000000008b100000| Complete |  0
| 178|0x000000008b200000, 0x000000008b300000, 0x000000008b300000|100%| E|CS|TAMS 0x000000008b200000| PB 0x000000008b200000| Complete |  0
| 179|0x000000008b300000, 0x000000008b400000, 0x000000008b400000|100%| E|CS|TAMS 0x000000008b300000| PB 0x000000008b300000| Complete |  0
| 180|0x000000008b400000, 0x000000008b500000, 0x000000008b500000|100%| E|CS|TAMS 0x000000008b400000| PB 0x000000008b400000| Complete |  0
| 181|0x000000008b500000, 0x000000008b600000, 0x000000008b600000|100%| E|CS|TAMS 0x000000008b500000| PB 0x000000008b500000| Complete |  0
| 182|0x000000008b600000, 0x000000008b700000, 0x000000008b700000|100%| E|CS|TAMS 0x000000008b600000| PB 0x000000008b600000| Complete |  0
| 183|0x000000008b700000, 0x000000008b800000, 0x000000008b800000|100%| E|CS|TAMS 0x000000008b700000| PB 0x000000008b700000| Complete |  0
| 184|0x000000008b800000, 0x000000008b900000, 0x000000008b900000|100%| E|CS|TAMS 0x000000008b800000| PB 0x000000008b800000| Complete |  0
| 185|0x000000008b900000, 0x000000008ba00000, 0x000000008ba00000|100%| E|CS|TAMS 0x000000008b900000| PB 0x000000008b900000| Complete |  0
| 186|0x000000008ba00000, 0x000000008bb00000, 0x000000008bb00000|100%| E|CS|TAMS 0x000000008ba00000| PB 0x000000008ba00000| Complete |  0
| 187|0x000000008bb00000, 0x000000008bc00000, 0x000000008bc00000|100%| E|CS|TAMS 0x000000008bb00000| PB 0x000000008bb00000| Complete |  0
| 188|0x000000008bc00000, 0x000000008bd00000, 0x000000008bd00000|100%| E|CS|TAMS 0x000000008bc00000| PB 0x000000008bc00000| Complete |  0
| 189|0x000000008bd00000, 0x000000008be00000, 0x000000008be00000|100%| E|CS|TAMS 0x000000008bd00000| PB 0x000000008bd00000| Complete |  0
| 190|0x000000008be00000, 0x000000008bf00000, 0x000000008bf00000|100%| E|CS|TAMS 0x000000008be00000| PB 0x000000008be00000| Complete |  0
| 191|0x000000008bf00000, 0x000000008c000000, 0x000000008c000000|100%| E|CS|TAMS 0x000000008bf00000| PB 0x000000008bf00000| Complete |  0
| 192|0x000000008c000000, 0x000000008c100000, 0x000000008c100000|100%| E|CS|TAMS 0x000000008c000000| PB 0x000000008c000000| Complete |  0
| 193|0x000000008c100000, 0x000000008c200000, 0x000000008c200000|100%| E|CS|TAMS 0x000000008c100000| PB 0x000000008c100000| Complete |  0
| 194|0x000000008c200000, 0x000000008c300000, 0x000000008c300000|100%| E|CS|TAMS 0x000000008c200000| PB 0x000000008c200000| Complete |  0
| 195|0x000000008c300000, 0x000000008c400000, 0x000000008c400000|100%| E|CS|TAMS 0x000000008c300000| PB 0x000000008c300000| Complete |  0
| 196|0x000000008c400000, 0x000000008c500000, 0x000000008c500000|100%| E|CS|TAMS 0x000000008c400000| PB 0x000000008c400000| Complete |  0
| 197|0x000000008c500000, 0x000000008c600000, 0x000000008c600000|100%| E|CS|TAMS 0x000000008c500000| PB 0x000000008c500000| Complete |  0
| 198|0x000000008c600000, 0x000000008c700000, 0x000000008c700000|100%| E|CS|TAMS 0x000000008c600000| PB 0x000000008c600000| Complete |  0
| 199|0x000000008c700000, 0x000000008c800000, 0x000000008c800000|100%| E|CS|TAMS 0x000000008c700000| PB 0x000000008c700000| Complete |  0
| 200|0x000000008c800000, 0x000000008c900000, 0x000000008c900000|100%| E|CS|TAMS 0x000000008c800000| PB 0x000000008c800000| Complete |  0
| 201|0x000000008c900000, 0x000000008ca00000, 0x000000008ca00000|100%| E|CS|TAMS 0x000000008c900000| PB 0x000000008c900000| Complete |  0
| 202|0x000000008ca00000, 0x000000008cb00000, 0x000000008cb00000|100%| E|CS|TAMS 0x000000008ca00000| PB 0x000000008ca00000| Complete |  0
| 203|0x000000008cb00000, 0x000000008cc00000, 0x000000008cc00000|100%| E|CS|TAMS 0x000000008cb00000| PB 0x000000008cb00000| Complete |  0
| 204|0x000000008cc00000, 0x000000008cd00000, 0x000000008cd00000|100%| E|CS|TAMS 0x000000008cc00000| PB 0x000000008cc00000| Complete |  0
| 205|0x000000008cd00000, 0x000000008ce00000, 0x000000008ce00000|100%| E|CS|TAMS 0x000000008cd00000| PB 0x000000008cd00000| Complete |  0
| 206|0x000000008ce00000, 0x000000008cf00000, 0x000000008cf00000|100%| E|CS|TAMS 0x000000008ce00000| PB 0x000000008ce00000| Complete |  0
| 207|0x000000008cf00000, 0x000000008d000000, 0x000000008d000000|100%| E|CS|TAMS 0x000000008cf00000| PB 0x000000008cf00000| Complete |  0
| 208|0x000000008d000000, 0x000000008d100000, 0x000000008d100000|100%| E|CS|TAMS 0x000000008d000000| PB 0x000000008d000000| Complete |  0
| 209|0x000000008d100000, 0x000000008d200000, 0x000000008d200000|100%| E|CS|TAMS 0x000000008d100000| PB 0x000000008d100000| Complete |  0
| 210|0x000000008d200000, 0x000000008d300000, 0x000000008d300000|100%| E|CS|TAMS 0x000000008d200000| PB 0x000000008d200000| Complete |  0
| 211|0x000000008d300000, 0x000000008d400000, 0x000000008d400000|100%| E|CS|TAMS 0x000000008d300000| PB 0x000000008d300000| Complete |  0
| 212|0x000000008d400000, 0x000000008d500000, 0x000000008d500000|100%| E|CS|TAMS 0x000000008d400000| PB 0x000000008d400000| Complete |  0
| 213|0x000000008d500000, 0x000000008d600000, 0x000000008d600000|100%| E|CS|TAMS 0x000000008d500000| PB 0x000000008d500000| Complete |  0
| 214|0x000000008d600000, 0x000000008d700000, 0x000000008d700000|100%| E|CS|TAMS 0x000000008d600000| PB 0x000000008d600000| Complete |  0
| 215|0x000000008d700000, 0x000000008d800000, 0x000000008d800000|100%| E|CS|TAMS 0x000000008d700000| PB 0x000000008d700000| Complete |  0
| 216|0x000000008d800000, 0x000000008d900000, 0x000000008d900000|100%| E|CS|TAMS 0x000000008d800000| PB 0x000000008d800000| Complete |  0
| 217|0x000000008d900000, 0x000000008da00000, 0x000000008da00000|100%| E|CS|TAMS 0x000000008d900000| PB 0x000000008d900000| Complete |  0
|2036|0x00000000ff400000, 0x00000000ff500000, 0x00000000ff500000|100%| E|CS|TAMS 0x00000000ff400000| PB 0x00000000ff400000| Complete |  0
|2037|0x00000000ff500000, 0x00000000ff600000, 0x00000000ff600000|100%| O|  |TAMS 0x00000000ff500000| PB 0x00000000ff500000| Untracked |  0
|2038|0x00000000ff600000, 0x00000000ff700000, 0x00000000ff700000|100%| O|  |TAMS 0x00000000ff600000| PB 0x00000000ff600000| Untracked |  0
|2039|0x00000000ff700000, 0x00000000ff800000, 0x00000000ff800000|100%| O|  |TAMS 0x00000000ff700000| PB 0x00000000ff700000| Untracked |  0
|2040|0x00000000ff800000, 0x00000000ff900000, 0x00000000ff900000|100%| E|CS|TAMS 0x00000000ff800000| PB 0x00000000ff800000| Complete |  0
|2041|0x00000000ff900000, 0x00000000ffa00000, 0x00000000ffa00000|100%| O|  |TAMS 0x00000000ff900000| PB 0x00000000ff900000| Untracked |  0
|2042|0x00000000ffa00000, 0x00000000ffb00000, 0x00000000ffb00000|100%| O|  |TAMS 0x00000000ffa00000| PB 0x00000000ffa00000| Untracked |  0
|2043|0x00000000ffb00000, 0x00000000ffc00000, 0x00000000ffc00000|100%| O|  |TAMS 0x00000000ffb00000| PB 0x00000000ffb00000| Untracked |  0
|2044|0x00000000ffc00000, 0x00000000ffd00000, 0x00000000ffd00000|100%| O|  |TAMS 0x00000000ffc00000| PB 0x00000000ffc00000| Untracked |  0
|2045|0x00000000ffd00000, 0x00000000ffe00000, 0x00000000ffe00000|100%| O|  |TAMS 0x00000000ffd00000| PB 0x00000000ffd00000| Untracked |  0
|2046|0x00000000ffe00000, 0x00000000fff00000, 0x00000000fff00000|100%| O|  |TAMS 0x00000000ffe00000| PB 0x00000000ffe00000| Untracked |  0
|2047|0x00000000fff00000, 0x0000000100000000, 0x0000000100000000|100%| O|  |TAMS 0x00000000fff00000| PB 0x00000000fff00000| Untracked |  0

Card table byte_map: [0x000001c0fbbf0000,0x000001c0fbff0000] _byte_map_base: 0x000001c0fb7f0000

Marking Bits: (CMBitMap*) 0x000001c0e9333160
 Bits: [0x000001c0fbff0000, 0x000001c0fdff0000)

Polling page: 0x000001c0e7070000

Metaspace:
Metaspace        used 123855K, committed 126080K, reserved 1179648K
 class space     used 17980K, committed 19008K, reserved 1048576K

Usage:
  Non-class:    103.39 MB used.
      Class:     17.56 MB used.
       Both:    120.95 MB used.

Virtual space:
  Non-class space:      128.00 MB reserved,     104.56 MB ( 82%) committed,  2 nodes.
      Class space:        1.00 GB reserved,      18.56 MB (  2%) committed,  1 nodes.
             Both:        1.12 GB reserved,     123.12 MB ( 11%) committed. 

Chunk freelists:
   Non-Class:  7.42 MB
       Class:  13.44 MB
        Both:  20.86 MB

MaxMetaspaceSize: unlimited
CompressedClassSpaceSize: 1.00 GB
Initial GC threshold: 21.00 MB
Current GC threshold: 201.56 MB
CDS: off
 - commit_granule_bytes: 65536.
 - commit_granule_words: 8192.
 - virtual_space_node_default_size: 8388608.
 - enlarge_chunks_in_place: 1.
UseCompressedClassPointers 1, UseCompactObjectHeaders 0
Narrow klass pointer bits 32, Max shift 3
Narrow klass base: 0x0000000000000000, Narrow klass shift: 0
Encoding Range: [0x0000000000000000 - 0x0000000100000000), (4294967296 bytes)
Klass Range:    [0x0000000035000000 - 0x0000000075000000), (1073741824 bytes)
Klass ID Range:  [889192448 - 1962934265) (1073741817)
No protection zone.


Internal statistics:

num_allocs_failed_limit: 6.
num_arena_births: 4346.
num_arena_deaths: 0.
num_vsnodes_births: 3.
num_vsnodes_deaths: 0.
num_space_committed: 1969.
num_space_uncommitted: 0.
num_chunks_returned_to_freelist: 6.
num_chunks_taken_from_freelist: 9457.
num_chunk_merges: 3.
num_chunk_splits: 6320.
num_chunks_enlarged: 4148.
num_inconsistent_stats: 0.

CodeHeap 'non-profiled nmethods': size=120064Kb used=5530Kb max_used=5530Kb free=114533Kb
 bounds [0x000001c0f42b0000, 0x000001c0f4820000, 0x000001c0fb7f0000]
CodeHeap 'profiled nmethods': size=120064Kb used=16554Kb max_used=16554Kb free=103510Kb
 bounds [0x000001c0ec7d0000, 0x000001c0ed800000, 0x000001c0f3d10000]
CodeHeap 'non-nmethods': size=5760Kb used=2125Kb max_used=2214Kb free=3635Kb
 bounds [0x000001c0f3d10000, 0x000001c0f3f80000, 0x000001c0f42b0000]
CodeCache: size=245888Kb, used=24209Kb, max_used=24298Kb, free=221678Kb
 total_blobs=12598, nmethods=11625, adapters=876, full_count=0
Compilation: enabled, stopped_count=0, restarted_count=0

Compilation events (20 events):
Event: 123.297 Thread 0x000001c08063d440 13680       3       kotlin.sequences.SequenceBuilderIterator::hasNext (125 bytes)
Event: 123.298 Thread 0x000001c08063d440 nmethod 13680 0x000001c0ed7f6308 code [0x000001c0ed7f6400, 0x000001c0ed7f7220]
Event: 123.298 Thread 0x000001c08063d440 13681       3       kotlin.sequences.SequenceBuilderIterator::next (82 bytes)
Event: 123.299 Thread 0x000001c08063d440 nmethod 13681 0x000001c0ed7f7288 code [0x000001c0ed7f7380, 0x000001c0ed7f7dd0]
Event: 123.299 Thread 0x000001c08063d440 13682       3       com.android.tools.idea.gradle.project.sync.VariantSelectionKt$$Lambda/0x0000000036283298::invoke (8 bytes)
Event: 123.300 Thread 0x000001c08063d440 nmethod 13682 0x000001c0ed7f7e08 code [0x000001c0ed7f7f00, 0x000001c0ed7f8670]
Event: 123.322 Thread 0x000001c08063d440 13683       1       com.google.common.cache.LocalCache$WeakEntry::getValueReference (5 bytes)
Event: 123.322 Thread 0x000001c08063d440 nmethod 13683 0x000001c0f4816508 code [0x000001c0f4816600, 0x000001c0f48166c8]
Event: 123.324 Thread 0x000001c08063d440 13684       3       com.google.common.collect.FluentIterable::from (24 bytes)
Event: 123.325 Thread 0x000001c08063d440 nmethod 13684 0x000001c0ed7f8708 code [0x000001c0ed7f8800, 0x000001c0ed7f9060]
Event: 123.332 Thread 0x000001c08063d440 13685   !   3       org.gradle.api.internal.plugins.DefaultPluginRegistry::uncheckedGet (17 bytes)
Event: 123.333 Thread 0x000001c08063d440 nmethod 13685 0x000001c0ed7f9088 code [0x000001c0ed7f9180, 0x000001c0ed7f9520]
Event: 123.334 Thread 0x000001c08063d440 13686       3       org.gradle.api.internal.plugins.ClassloaderBackedPluginDescriptorLocator::findPluginDescriptor (47 bytes)
Event: 123.335 Thread 0x000001c08063d440 nmethod 13686 0x000001c0ed7f9588 code [0x000001c0ed7f9680, 0x000001c0ed7fa0f8]
Event: 123.337 Thread 0x000001c08063d440 13687       3       org.gradle.api.internal.plugins.ClassloaderBackedPluginDescriptorLocator::<init> (10 bytes)
Event: 123.338 Thread 0x000001c08063d440 nmethod 13687 0x000001c0ed7fa188 code [0x000001c0ed7fa280, 0x000001c0ed7fa430]
Event: 123.339 Thread 0x000001c08063d440 13688       3       org.gradle.api.internal.plugins.DefaultPluginRegistry$1::load (9 bytes)
Event: 123.339 Thread 0x000001c08063d440 nmethod 13688 0x000001c0ed7fa488 code [0x000001c0ed7fa580, 0x000001c0ed7fa790]
Event: 123.354 Thread 0x000001c08063d440 13689       1       org.gradle.api.internal.project.DefaultProject::getTasks (5 bytes)
Event: 123.354 Thread 0x000001c08063d440 nmethod 13689 0x000001c0f4816808 code [0x000001c0f4816900, 0x000001c0f48169c8]

GC Heap Usage History (20 events):
Event: 109.862 {heap After GC invocations=41 (full 0):
 garbage-first heap   total reserved 2097152K, committed 184320K, used 111039K [0x0000000080000000, 0x0000000100000000)
  region size 1024K, 4 young (4096K), 4 survivors (4096K)
}
Event: 111.647 {heap Before GC invocations=41 (full 0):
 garbage-first heap   total reserved 2097152K, committed 184320K, used 159167K [0x0000000080000000, 0x0000000100000000)
  region size 1024K, 51 young (52224K), 4 survivors (4096K)
}
Event: 111.664 {heap After GC invocations=42 (full 0):
 garbage-first heap   total reserved 2097152K, committed 184320K, used 111942K [0x0000000080000000, 0x0000000100000000)
  region size 1024K, 5 young (5120K), 5 survivors (5120K)
}
Event: 112.918 {heap Before GC invocations=42 (full 0):
 garbage-first heap   total reserved 2097152K, committed 184320K, used 162118K [0x0000000080000000, 0x0000000100000000)
  region size 1024K, 54 young (55296K), 5 survivors (5120K)
}
Event: 112.932 {heap After GC invocations=43 (full 0):
 garbage-first heap   total reserved 2097152K, committed 184320K, used 114496K [0x0000000080000000, 0x0000000100000000)
  region size 1024K, 6 young (6144K), 6 survivors (6144K)
}
Event: 114.152 {heap Before GC invocations=44 (full 0):
 garbage-first heap   total reserved 2097152K, committed 191488K, used 162624K [0x0000000080000000, 0x0000000100000000)
  region size 1024K, 55 young (56320K), 6 survivors (6144K)
}
Event: 114.168 {heap After GC invocations=45 (full 0):
 garbage-first heap   total reserved 2097152K, committed 191488K, used 117290K [0x0000000080000000, 0x0000000100000000)
  region size 1024K, 6 young (6144K), 6 survivors (6144K)
}
Event: 115.159 {heap Before GC invocations=45 (full 0):
 garbage-first heap   total reserved 2097152K, committed 191488K, used 170538K [0x0000000080000000, 0x0000000100000000)
  region size 1024K, 59 young (60416K), 6 survivors (6144K)
}
Event: 115.178 {heap After GC invocations=46 (full 0):
 garbage-first heap   total reserved 2097152K, committed 191488K, used 121582K [0x0000000080000000, 0x0000000100000000)
  region size 1024K, 8 young (8192K), 8 survivors (8192K)
}
Event: 115.929 {heap Before GC invocations=46 (full 0):
 garbage-first heap   total reserved 2097152K, committed 191488K, used 173806K [0x0000000080000000, 0x0000000100000000)
  region size 1024K, 59 young (60416K), 8 survivors (8192K)
}
Event: 115.946 {heap After GC invocations=47 (full 0):
 garbage-first heap   total reserved 2097152K, committed 191488K, used 126853K [0x0000000080000000, 0x0000000100000000)
  region size 1024K, 6 young (6144K), 6 survivors (6144K)
}
Event: 117.092 {heap Before GC invocations=48 (full 0):
 garbage-first heap   total reserved 2097152K, committed 214016K, used 176005K [0x0000000080000000, 0x0000000100000000)
  region size 1024K, 53 young (54272K), 6 survivors (6144K)
}
Event: 117.103 {heap After GC invocations=49 (full 0):
 garbage-first heap   total reserved 2097152K, committed 214016K, used 129374K [0x0000000080000000, 0x0000000100000000)
  region size 1024K, 3 young (3072K), 3 survivors (3072K)
}
Event: 118.673 {heap Before GC invocations=49 (full 0):
 garbage-first heap   total reserved 2097152K, committed 214016K, used 189790K [0x0000000080000000, 0x0000000100000000)
  region size 1024K, 62 young (63488K), 3 survivors (3072K)
}
Event: 118.687 {heap After GC invocations=50 (full 0):
 garbage-first heap   total reserved 2097152K, committed 214016K, used 131557K [0x0000000080000000, 0x0000000100000000)
  region size 1024K, 5 young (5120K), 5 survivors (5120K)
}
Event: 119.839 {heap Before GC invocations=50 (full 0):
 garbage-first heap   total reserved 2097152K, committed 214016K, used 182757K [0x0000000080000000, 0x0000000100000000)
  region size 1024K, 57 young (58368K), 5 survivors (5120K)
}
Event: 119.853 {heap After GC invocations=51 (full 0):
 garbage-first heap   total reserved 2097152K, committed 214016K, used 135018K [0x0000000080000000, 0x0000000100000000)
  region size 1024K, 9 young (9216K), 9 survivors (9216K)
}
Event: 121.471 {heap Before GC invocations=52 (full 0):
 garbage-first heap   total reserved 2097152K, committed 235520K, used 201578K [0x0000000080000000, 0x0000000100000000)
  region size 1024K, 69 young (70656K), 9 survivors (9216K)
}
Event: 121.496 {heap After GC invocations=53 (full 0):
 garbage-first heap   total reserved 2097152K, committed 235520K, used 140163K [0x0000000080000000, 0x0000000100000000)
  region size 1024K, 9 young (9216K), 9 survivors (9216K)
}
Event: 123.358 {heap Before GC invocations=53 (full 0):
 garbage-first heap   total reserved 2097152K, committed 235520K, used 215939K [0x0000000080000000, 0x0000000100000000)
  region size 1024K, 84 young (86016K), 9 survivors (9216K)
}

Metaspace Usage History (20 events):
Event: 109.862 {metaspace After GC invocations=41 (full 0):
 Metaspace       used 94916K, committed 96960K, reserved 1179648K
  class space    used 13947K, committed 14912K, reserved 1048576K
}
Event: 111.647 {metaspace Before GC invocations=41 (full 0):
 Metaspace       used 98248K, committed 100288K, reserved 1179648K
  class space    used 14561K, committed 15552K, reserved 1048576K
}
Event: 111.664 {metaspace After GC invocations=42 (full 0):
 Metaspace       used 98248K, committed 100288K, reserved 1179648K
  class space    used 14561K, committed 15552K, reserved 1048576K
}
Event: 112.918 {metaspace Before GC invocations=42 (full 0):
 Metaspace       used 102192K, committed 104384K, reserved 1179648K
  class space    used 15143K, committed 16192K, reserved 1048576K
}
Event: 112.932 {metaspace After GC invocations=43 (full 0):
 Metaspace       used 102192K, committed 104384K, reserved 1179648K
  class space    used 15143K, committed 16192K, reserved 1048576K
}
Event: 114.152 {metaspace Before GC invocations=44 (full 0):
 Metaspace       used 106567K, committed 108736K, reserved 1179648K
  class space    used 15795K, committed 16832K, reserved 1048576K
}
Event: 114.168 {metaspace After GC invocations=45 (full 0):
 Metaspace       used 106567K, committed 108736K, reserved 1179648K
  class space    used 15795K, committed 16832K, reserved 1048576K
}
Event: 115.159 {metaspace Before GC invocations=45 (full 0):
 Metaspace       used 106568K, committed 108736K, reserved 1179648K
  class space    used 15795K, committed 16832K, reserved 1048576K
}
Event: 115.178 {metaspace After GC invocations=46 (full 0):
 Metaspace       used 106568K, committed 108736K, reserved 1179648K
  class space    used 15795K, committed 16832K, reserved 1048576K
}
Event: 115.929 {metaspace Before GC invocations=46 (full 0):
 Metaspace       used 106568K, committed 108736K, reserved 1179648K
  class space    used 15795K, committed 16832K, reserved 1048576K
}
Event: 115.946 {metaspace After GC invocations=47 (full 0):
 Metaspace       used 106568K, committed 108736K, reserved 1179648K
  class space    used 15795K, committed 16832K, reserved 1048576K
}
Event: 117.092 {metaspace Before GC invocations=48 (full 0):
 Metaspace       used 109633K, committed 111808K, reserved 1179648K
  class space    used 16116K, committed 17152K, reserved 1048576K
}
Event: 117.103 {metaspace After GC invocations=49 (full 0):
 Metaspace       used 109633K, committed 111808K, reserved 1179648K
  class space    used 16116K, committed 17152K, reserved 1048576K
}
Event: 118.673 {metaspace Before GC invocations=49 (full 0):
 Metaspace       used 115414K, committed 117568K, reserved 1179648K
  class space    used 17011K, committed 18048K, reserved 1048576K
}
Event: 118.687 {metaspace After GC invocations=50 (full 0):
 Metaspace       used 115414K, committed 117568K, reserved 1179648K
  class space    used 17011K, committed 18048K, reserved 1048576K
}
Event: 119.839 {metaspace Before GC invocations=50 (full 0):
 Metaspace       used 119883K, committed 122048K, reserved 1179648K
  class space    used 17568K, committed 18560K, reserved 1048576K
}
Event: 119.853 {metaspace After GC invocations=51 (full 0):
 Metaspace       used 119883K, committed 122048K, reserved 1179648K
  class space    used 17568K, committed 18560K, reserved 1048576K
}
Event: 121.471 {metaspace Before GC invocations=52 (full 0):
 Metaspace       used 122450K, committed 124608K, reserved 1179648K
  class space    used 17808K, committed 18816K, reserved 1048576K
}
Event: 121.496 {metaspace After GC invocations=53 (full 0):
 Metaspace       used 122450K, committed 124608K, reserved 1179648K
  class space    used 17808K, committed 18816K, reserved 1048576K
}
Event: 123.358 {metaspace Before GC invocations=53 (full 0):
 Metaspace       used 123855K, committed 126080K, reserved 1179648K
  class space    used 17980K, committed 19008K, reserved 1048576K
}

Dll operation events (3 events):
Event: 0.100 Loaded shared library C:\Program Files\Android\Android Studio\jbr\bin\java.dll
Event: 0.117 Loaded shared library C:\Program Files\Android\Android Studio\jbr\bin\zip.dll
Event: 5.963 Loaded shared library C:\Program Files\Android\Android Studio\jbr\bin\verify.dll

Deoptimization events (20 events):
Event: 121.714 Thread 0x000001c085db9490 Uncommon trap: trap_request=0xffffff5e fr.pc=0x000001c0f4780060 relative=0x00000000000006e0
Event: 121.714 Thread 0x000001c085db9490 Uncommon trap: reason=speculate_class_check action=maybe_recompile pc=0x000001c0f4780060 method=java.util.HashMap.putVal(ILjava/lang/Object;Ljava/lang/Object;ZZ)Ljava/lang/Object; @ 253 c2
Event: 121.714 Thread 0x000001c085db9490 DEOPT PACKING pc=0x000001c0f4780060 sp=0x000000ba82ff6f80
Event: 121.714 Thread 0x000001c085db9490 DEOPT UNPACKING pc=0x000001c0f3d94602 sp=0x000000ba82ff6e88 mode 2
Event: 122.040 Thread 0x000001c085db9490 Uncommon trap: trap_request=0xffffff45 fr.pc=0x000001c0f45d5c20 relative=0x0000000000000120
Event: 122.040 Thread 0x000001c085db9490 Uncommon trap: reason=unstable_if action=reinterpret pc=0x000001c0f45d5c20 method=com.google.common.cache.LocalCache.isExpired(Lcom/google/common/cache/ReferenceEntry;J)Z @ 9 c2
Event: 122.040 Thread 0x000001c085db9490 DEOPT PACKING pc=0x000001c0f45d5c20 sp=0x000000ba82ff6ce0
Event: 122.040 Thread 0x000001c085db9490 DEOPT UNPACKING pc=0x000001c0f3d94602 sp=0x000000ba82ff6c08 mode 2
Event: 122.143 Thread 0x000001c085db9490 Uncommon trap: trap_request=0xffffff45 fr.pc=0x000001c0f45a49ec relative=0x000000000000006c
Event: 122.143 Thread 0x000001c085db9490 Uncommon trap: reason=unstable_if action=reinterpret pc=0x000001c0f45a49ec method=com.google.common.cache.LocalCache.isExpired(Lcom/google/common/cache/ReferenceEntry;J)Z @ 9 c2
Event: 122.143 Thread 0x000001c085db9490 DEOPT PACKING pc=0x000001c0f45a49ec sp=0x000000ba82ff6440
Event: 122.143 Thread 0x000001c085db9490 DEOPT UNPACKING pc=0x000001c0f3d94602 sp=0x000000ba82ff63d0 mode 2
Event: 122.229 Thread 0x000001c088772d20 Uncommon trap: trap_request=0xffffff45 fr.pc=0x000001c0f45c0590 relative=0x0000000000000590
Event: 122.229 Thread 0x000001c088772d20 Uncommon trap: reason=unstable_if action=reinterpret pc=0x000001c0f45c0590 method=java.util.concurrent.ConcurrentHashMap.replaceNode(Ljava/lang/Object;Ljava/lang/Object;Ljava/lang/Object;)Ljava/lang/Object; @ 99 c2
Event: 122.229 Thread 0x000001c088772d20 DEOPT PACKING pc=0x000001c0f45c0590 sp=0x000000ba843fd080
Event: 122.229 Thread 0x000001c088772d20 DEOPT UNPACKING pc=0x000001c0f3d94602 sp=0x000000ba843fcfd8 mode 2
Event: 122.299 Thread 0x000001c085db9490 DEOPT PACKING pc=0x000001c0ed588b7c sp=0x000000ba82ff6b70
Event: 122.299 Thread 0x000001c085db9490 DEOPT UNPACKING pc=0x000001c0f3d61702 sp=0x000000ba82ff5fe8 mode 0
Event: 122.625 Thread 0x000001c085db9490 DEOPT PACKING pc=0x000001c0ed390c8d sp=0x000000ba82ff6680
Event: 122.625 Thread 0x000001c085db9490 DEOPT UNPACKING pc=0x000001c0f3d61702 sp=0x000000ba82ff5cd8 mode 0

Classes loaded (20 events):
Event: 119.392 Loading class com/sun/xml/internal/stream/events/NamespaceImpl
Event: 119.392 Loading class javax/xml/stream/events/Namespace
Event: 119.392 Loading class javax/xml/stream/events/Attribute
Event: 119.392 Loading class javax/xml/stream/events/Attribute done
Event: 119.392 Loading class javax/xml/stream/events/Namespace done
Event: 119.392 Loading class com/sun/xml/internal/stream/events/AttributeImpl
Event: 119.392 Loading class com/sun/xml/internal/stream/events/AttributeImpl done
Event: 119.392 Loading class com/sun/xml/internal/stream/events/NamespaceImpl done
Event: 119.392 Loading class com/sun/org/apache/xerces/internal/util/NamespaceSupport$Prefixes
Event: 119.392 Loading class com/sun/org/apache/xerces/internal/util/NamespaceSupport$Prefixes done
Event: 119.393 Loading class com/sun/xml/internal/stream/events/CharacterEvent
Event: 119.393 Loading class javax/xml/stream/events/Characters
Event: 119.393 Loading class javax/xml/stream/events/Characters done
Event: 119.393 Loading class com/sun/xml/internal/stream/events/CharacterEvent done
Event: 119.395 Loading class com/sun/xml/internal/stream/events/EndElementEvent
Event: 119.395 Loading class javax/xml/stream/events/EndElement
Event: 119.395 Loading class javax/xml/stream/events/EndElement done
Event: 119.395 Loading class com/sun/xml/internal/stream/events/EndElementEvent done
Event: 120.457 Loading class java/io/SequenceInputStream
Event: 120.457 Loading class java/io/SequenceInputStream done

Classes unloaded (0 events):
No events

Classes redefined (0 events):
No events

Internal exceptions (20 events):
Event: 123.327 Thread 0x000001c085db9490 Exception <a 'sun/nio/fs/WindowsException'{0x00000000889eee58}> (0x00000000889eee58) 
thrown [s\src\hotspot\share\prims\jni.cpp, line 535]
Event: 123.330 Thread 0x000001c085db9490 Exception <a 'sun/nio/fs/WindowsException'{0x0000000088803dc0}> (0x0000000088803dc0) 
thrown [s\src\hotspot\share\prims\jni.cpp, line 535]
Event: 123.330 Thread 0x000001c085db9490 Exception <a 'sun/nio/fs/WindowsException'{0x0000000088806140}> (0x0000000088806140) 
thrown [s\src\hotspot\share\prims\jni.cpp, line 535]
Event: 123.331 Thread 0x000001c085db9490 Exception <a 'sun/nio/fs/WindowsException'{0x0000000088808608}> (0x0000000088808608) 
thrown [s\src\hotspot\share\prims\jni.cpp, line 535]
Event: 123.331 Thread 0x000001c085db9490 Exception <a 'sun/nio/fs/WindowsException'{0x000000008880a988}> (0x000000008880a988) 
thrown [s\src\hotspot\share\prims\jni.cpp, line 535]
Event: 123.331 Thread 0x000001c085db9490 Exception <a 'sun/nio/fs/WindowsException'{0x000000008880db90}> (0x000000008880db90) 
thrown [s\src\hotspot\share\prims\jni.cpp, line 535]
Event: 123.332 Thread 0x000001c085db9490 Exception <a 'sun/nio/fs/WindowsException'{0x000000008880ff10}> (0x000000008880ff10) 
thrown [s\src\hotspot\share\prims\jni.cpp, line 535]
Event: 123.333 Thread 0x000001c085db9490 Exception <a 'sun/nio/fs/WindowsException'{0x0000000088812c50}> (0x0000000088812c50) 
thrown [s\src\hotspot\share\prims\jni.cpp, line 535]
Event: 123.334 Thread 0x000001c085db9490 Exception <a 'sun/nio/fs/WindowsException'{0x0000000088814f98}> (0x0000000088814f98) 
thrown [s\src\hotspot\share\prims\jni.cpp, line 535]
Event: 123.334 Thread 0x000001c085db9490 Exception <a 'sun/nio/fs/WindowsException'{0x0000000088817450}> (0x0000000088817450) 
thrown [s\src\hotspot\share\prims\jni.cpp, line 535]
Event: 123.334 Thread 0x000001c085db9490 Exception <a 'sun/nio/fs/WindowsException'{0x0000000088819798}> (0x0000000088819798) 
thrown [s\src\hotspot\share\prims\jni.cpp, line 535]
Event: 123.337 Thread 0x000001c085db9490 Exception <a 'sun/nio/fs/WindowsException'{0x000000008881ca68}> (0x000000008881ca68) 
thrown [s\src\hotspot\share\prims\jni.cpp, line 535]
Event: 123.338 Thread 0x000001c085db9490 Exception <a 'sun/nio/fs/WindowsException'{0x000000008881edb0}> (0x000000008881edb0) 
thrown [s\src\hotspot\share\prims\jni.cpp, line 535]
Event: 123.338 Thread 0x000001c085db9490 Exception <a 'sun/nio/fs/WindowsException'{0x0000000088821ba8}> (0x0000000088821ba8) 
thrown [s\src\hotspot\share\prims\jni.cpp, line 535]
Event: 123.339 Thread 0x000001c085db9490 Exception <a 'sun/nio/fs/WindowsException'{0x0000000088823f38}> (0x0000000088823f38) 
thrown [s\src\hotspot\share\prims\jni.cpp, line 535]
Event: 123.340 Thread 0x000001c085db9490 Exception <a 'sun/nio/fs/WindowsException'{0x0000000088826428}> (0x0000000088826428) 
thrown [s\src\hotspot\share\prims\jni.cpp, line 535]
Event: 123.340 Thread 0x000001c085db9490 Exception <a 'sun/nio/fs/WindowsException'{0x00000000888288b8}> (0x00000000888288b8) 
thrown [s\src\hotspot\share\prims\jni.cpp, line 535]
Event: 123.341 Thread 0x000001c085db9490 Exception <a 'sun/nio/fs/WindowsException'{0x000000008882bb40}> (0x000000008882bb40) 
thrown [s\src\hotspot\share\prims\jni.cpp, line 535]
Event: 123.341 Thread 0x000001c085db9490 Exception <a 'sun/nio/fs/WindowsException'{0x000000008882dfd0}> (0x000000008882dfd0) 
thrown [s\src\hotspot\share\prims\jni.cpp, line 535]
Event: 123.345 Thread 0x000001c085db9490 Exception <a 'sun/nio/fs/WindowsException'{0x0000000088847b78}> (0x0000000088847b78) 
thrown [s\src\hotspot\share\prims\jni.cpp, line 535]

VM Operations (20 events):
Event: 118.687 Executing safepoint VM operation: G1CollectForAllocation (G1 Evacuation Pause) done
Event: 119.839 Executing safepoint VM operation: G1TryInitiateConcMark (G1 Humongous Allocation)
Event: 119.853 Executing safepoint VM operation: G1TryInitiateConcMark (G1 Humongous Allocation) done
Event: 120.026 Executing non-safepoint VM operation: HandshakeAllThreads (Deoptimize)
Event: 120.027 Executing non-safepoint VM operation: HandshakeAllThreads (Deoptimize) done
Event: 120.051 Executing non-safepoint VM operation: HandshakeAllThreads (Deoptimize)
Event: 120.051 Executing non-safepoint VM operation: HandshakeAllThreads (Deoptimize) done
Event: 120.159 Executing safepoint VM operation: G1PauseRemark
Event: 120.169 Executing safepoint VM operation: G1PauseRemark done
Event: 120.292 Executing safepoint VM operation: G1PauseCleanup
Event: 120.292 Executing safepoint VM operation: G1PauseCleanup done
Event: 120.447 Executing non-safepoint VM operation: HandshakeAllThreads (Deoptimize)
Event: 120.447 Executing non-safepoint VM operation: HandshakeAllThreads (Deoptimize) done
Event: 120.471 Executing non-safepoint VM operation: HandshakeAllThreads (HandshakeForDeflation)
Event: 120.471 Executing non-safepoint VM operation: HandshakeAllThreads (HandshakeForDeflation) done
Event: 120.471 Executing non-safepoint VM operation: RendezvousGCThreads
Event: 120.471 Executing non-safepoint VM operation: RendezvousGCThreads done
Event: 121.471 Executing safepoint VM operation: G1CollectForAllocation (G1 Evacuation Pause)
Event: 121.496 Executing safepoint VM operation: G1CollectForAllocation (G1 Evacuation Pause) done
Event: 123.358 Executing safepoint VM operation: G1CollectForAllocation (G1 Evacuation Pause)

Memory protections (0 events):
No events

Nmethod flushes (20 events):
Event: 120.167 Thread 0x000001c080589d80 flushing  nmethod 0x000001c0ecf06e08
Event: 120.167 Thread 0x000001c080589d80 flushing  nmethod 0x000001c0ecf2f688
Event: 120.167 Thread 0x000001c080589d80 flushing  nmethod 0x000001c0ecf31308
Event: 120.167 Thread 0x000001c080589d80 flushing  nmethod 0x000001c0ecf51a08
Event: 120.167 Thread 0x000001c080589d80 flushing  nmethod 0x000001c0ecf52a08
Event: 120.167 Thread 0x000001c080589d80 flushing  nmethod 0x000001c0ecf80708
Event: 120.167 Thread 0x000001c080589d80 flushing  nmethod 0x000001c0ecf82588
Event: 120.167 Thread 0x000001c080589d80 flushing  nmethod 0x000001c0ecfc9788
Event: 120.167 Thread 0x000001c080589d80 flushing  nmethod 0x000001c0ecff7c08
Event: 120.167 Thread 0x000001c080589d80 flushing  nmethod 0x000001c0ecff9008
Event: 120.167 Thread 0x000001c080589d80 flushing  nmethod 0x000001c0ecffc088
Event: 120.167 Thread 0x000001c080589d80 flushing  nmethod 0x000001c0ed073608
Event: 120.167 Thread 0x000001c080589d80 flushing  nmethod 0x000001c0ed08d888
Event: 120.167 Thread 0x000001c080589d80 flushing  nmethod 0x000001c0ed13e808
Event: 120.167 Thread 0x000001c080589d80 flushing  nmethod 0x000001c0ed163108
Event: 120.167 Thread 0x000001c080589d80 flushing  nmethod 0x000001c0ed1e7588
Event: 120.167 Thread 0x000001c080589d80 flushing  nmethod 0x000001c0ed1ffb08
Event: 120.167 Thread 0x000001c080589d80 flushing  nmethod 0x000001c0ed211888
Event: 120.167 Thread 0x000001c080589d80 flushing  nmethod 0x000001c0ed2a9408
Event: 120.167 Thread 0x000001c080589d80 flushing  nmethod 0x000001c0ed428788

Events (20 events):
Event: 104.504 Thread 0x000001c0890299d0 Thread exited: 0x000001c0890299d0
Event: 105.107 Thread 0x000001c08063d440 Thread added: 0x000001c0890289b0
Event: 106.163 Thread 0x000001c0890289b0 Thread exited: 0x000001c0890289b0
Event: 112.880 Thread 0x000001c085db9490 Thread added: 0x000001c0890d55f0
Event: 113.031 Thread 0x000001c0890d55f0 Thread exited: 0x000001c0890d55f0
Event: 113.200 Thread 0x000001c0805c3990 Thread added: 0x000001c0890299d0
Event: 113.265 Thread 0x000001c085db9490 Thread added: 0x000001c0890d1f40
Event: 113.278 Thread 0x000001c0890d1f40 Thread added: 0x000001c087f3ef20
Event: 113.278 Thread 0x000001c0890d1f40 Thread added: 0x000001c087f3c810
Event: 113.278 Thread 0x000001c0890d1f40 Thread added: 0x000001c087f3cfe0
Event: 113.325 Thread 0x000001c0890d1f40 Thread added: 0x000001c087f381c0
Event: 113.472 Thread 0x000001c085db9490 Thread added: 0x000001c087f39160
Event: 113.620 Thread 0x000001c0890299d0 Thread exited: 0x000001c0890299d0
Event: 114.852 Thread 0x000001c0805c3990 Thread added: 0x000001c08902ba10
Event: 115.449 Thread 0x000001c08902ba10 Thread exited: 0x000001c08902ba10
Event: 116.423 Thread 0x000001c08063d440 Thread added: 0x000001c0881459b0
Event: 117.429 Thread 0x000001c0881459b0 Thread exited: 0x000001c0881459b0
Event: 118.492 Thread 0x000001c08063d440 Thread added: 0x000001c088144180
Event: 118.939 Thread 0x000001c088144180 Thread exited: 0x000001c088144180
Event: 119.002 Thread 0x000001c08063d440 Thread added: 0x000001c08813e0c0


Dynamic libraries:
0x00007ff6498f0000 - 0x00007ff6498fa000 	C:\Program Files\Android\Android Studio\jbr\bin\java.exe
0x00007ff860b70000 - 0x00007ff860d69000 	C:\WINDOWS\SYSTEM32\ntdll.dll
0x00007ff85fa80000 - 0x00007ff85fb42000 	C:\WINDOWS\System32\KERNEL32.DLL
0x00007ff85e790000 - 0x00007ff85ea87000 	C:\WINDOWS\System32\KERNELBASE.dll
0x00007ff85e5e0000 - 0x00007ff85e6e0000 	C:\WINDOWS\System32\ucrtbase.dll
0x00007ff8581e0000 - 0x00007ff8581f6000 	C:\Program Files\Android\Android Studio\jbr\bin\jli.dll
0x00007ff85fef0000 - 0x00007ff86008d000 	C:\WINDOWS\System32\USER32.dll
0x00007ff85e510000 - 0x00007ff85e532000 	C:\WINDOWS\System32\win32u.dll
0x00007ff8600f0000 - 0x00007ff86011b000 	C:\WINDOWS\System32\GDI32.dll
0x00007ff85e210000 - 0x00007ff85e32a000 	C:\WINDOWS\System32\gdi32full.dll
0x00007ff85e540000 - 0x00007ff85e5dd000 	C:\WINDOWS\System32\msvcp_win.dll
0x00007ff85c270000 - 0x00007ff85c28b000 	C:\Program Files\Android\Android Studio\jbr\bin\VCRUNTIME140.dll
0x00007ff85d660000 - 0x00007ff85d8fb000 	C:\WINDOWS\WinSxS\amd64_microsoft.windows.common-controls_6595b64144ccf1df_6.0.19041.6926_none_60b5a53971f8f7e6\COMCTL32.dll
0x00007ff85f2a0000 - 0x00007ff85f33e000 	C:\WINDOWS\System32\msvcrt.dll
0x00007ff85fc80000 - 0x00007ff85fcaf000 	C:\WINDOWS\System32\IMM32.DLL
0x00007ff85c320000 - 0x00007ff85c32c000 	C:\Program Files\Android\Android Studio\jbr\bin\vcruntime140_1.dll
0x00007ff8559e0000 - 0x00007ff855a6d000 	C:\Program Files\Android\Android Studio\jbr\bin\msvcp140.dll
0x00007ff82e280000 - 0x00007ff82f15d000 	C:\Program Files\Android\Android Studio\jbr\bin\server\jvm.dll
0x00007ff85fbc0000 - 0x00007ff85fc71000 	C:\WINDOWS\System32\ADVAPI32.dll
0x00007ff85f420000 - 0x00007ff85f4bf000 	C:\WINDOWS\System32\sechost.dll
0x00007ff85f170000 - 0x00007ff85f296000 	C:\WINDOWS\System32\RPCRT4.dll
0x00007ff85e1e0000 - 0x00007ff85e207000 	C:\WINDOWS\System32\bcrypt.dll
0x00007ff85fb50000 - 0x00007ff85fbbb000 	C:\WINDOWS\System32\WS2_32.dll
0x00007ff85ddc0000 - 0x00007ff85de0b000 	C:\WINDOWS\SYSTEM32\POWRPROF.dll
0x00007ff848f70000 - 0x00007ff848f97000 	C:\WINDOWS\SYSTEM32\WINMM.dll
0x00007ff85aad0000 - 0x00007ff85aada000 	C:\WINDOWS\SYSTEM32\VERSION.dll
0x00007ff85d920000 - 0x00007ff85d932000 	C:\WINDOWS\SYSTEM32\UMPDC.dll
0x00007ff85b1e0000 - 0x00007ff85b1f2000 	C:\WINDOWS\SYSTEM32\kernel.appcore.dll
0x00007ff85c260000 - 0x00007ff85c26a000 	C:\Program Files\Android\Android Studio\jbr\bin\jimage.dll
0x00007ff85dbb0000 - 0x00007ff85ddb1000 	C:\WINDOWS\SYSTEM32\DBGHELP.DLL
0x00007ff85daf0000 - 0x00007ff85db24000 	C:\WINDOWS\SYSTEM32\dbgcore.DLL
0x00007ff85eae0000 - 0x00007ff85eb62000 	C:\WINDOWS\System32\bcryptPrimitives.dll
0x00007ff857a90000 - 0x00007ff857a9e000 	C:\Program Files\Android\Android Studio\jbr\bin\instrument.dll
0x00007ff85c220000 - 0x00007ff85c23e000 	C:\Program Files\Android\Android Studio\jbr\bin\java.dll
0x00007ff85f4c0000 - 0x00007ff85f5eb000 	C:\WINDOWS\System32\ole32.dll
0x00007ff85f700000 - 0x00007ff85fa53000 	C:\WINDOWS\System32\combase.dll
0x00007ff8602d0000 - 0x00007ff860a41000 	C:\WINDOWS\System32\SHELL32.dll
0x00007ff85c1a0000 - 0x00007ff85c1b6000 	C:\Program Files\Android\Android Studio\jbr\bin\zip.dll
0x00007ff85b4e0000 - 0x00007ff85bc86000 	C:\WINDOWS\SYSTEM32\windows.storage.dll
0x00007ff85d3f0000 - 0x00007ff85d41b000 	C:\WINDOWS\SYSTEM32\Wldp.dll
0x00007ff85f340000 - 0x00007ff85f416000 	C:\WINDOWS\System32\OLEAUT32.dll
0x00007ff85fe40000 - 0x00007ff85feed000 	C:\WINDOWS\System32\SHCORE.dll
0x00007ff85f5f0000 - 0x00007ff85f64b000 	C:\WINDOWS\System32\shlwapi.dll
0x00007ff85e100000 - 0x00007ff85e124000 	C:\WINDOWS\SYSTEM32\profapi.dll
0x00007ff85c250000 - 0x00007ff85c260000 	C:\Program Files\Android\Android Studio\jbr\bin\net.dll
0x00007ff85d1a0000 - 0x00007ff85d20a000 	C:\WINDOWS\system32\mswsock.dll
0x00007ff85c180000 - 0x00007ff85c196000 	C:\Program Files\Android\Android Studio\jbr\bin\nio.dll
0x00007ff85bcf0000 - 0x00007ff85bd00000 	C:\Program Files\Android\Android Studio\jbr\bin\verify.dll
0x00007ff858260000 - 0x00007ff858287000 	D:\AndroidStudio-cache-emuladores\Gradlecache\native\660c5614fbf4a5f2a75b1949f50a0caf5cd603558e7d8a26e50b933a0cfb79d1\windows-amd64\native-platform.dll
0x00007ff8440d0000 - 0x00007ff844147000 	D:\AndroidStudio-cache-emuladores\Gradlecache\native\0.2.8\x86_64-windows-gnu\gradle-fileevents.dll
0x00007ff85c140000 - 0x00007ff85c149000 	C:\Program Files\Android\Android Studio\jbr\bin\management.dll
0x00007ff85c130000 - 0x00007ff85c13b000 	C:\Program Files\Android\Android Studio\jbr\bin\management_ext.dll
0x00007ff85f160000 - 0x00007ff85f168000 	C:\WINDOWS\System32\PSAPI.DLL
0x00007ff85cea0000 - 0x00007ff85cedb000 	C:\WINDOWS\SYSTEM32\IPHLPAPI.DLL
0x00007ff85fd40000 - 0x00007ff85fd48000 	C:\WINDOWS\System32\NSI.dll
0x00007ff85c150000 - 0x00007ff85c159000 	C:\Program Files\Android\Android Studio\jbr\bin\extnet.dll
0x00007ff85df40000 - 0x00007ff85df58000 	C:\WINDOWS\SYSTEM32\CRYPTSP.dll
0x00007ff85cb40000 - 0x00007ff85cb78000 	C:\WINDOWS\system32\rsaenh.dll
0x00007ff85e080000 - 0x00007ff85e0ae000 	C:\WINDOWS\SYSTEM32\USERENV.dll
0x00007ff85d360000 - 0x00007ff85d36c000 	C:\WINDOWS\SYSTEM32\CRYPTBASE.dll
0x00007ff85c210000 - 0x00007ff85c217000 	C:\WINDOWS\system32\wshunix.dll

JVMTI agents:
D:\AndroidStudio-cache-emuladores\Gradlecache\wrapper\dists\gradle-9.6.0-bin\42k10rwplmzkhuboz9kdazi7s\gradle-9.6.0\lib\agents\gradle-instrumentation-agent-9.6.0.jar path:C:\Program Files\Android\Android Studio\jbr\bin\instrument.dll, loaded, initialized, instrumentlib options:none

dbghelp: loaded successfully - version: 4.0.5 - missing functions: none
symbol engine: initialized successfully - sym options: 0x614 - pdb path: .;C:\Program Files\Android\Android Studio\jbr\bin;C:\WINDOWS\SYSTEM32;C:\WINDOWS\WinSxS\amd64_microsoft.windows.common-controls_6595b64144ccf1df_6.0.19041.6926_none_60b5a53971f8f7e6;C:\Program Files\Android\Android Studio\jbr\bin\server;D:\AndroidStudio-cache-emuladores\Gradlecache\native\660c5614fbf4a5f2a75b1949f50a0caf5cd603558e7d8a26e50b933a0cfb79d1\windows-amd64;D:\AndroidStudio-cache-emuladores\Gradlecache\native\0.2.8\x86_64-windows-gnu

VM Arguments:
jvm_args: --add-opens=java.base/java.lang=ALL-UNNAMED --add-opens=java.base/java.lang.invoke=ALL-UNNAMED --add-opens=java.base/java.util=ALL-UNNAMED --add-opens=java.prefs/java.util.prefs=ALL-UNNAMED --add-exports=jdk.compiler/com.sun.tools.javac.api=ALL-UNNAMED --add-exports=jdk.compiler/com.sun.tools.javac.util=ALL-UNNAMED --add-opens=java.base/java.nio.charset=ALL-UNNAMED --add-opens=java.base/java.net=ALL-UNNAMED --add-opens=java.base/java.util.concurrent=ALL-UNNAMED --add-opens=java.base/java.util.concurrent.atomic=ALL-UNNAMED --add-opens=java.xml/javax.xml.namespace=ALL-UNNAMED --add-opens=java.base/java.time=ALL-UNNAMED --enable-native-access=ALL-UNNAMED -Xmx2048m -Dfile.encoding=UTF-8 -Duser.country=ES -Duser.language=es -Duser.variant -javaagent:D:\AndroidStudio-cache-emuladores\Gradlecache\wrapper\dists\gradle-9.6.0-bin\42k10rwplmzkhuboz9kdazi7s\gradle-9.6.0\lib\agents\gradle-instrumentation-agent-9.6.0.jar 
java_command: org.gradle.launcher.daemon.bootstrap.GradleDaemon 9.6.0
java_class_path (initial): D:\AndroidStudio-cache-emuladores\Gradlecache\wrapper\dists\gradle-9.6.0-bin\42k10rwplmzkhuboz9kdazi7s\gradle-9.6.0\lib\gradle-daemon-main-9.6.0.jar
Launcher Type: SUN_STANDARD

[Global flags]
     intx CICompilerCount                          = 3                                         {product} {ergonomic}
     uint ConcGCThreads                            = 1                                         {product} {ergonomic}
     uint G1ConcRefinementThreads                  = 4                                         {product} {ergonomic}
   size_t G1HeapRegionSize                         = 1048576                                   {product} {ergonomic}
   size_t InitialHeapSize                          = 132120576                                 {product} {ergonomic}
   size_t MarkStackSize                            = 4194304                                   {product} {ergonomic}
   size_t MarkStackSizeMax                         = 536870912                                 {product} {ergonomic}
   size_t MaxHeapSize                              = 2147483648                                {product} {command line}
   size_t MaxNewSize                               = 1287651328                                {product} {ergonomic}
   size_t MinHeapDeltaBytes                        = 1048576                                   {product} {ergonomic}
   size_t MinHeapSize                              = 8388608                                   {product} {ergonomic}
    uintx NonNMethodCodeHeapSize                   = 5898240                                {pd product} {ergonomic}
    uintx NonProfiledCodeHeapSize                  = 122945536                              {pd product} {ergonomic}
    uintx ProfiledCodeHeapSize                     = 122945536                              {pd product} {ergonomic}
    uintx ReservedCodeCacheSize                    = 251789312                              {pd product} {ergonomic}
     bool SegmentedCodeCache                       = true                                      {product} {ergonomic}
   size_t SoftMaxHeapSize                          = 2147483648                             {manageable} {ergonomic}
     bool UseCompressedOops                        = true                           {product lp64_product} {ergonomic}
     bool UseG1GC                                  = true                                      {product} {ergonomic}
     bool UseLargePagesIndividualAllocation        = false                                  {pd product} {ergonomic}

Logging:
Log output configuration:
 #0: stdout all=warning uptime,level,tags foldmultilines=false
 #1: stderr all=off uptime,level,tags foldmultilines=false

Release file:
JAVA_VERSION="25.0.3" 
MODULES="java.base java.compiler java.datatransfer java.xml java.prefs java.desktop java.instrument java.logging java.management java.security.sasl java.naming java.rmi java.management.rmi java.net.http java.scripting java.security.jgss java.transaction.xa java.sql java.sql.rowset java.xml.crypto java.se java.smartcardio jdk.accessibility jdk.internal.jvmstat jdk.attach jdk.charsets jdk.internal.opt jdk.zipfs jdk.compiler jdk.crypto.cryptoki jdk.crypto.ec jdk.dynalink jdk.hotspot.agent jdk.httpserver jdk.internal.ed jdk.internal.le jdk.internal.md jdk.internal.vm.ci jdk.jartool jdk.javadoc jdk.jcmd jdk.jdeps jdk.jdwp.agent jdk.jdi jdk.jfr jdk.jlink jdk.localedata jdk.management jdk.management.agent jdk.management.jfr jdk.naming.dns jdk.naming.rmi jdk.net jdk.sctp jdk.security.auth jdk.security.jgss jdk.unsupported jdk.unsupported.desktop jdk.xml.dom" 
IMPLEMENTOR="JetBrains s.r.o." 
JAVA_RUNTIME_VERSION="25.0.3+-15898627-b508.16" 
LIBC="default" 
OS_ARCH="x86_64" 
OS_NAME="Windows" 
SOURCE=".:git:a8b1dba3234f" 

Environment Variables:
PATH=C:\Program Files\ImageMagick-7.1.1-Q16-HDRI;C:\Program Files\Common Files\Oracle\Java\javapath;C:\Python27\;C:\Python27\Scripts;C:\ProgramData\Oracle\Java\javapath;C:\WINDOWS\system32;C:\WINDOWS;C:\WINDOWS\System32\Wbem;C:\WINDOWS\System32\WindowsPowerShell\v1.0\;C:\PROGRA~2\PICC;C:\Program Files (x86)\Microchip\MPLAB C32 Suite\bin;C:\WINDOWS\System32\OpenSSH\;%JAVA_HOME%\bin;C:\Program Files\Git\cmd;C:\Program Files\nodejs\;C:\Program Files\AutoFirma\AutoFirma;C:\Program Files\Calibre2\;C:\Program Files\GitHub CLI\;C:\Users\clase\AppData\Local\Microsoft\WindowsApps;C:\Program Files (x86)\Mozilla Firefox;C:\Program Files\Mozilla Firefox;;C:\Users\clase\AppData\Local\Programs\Microsoft VS Code\bin;C:\Users\clase\AppData\Roaming\npm
USERNAME=clase
OS=Windows_NT
PROCESSOR_IDENTIFIER=Intel64 Family 6 Model 58 Stepping 9, GenuineIntel
TMP=C:\Users\clase\AppData\Local\Temp
TEMP=C:\Users\clase\AppData\Local\Temp




Compilation memory statistics disabled.

Periodic native trim disabled

JNI global refs:
JNI global refs: 23, weak refs: 5

JNI global refs memory usage: 835, weak refs: 833

Process memory usage:
Resident Set Size: 529364K (6% of 8243808K total physical memory with 832000K free physical memory)

OOME stack traces (most recent first):
Classloader memory used:
Loader org.gradle.internal.classloader.VisitableURLClassLoader                         : 44085 K
Loader org.gradle.internal.classloader.VisitableURLClassLoader$InstrumentingVisitableURLClassLoader: 30958 K
Loader bootstrap                                                                       : 27585 K
Loader org.gradle.initialization.MixInLegacyTypesClassLoader                           : 13833 K
Loader org.gradle.internal.classloader.VisitableURLClassLoader                         : 6954 K
Loader jdk.internal.loader.ClassLoaders$AppClassLoader                                 : 188 K
Loader jdk.internal.loader.ClassLoaders$PlatformClassLoader                            : 161 K
Loader org.gradle.groovy.scripts.internal.DefaultScriptCompilationHandler$ScriptClassLoader: 89776 B

Classes loaded by more than one classloader:
Class Program                                                                         : loaded 5 times (x 74B)
Class com.google.common.collect.UnmodifiableIterator                                  : loaded 4 times (x 82B)
Class com.google.common.collect.Iterators$SingletonIterator                           : loaded 4 times (x 83B)
Class com.google.common.collect.ImmutableList                                         : loaded 4 times (x 208B)
Class com.google.common.collect.Iterators                                             : loaded 4 times (x 73B)
Class com.google.common.collect.Lists$StringAsImmutableList                           : loaded 4 times (x 209B)
Class com.google.common.collect.AbstractIterator                                      : loaded 4 times (x 84B)
Class com.google.common.collect.AbstractIndexedListIterator                           : loaded 4 times (x 98B)
Class com.google.common.collect.Iterators$MergingIterator                             : loaded 4 times (x 83B)
Class com.google.common.collect.UnmodifiableListIterator                              : loaded 4 times (x 97B)
Class com.google.common.collect.PeekingIterator                                       : loaded 4 times (x 72B)
Class com.google.common.collect.Iterators$1                                           : loaded 4 times (x 83B)
Class com.google.common.base.Preconditions                                            : loaded 4 times (x 73B)
Class com.google.common.collect.Iterators$4                                           : loaded 4 times (x 84B)
Class com.google.common.collect.Iterators$5                                           : loaded 4 times (x 84B)
Class com.google.common.collect.ImmutableCollection                                   : loaded 4 times (x 127B)
Class com.google.common.collect.Lists                                                 : loaded 4 times (x 73B)
Class com.google.common.collect.Iterators$9                                           : loaded 4 times (x 83B)
Class com.google.common.collect.Iterators$ArrayItr                                    : loaded 4 times (x 99B)
Class com.google.common.base.CharMatcher$NegatedFastMatcher                           : loaded 3 times (x 115B)
Class com.google.common.base.Predicate                                                : loaded 3 times (x 72B)
Class com.google.common.base.CharMatcher$FastMatcher                                  : loaded 3 times (x 113B)
Class org.gradle.api.Action                                                           : loaded 3 times (x 72B)
Class org.gradle.internal.Cast                                                        : loaded 3 times (x 73B)
Class com.google.common.collect.ImmutableList$1                                       : loaded 3 times (x 99B)
Class com.google.common.base.CharMatcher$Or                                           : loaded 3 times (x 114B)
Class com.google.common.collect.ImmutableSet                                          : loaded 3 times (x 147B)
Class com.google.common.base.CharMatcher$BitSetMatcher                                : loaded 3 times (x 114B)
Class com.google.common.collect.RegularImmutableList                                  : loaded 3 times (x 215B)
Class com.google.common.base.Function                                                 : loaded 3 times (x 72B)
Class org.gradle.api.GradleException                                                  : loaded 3 times (x 84B)
Class com.google.common.collect.RegularImmutableSet                                   : loaded 3 times (x 150B)
Class com.google.common.collect.ImmutableAsList                                       : loaded 3 times (x 211B)
Class org.gradle.internal.IoActions                                                   : loaded 3 times (x 73B)
Class com.google.common.collect.ImmutableSet$CachingAsList                            : loaded 3 times (x 150B)
Class com.google.common.collect.ImmutableSet$RegularSetBuilderImpl                    : loaded 3 times (x 78B)
Class com.google.common.base.CharMatcher$Negated                                      : loaded 3 times (x 115B)
Class com.google.common.base.CharMatcher$AnyOf                                        : loaded 3 times (x 114B)
Class com.google.common.base.CharMatcher$ForPredicate                                 : loaded 3 times (x 114B)
Class com.google.common.base.CharMatcher$IsEither                                     : loaded 3 times (x 113B)
Class com.google.common.base.CharMatcher$Is                                           : loaded 3 times (x 113B)
Class com.google.common.collect.SingletonImmutableSet                                 : loaded 3 times (x 148B)
Class com.google.common.base.Joiner$1                                                 : loaded 3 times (x 83B)
Class com.google.common.collect.ImmutableList$ReverseImmutableList                    : loaded 3 times (x 211B)
Class com.google.common.collect.SingletonImmutableList                                : loaded 3 times (x 209B)
Class com.google.common.base.CharMatcher                                              : loaded 3 times (x 113B)
Class com.google.common.base.Joiner$2                                                 : loaded 3 times (x 82B)
Class com.google.common.collect.Multimap                                              : loaded 3 times (x 72B)
Class com.google.common.base.CharMatcher$1                                            : loaded 3 times (x 115B)
Class com.google.common.base.CharMatcher$NamedFastMatcher                             : loaded 3 times (x 114B)
Class com.google.common.base.CharMatcher$And                                          : loaded 3 times (x 114B)
Class com.google.common.base.CharMatcher$InRange                                      : loaded 3 times (x 113B)
Class Build_gradle                                                                    : loaded 3 times (x 128B)
Class com.google.common.collect.RegularImmutableAsList                                : loaded 3 times (x 219B)
Class com.google.common.collect.ImmutableList$Builder                                 : loaded 3 times (x 79B)
Class com.google.common.collect.ImmutableSet$SetBuilderImpl                           : loaded 3 times (x 78B)
Class com.google.common.collect.ImmutableList$SubList                                 : loaded 3 times (x 211B)
Class com.google.common.base.Joiner                                                   : loaded 3 times (x 82B)
Class com.google.common.collect.ImmutableCollection$Builder                           : loaded 3 times (x 78B)
Class com.google.common.base.CharMatcher$IsNot                                        : loaded 3 times (x 113B)
Class org.jetbrains.kotlin.idea.gradleTooling.AndroidAwareGradleModelProvider$Companion: loaded 2 times (x 73B)
Class io.opentelemetry.api.GlobalOpenTelemetry                                        : loaded 2 times (x 73B)
Class com.intellij.util.containers.IntObjectHashMap$ArrayProducer                     : loaded 2 times (x 72B)
Class org.gradle.internal.classloader.DefaultClassLoaderFactory                       : loaded 2 times (x 84B)
Class com.google.gson.internal.bind.TypeAdapters$32                                   : loaded 2 times (x 78B)
Class io.opentelemetry.context.Scope                                                  : loaded 2 times (x 72B)
Class com.google.common.collect.ReverseNaturalOrdering                                : loaded 2 times (x 116B)
Class kotlin.text.MatcherMatchResult$groupValues$1                                    : loaded 2 times (x 200B)
Class kotlin.sequences.SequencesKt___SequencesKt                                      : loaded 2 times (x 73B)
Class kotlin.collections.AbstractList$Companion                                       : loaded 2 times (x 73B)
Class com.google.gson.internal.bind.ObjectTypeAdapter                                 : loaded 2 times (x 76B)
Class [Lcom.google.common.collect.ImmutableMapEntry;                                  : loaded 2 times (x 71B)
Class [Lcom.android.ide.common.repository.AgpVersion$PreviewKind;                     : loaded 2 times (x 71B)
Class org.jetbrains.plugins.gradle.tooling.serialization.internal.IdeaProjectSerializationService: loaded 2 times (x 79B)
Class com.google.common.collect.Ordering                                              : loaded 2 times (x 116B)
Class kotlin.sequences.SequencesKt___SequencesKt$flatMap$2                            : loaded 2 times (x 131B)
Class com.android.builder.model.v2.models.AndroidDsl                                  : loaded 2 times (x 72B)
Class com.google.common.collect.ListMultimap                                          : loaded 2 times (x 72B)
Class com.google.common.collect.ImmutableEnumMap                                      : loaded 2 times (x 128B)
Class kotlin.text.StringsKt__AppendableKt                                             : loaded 2 times (x 73B)
Class com.google.common.collect.ImmutableRangeSet                                     : loaded 2 times (x 117B)
Class org.gradle.tooling.internal.gradle.DefaultProjectIdentifier                     : loaded 2 times (x 88B)
Class com.google.common.collect.Sets$1                                                : loaded 2 times (x 143B)
Class org.objectweb.asm.AnnotationVisitor                                             : loaded 2 times (x 80B)
Class com.android.ide.common.gradle.Numeric                                           : loaded 2 times (x 79B)
Class com.google.gson.internal.bind.TypeAdapters                                      : loaded 2 times (x 73B)
Class com.google.gson.FormattingStyle                                                 : loaded 2 times (x 80B)
Class com.google.gson.FieldNamingPolicy                                               : loaded 2 times (x 85B)
Class com.intellij.gradle.toolingExtension.impl.model.buildScriptClasspathModel.GradleBuildScriptClasspathSerializationService$ReadContext: loaded 2 times (x 74B)
Class com.google.common.collect.ComparatorOrdering                                    : loaded 2 times (x 117B)
Class org.gradle.api.internal.DefaultClassPathProvider                                : loaded 2 times (x 78B)
Class com.android.builder.model.v2.models.BasicAndroidProject                         : loaded 2 times (x 72B)
Class com.google.common.collect.Sets$2                                                : loaded 2 times (x 143B)
Class com.google.gson.JsonArray                                                       : loaded 2 times (x 102B)
Class com.google.gson.FieldNamingStrategy                                             : loaded 2 times (x 72B)
Class kotlin.text.StringsKt__StringNumberConversionsJVMKt                             : loaded 2 times (x 73B)
Class com.google.common.collect.NaturalOrdering                                       : loaded 2 times (x 117B)
Class kotlin.text.MatchResult                                                         : loaded 2 times (x 72B)
Class kotlin.sequences.SequenceScope                                                  : loaded 2 times (x 75B)
Class kotlin.sequences.Sequence                                                       : loaded 2 times (x 72B)
Class org.gradle.tooling.ToolingModelContract                                         : loaded 2 times (x 72B)
Class [Lorg.gradle.api.internal.ClassPathProvider;                                    : loaded 2 times (x 71B)
Class org.gradle.api.internal.ClassPathProvider                                       : loaded 2 times (x 72B)
Class [Lorg.objectweb.asm.AnnotationVisitor;                                          : loaded 2 times (x 71B)
Class com.google.common.collect.Sets$3                                                : loaded 2 times (x 143B)
Class com.google.common.cache.LocalCache$LocalLoadingCache                            : loaded 2 times (x 136B)
Class kotlin.collections.CollectionsKt___CollectionsKt$asSequence$$inlined$Sequence$1 : loaded 2 times (x 77B)
Class org.gradle.internal.service.UnknownServiceException                             : loaded 2 times (x 85B)
Class com.google.common.collect.Sets$4                                                : loaded 2 times (x 143B)
Class org.objectweb.asm.ModuleVisitor                                                 : loaded 2 times (x 83B)
Class com.google.common.cache.LocalCache$Strength$1                                   : loaded 2 times (x 83B)
Class org.jetbrains.kotlin.idea.gradleTooling.model.kapt.KaptGradleModel              : loaded 2 times (x 72B)
Class org.jetbrains.kotlin.idea.gradleTooling.KotlinDslScriptAdditionalTask           : loaded 2 times (x 72B)
Class org.jetbrains.plugins.gradle.model.ClasspathEntryModel                          : loaded 2 times (x 72B)
Class com.google.common.util.concurrent.SettableFuture                                : loaded 2 times (x 116B)
Class com.google.common.cache.LocalCache$Strength$2                                   : loaded 2 times (x 83B)
Class com.intellij.platform.diagnostic.telemetry.rt.context.TelemetryContextGetter    : loaded 2 times (x 77B)
Class org.jetbrains.plugins.gradle.tooling.serialization.GradleExtensionsSerializationService: loaded 2 times (x 79B)
Class org.gradle.api.JavaVersion                                                      : loaded 2 times (x 81B)
Class org.gradle.tooling.model.Dependency                                             : loaded 2 times (x 72B)
Class com.android.builder.model.v2.ide.AbstractArtifact                               : loaded 2 times (x 72B)
Class com.google.common.cache.LocalCache$Strength$3                                   : loaded 2 times (x 83B)
Class com.google.common.collect.MapDifference                                         : loaded 2 times (x 72B)
Class com.intellij.openapi.externalSystem.model.project.dependencies.ResolutionState  : loaded 2 times (x 81B)
Class kotlin.text.StringsKt__RegexExtensionsJVMKt                                     : loaded 2 times (x 73B)
Class com.google.common.collect.AllEqualOrdering                                      : loaded 2 times (x 116B)
Class kotlin.collections.ArraysKt___ArraysJvmKt                                       : loaded 2 times (x 73B)
Class kotlin.collections.CollectionsKt__CollectionsKt                                 : loaded 2 times (x 73B)
Class org.objectweb.asm.FieldWriter                                                   : loaded 2 times (x 79B)
Class com.google.common.cache.CacheBuilder$NullListener                               : loaded 2 times (x 84B)
Class com.google.gson.LongSerializationPolicy                                         : loaded 2 times (x 82B)
Class org.jetbrains.plugins.gradle.model.ExternalLibraryDependency                    : loaded 2 times (x 72B)
Class kotlin.text.Regex$Companion                                                     : loaded 2 times (x 73B)
Class org.gradle.internal.classpath.TransformedClassPath                              : loaded 2 times (x 98B)
Class org.gradle.internal.classloader.InstrumentingClassLoader                        : loaded 2 times (x 72B)
Class com.google.common.collect.ImmutableListMultimap                                 : loaded 2 times (x 178B)
Class com.google.gson.JsonSyntaxException                                             : loaded 2 times (x 84B)
Class com.google.common.cache.CacheLoader$FunctionToCacheLoader                       : loaded 2 times (x 77B)
Class com.google.gson.internal.bind.TypeAdapters$31                                   : loaded 2 times (x 78B)
Class com.google.common.collect.ImmutableRangeSet$AsSet                               : loaded 2 times (x 302B)
Class kotlin.jvm.internal.FunctionReference                                           : loaded 2 times (x 128B)
Class [Lkotlin.coroutines.intrinsics.CoroutineSingletons;                             : loaded 2 times (x 71B)
Class kotlin.jvm.internal.FunctionBase                                                : loaded 2 times (x 72B)
Class kotlin.enums.EnumEntriesList                                                    : loaded 2 times (x 225B)
Class com.google.common.collect.EmptyImmutableListMultimap                            : loaded 2 times (x 178B)
Class com.google.common.collect.BaseImmutableMultimap                                 : loaded 2 times (x 125B)
Class com.google.gson.internal.bind.JsonAdapterAnnotationTypeAdapterFactory$DummyTypeAdapterFactory: loaded 2 times (x 77B)
Class com.google.common.base.MoreObjects                                              : loaded 2 times (x 73B)
Class com.google.gson.internal.bind.DefaultDateTypeAdapter                            : loaded 2 times (x 76B)
Class com.google.gson.GsonBuilder                                                     : loaded 2 times (x 74B)
Class kotlin.comparisons.ComparisonsKt___ComparisonsJvmKt                             : loaded 2 times (x 73B)
Class kotlin.collections.CollectionsKt__IteratorsJVMKt                                : loaded 2 times (x 73B)
Class com.android.builder.model.v2.ide.TestInfo$Execution                             : loaded 2 times (x 81B)
Class com.google.gson.internal.Primitives                                             : loaded 2 times (x 73B)
Class com.google.common.collect.Platform                                              : loaded 2 times (x 73B)
Class [Lorg.objectweb.asm.Type;                                                       : loaded 2 times (x 71B)
Class com.google.gson.stream.JsonWriter                                               : loaded 2 times (x 100B)
Class com.google.common.base.Suppliers                                                : loaded 2 times (x 73B)
Class org.jetbrains.kotlin.idea.gradleTooling.KotlinSourceSetContainer                : loaded 2 times (x 72B)
Class io.opentelemetry.context.ContextStorageWrappers                                 : loaded 2 times (x 73B)
Class io.opentelemetry.context.propagation.DefaultContextPropagators                  : loaded 2 times (x 77B)
Class org.jetbrains.plugins.gradle.model.IntelliJSettings                             : loaded 2 times (x 72B)
Class kotlin.Result                                                                   : loaded 2 times (x 74B)
Class org.gradle.internal.service.ServiceLocator                                      : loaded 2 times (x 72B)
Class com.google.common.base.Ascii                                                    : loaded 2 times (x 73B)
Class com.google.common.collect.SingletonImmutableBiMap                               : loaded 2 times (x 145B)
Class [Lcom.google.common.cache.CacheBuilder$OneWeigher;                              : loaded 2 times (x 71B)
Class com.google.common.cache.LocalCache$1                                            : loaded 2 times (x 91B)
Class com.google.gson.internal.bind.TypeAdapterRuntimeTypeWrapper                     : loaded 2 times (x 76B)
Class com.google.common.collect.AbstractMapEntry                                      : loaded 2 times (x 83B)
Class com.intellij.gradle.toolingExtension.util.GradleVersionUtil                     : loaded 2 times (x 73B)
Class com.android.ide.gradle.model.GradlePropertiesModel                              : loaded 2 times (x 72B)
Class kotlin.sequences.TransformingSequence$iterator$1                                : loaded 2 times (x 81B)
Class kotlin.Pair                                                                     : loaded 2 times (x 74B)
Class org.gradle.tooling.internal.adapter.ProtocolToModelAdapter$SupportedPropertyInvoker: loaded 2 times (x 78B)
Class org.gradle.tooling.model.UnsupportedMethodException                             : loaded 2 times (x 84B)
Class com.android.builder.model.v2.ide.BytecodeTransformation                         : loaded 2 times (x 81B)
Class com.google.common.collect.Sets$ImprovedAbstractSet                              : loaded 2 times (x 137B)
Class org.objectweb.asm.MethodTooLargeException                                       : loaded 2 times (x 84B)
Class com.google.common.collect.AbstractMultimap                                      : loaded 2 times (x 125B)
Class com.google.common.cache.LocalCache$2                                            : loaded 2 times (x 144B)
Class kotlin.collections.CollectionsKt__MutableCollectionsKt                          : loaded 2 times (x 73B)
Class com.android.builder.model.v2.ide.CodeShrinker                                   : loaded 2 times (x 81B)
Class com.google.common.base.Platform$JdkPatternCompiler                              : loaded 2 times (x 77B)
Class com.google.gson.internal.bind.MapTypeAdapterFactory$Adapter                     : loaded 2 times (x 76B)
Class com.google.gson.internal.sql.SqlTimeTypeAdapter$1                               : loaded 2 times (x 77B)
Class io.opentelemetry.api.trace.SpanContext                                          : loaded 2 times (x 72B)
Class io.opentelemetry.api.trace.DefaultTracer$NoopSpanBuilder                        : loaded 2 times (x 93B)
Class org.jetbrains.plugins.gradle.tooling.serialization.AnnotationProcessingModelSerializationService$WriteContext: loaded 2 times (x 74B)
Class kotlin.io.TerminateException                                                    : loaded 2 times (x 84B)
Class kotlin.io.FilesKt__FilePathComponentsKt                                         : loaded 2 times (x 73B)
Class com.google.common.collect.ImmutableRangeSet$1                                   : loaded 2 times (x 212B)
Class kotlin.reflect.KCallable                                                        : loaded 2 times (x 72B)
Class com.google.common.util.concurrent.AbstractFuture$Trusted                        : loaded 2 times (x 72B)
Class org.gradle.internal.operations.MultipleBuildOperationFailures                   : loaded 2 times (x 97B)
Class org.jetbrains.kotlin.idea.gradleTooling.KotlinGradlePluginVersion               : loaded 2 times (x 72B)
Class com.intellij.compose.ide.plugin.gradleTooling.rt.ComposeResourcesModel          : loaded 2 times (x 72B)
Class com.intellij.gradle.toolingExtension.impl.util.collectionUtil.GradleCollections : loaded 2 times (x 73B)
Class org.jetbrains.plugins.gradle.tooling.serialization.ProjectDependenciesSerializationService$WriteContext: loaded 2 times (x 74B)
Class org.jetbrains.plugins.gradle.tooling.serialization.ProjectDependenciesSerializationService: loaded 2 times (x 79B)
Class sync_studio_tooling_7jme9xqrfdya6u2l3r16bfplz                                   : loaded 2 times (x 173B)
Class kotlin.text.CharsKt                                                             : loaded 2 times (x 73B)
Class com.google.common.collect.Range                                                 : loaded 2 times (x 88B)
Class org.gradle.tooling.model.kotlin.dsl.KotlinDslScriptModel                        : loaded 2 times (x 72B)
Class org.gradle.tooling.internal.adapter.CollectionMapper                            : loaded 2 times (x 75B)
Class org.jetbrains.kotlin.tooling.core.KotlinToolingVersion                          : loaded 2 times (x 77B)
Class [Lcom.android.builder.model.v2.ide.LibraryType;                                 : loaded 2 times (x 71B)
Class com.android.builder.model.v2.ide.LibraryType                                    : loaded 2 times (x 81B)
Class org.gradle.tooling.internal.adapter.MethodInvocation                            : loaded 2 times (x 87B)
Class com.google.common.util.concurrent.UncheckedExecutionException                   : loaded 2 times (x 84B)
Class com.google.gson.internal.bind.DefaultDateTypeAdapter$DateType                   : loaded 2 times (x 75B)
Class org.gradle.kotlin.dsl.VersionCatalogAccessorsKt                                 : loaded 2 times (x 73B)
Class io.opentelemetry.api.trace.DefaultTracerProvider                                : loaded 2 times (x 81B)
Class com.google.common.collect.ExplicitOrdering                                      : loaded 2 times (x 117B)
Class com.google.gson.internal.bind.ReflectiveTypeAdapterFactory$1                    : loaded 2 times (x 76B)
Class org.jetbrains.plugins.gradle.ExternalDependencyId                               : loaded 2 times (x 72B)
Class gnu.trove.THash                                                                 : loaded 2 times (x 83B)
Class com.intellij.gradle.toolingExtension.impl.model.buildScriptClasspathModel.GradleBuildScriptClasspathSerializationService$WriteContext: loaded 2 times (x 74B)
Class org.gradle.tooling.internal.adapter.ProtocolToModelAdapter                      : loaded 2 times (x 82B)
Class com.android.builder.model.v2.ide.AndroidGradlePluginProjectFlags$BooleanFlag    : loaded 2 times (x 81B)
Class com.google.common.collect.AbstractMapBasedMultimap$KeySet$1                     : loaded 2 times (x 84B)
Class org.objectweb.asm.ClassWriter                                                   : loaded 2 times (x 107B)
Class com.android.ide.common.gradle.Separator                                         : loaded 2 times (x 81B)
Class com.google.common.cache.CacheLoader$UnsupportedLoadingOperationException        : loaded 2 times (x 84B)
Class kotlin.sequences.TransformingSequence                                           : loaded 2 times (x 77B)
Class com.google.gson.internal.bind.ReflectiveTypeAdapterFactory$2                    : loaded 2 times (x 80B)
Class [Lio.opentelemetry.context.ThreadLocalContextStorage$NoopScope;                 : loaded 2 times (x 71B)
Class io.opentelemetry.context.ThreadLocalContextStorage$NoopScope                    : loaded 2 times (x 87B)
Class kotlin.collections.MapsKt__MapsJVMKt                                            : loaded 2 times (x 73B)
Class kotlin.collections.EmptyList                                                    : loaded 2 times (x 176B)
Class org.gradle.internal.time.DefaultTimer                                           : loaded 2 times (x 82B)
Class org.objectweb.asm.FieldVisitor                                                  : loaded 2 times (x 79B)
Class com.google.gson.ToNumberStrategy                                                : loaded 2 times (x 72B)
Class com.google.gson.TypeAdapter                                                     : loaded 2 times (x 75B)
Class com.google.common.collect.IndexedImmutableSet                                   : loaded 2 times (x 154B)
Class com.google.common.collect.ImmutableMap$1                                        : loaded 2 times (x 83B)
Class com.google.common.collect.BiMap                                                 : loaded 2 times (x 72B)
Class com.google.common.base.Objects                                                  : loaded 2 times (x 73B)
Class io.opentelemetry.context.ImplicitContextKeyed                                   : loaded 2 times (x 72B)
Class org.gradle.tooling.internal.adapter.ProtocolToModelAdapter$ViewKey              : loaded 2 times (x 74B)
Class org.gradle.api.internal.classpath.DefaultModuleRegistry$DefaultModule           : loaded 2 times (x 84B)
Class com.android.builder.model.v2.CustomSourceDirectory                              : loaded 2 times (x 72B)
Class com.google.common.primitives.Ints                                               : loaded 2 times (x 73B)
Class io.opentelemetry.api.internal.OtelEncodingUtils                                 : loaded 2 times (x 73B)
Class com.android.ide.common.repository.AgpVersion                                    : loaded 2 times (x 77B)
Class io.opentelemetry.context.DefaultContextKey                                      : loaded 2 times (x 74B)
Class com.google.common.collect.NullsFirstOrdering                                    : loaded 2 times (x 117B)
Class kotlin.jvm.internal.KotlinGenericDeclaration                                    : loaded 2 times (x 72B)
Class kotlin.ResultKt                                                                 : loaded 2 times (x 73B)
Class org.gradle.tooling.internal.adapter.ProtocolToModelAdapter$PropertyCachingMethodInvoker: loaded 2 times (x 78B)
Class com.android.builder.model.v2.models.ProjectSyncIssues                           : loaded 2 times (x 72B)
Class com.google.common.collect.ObjectArrays                                          : loaded 2 times (x 73B)
Class com.google.common.math.MathPreconditions                                        : loaded 2 times (x 73B)
Class com.google.common.collect.Multiset                                              : loaded 2 times (x 72B)
Class com.google.common.collect.ArrayListMultimapGwtSerializationDependencies         : loaded 2 times (x 173B)
Class com.google.gson.TypeAdapterFactory                                              : loaded 2 times (x 72B)
Class com.intellij.openapi.externalSystem.model.ExternalSystemException               : loaded 2 times (x 87B)
Class org.jetbrains.plugins.gradle.model.ExternalTask                                 : loaded 2 times (x 72B)
Class io.opentelemetry.api.internal.IncubatingUtil                                    : loaded 2 times (x 73B)
Class io.opentelemetry.api.GlobalOpenTelemetry$ObfuscatedOpenTelemetry                : loaded 2 times (x 94B)
Class kotlin.collections.ArraysKt__ArraysKt                                           : loaded 2 times (x 73B)
Class kotlin.Result$Failure                                                           : loaded 2 times (x 74B)
Class org.gradle.internal.time.DefaultCountdownTimer                                  : loaded 2 times (x 90B)
Class com.google.gson.internal.ObjectConstructor                                      : loaded 2 times (x 72B)
Class com.google.common.collect.ImmutableMapEntrySet                                  : loaded 2 times (x 154B)
Class org.jetbrains.plugins.gradle.model.GradleTaskModel                              : loaded 2 times (x 72B)
Class org.jetbrains.plugins.gradle.tooling.util.ObjectCollector                       : loaded 2 times (x 74B)
Class kotlin.collections.SetsKt__SetsJVMKt                                            : loaded 2 times (x 73B)
Class kotlin.Function                                                                 : loaded 2 times (x 72B)
Class org.gradle.tooling.internal.adapter.ProtocolToModelAdapter$AdaptingMethodInvoker: loaded 2 times (x 78B)
Class org.gradle.tooling.internal.gradle.DefaultBuildIdentifier                       : loaded 2 times (x 81B)
Class org.gradle.api.internal.classpath.Module                                        : loaded 2 times (x 72B)
Class com.google.common.cache.Weigher                                                 : loaded 2 times (x 72B)
Class com.intellij.openapi.externalSystem.model.project.IExternalSystemSourceType     : loaded 2 times (x 72B)
Class kotlin.io.FileAlreadyExistsException                                            : loaded 2 times (x 84B)
Class kotlin.internal.ProgressionUtilKt                                               : loaded 2 times (x 73B)
Class org.gradle.api.internal.classpath.UnknownModuleException                        : loaded 2 times (x 84B)
Class com.google.common.base.Stopwatch                                                : loaded 2 times (x 74B)
Class com.google.common.cache.LocalCache$Strength                                     : loaded 2 times (x 83B)
Class com.google.common.cache.Cache                                                   : loaded 2 times (x 72B)
Class io.opentelemetry.api.trace.TraceStateBuilder                                    : loaded 2 times (x 72B)
Class com.intellij.openapi.externalSystem.model.project.dependencies.ProjectDependencies: loaded 2 times (x 72B)
Class org.jetbrains.plugins.gradle.tooling.serialization.ProjectDependenciesSerializationService$ReadContext: loaded 2 times (x 74B)
Class com.google.common.util.concurrent.AbstractFuture$Cancellation                   : loaded 2 times (x 74B)
Class com.google.common.collect.ImmutableMap$Builder                                  : loaded 2 times (x 84B)
Class com.google.common.cache.RemovalListener                                         : loaded 2 times (x 72B)
Class [Lcom.google.gson.ToNumberPolicy;                                               : loaded 2 times (x 71B)
Class com.google.gson.ToNumberPolicy                                                  : loaded 2 times (x 85B)
Class org.jetbrains.plugins.gradle.tooling.serialization.RepositoriesModelSerializationService: loaded 2 times (x 84B)
Class com.android.ide.gradle.model.artifacts.AdditionalClassifierArtifactsModel       : loaded 2 times (x 72B)
Class org.gradle.tooling.internal.gradle.GradleProjectIdentity                        : loaded 2 times (x 72B)
Class org.gradle.api.internal.DefaultClassPathRegistry                                : loaded 2 times (x 78B)
Class com.google.common.collect.ImmutableMultimap$Keys                                : loaded 2 times (x 168B)
Class com.android.builder.model.v2.ide.JavaArtifact                                   : loaded 2 times (x 72B)
Class com.google.common.primitives.IntsMethodsForWeb                                  : loaded 2 times (x 73B)
Class com.google.gson.internal.bind.JsonTreeReader                                    : loaded 2 times (x 99B)
Class io.opentelemetry.api.internal.AutoValue_ImmutableSpanContext                    : loaded 2 times (x 94B)
Class org.jetbrains.plugins.gradle.tooling.serialization.RepositoriesModelSerializationService$ReadContext: loaded 2 times (x 74B)
Class kotlin.ranges.ClosedRange                                                       : loaded 2 times (x 72B)
Class org.gradle.internal.classpath.DefaultClassPath$ImmutableUniqueList              : loaded 2 times (x 201B)
Class org.gradle.api.internal.ClassPathRegistry                                       : loaded 2 times (x 72B)
Class com.google.common.base.ExtraObjectsMethodsForWeb                                : loaded 2 times (x 73B)
Class com.intellij.gradle.toolingExtension.impl.model.projectModel.GradleExternalProjectSerializationService$WriteContext: loaded 2 times (x 75B)
Class kotlin.text.StringsKt__StringsJVMKt                                             : loaded 2 times (x 73B)
Class kotlin.collections.IntIterator                                                  : loaded 2 times (x 84B)
Class com.google.common.collect.NullnessCasts                                         : loaded 2 times (x 73B)
Class com.google.gson.internal.bind.TypeAdapters$30                                   : loaded 2 times (x 78B)
Class com.android.builder.model.v2.dsl.SigningConfig                                  : loaded 2 times (x 72B)
Class com.android.builder.model.v2.models.AndroidProject                              : loaded 2 times (x 72B)
Class com.android.builder.model.v2.AndroidModel                                       : loaded 2 times (x 72B)
Class org.objectweb.asm.ClassVisitor                                                  : loaded 2 times (x 90B)
Class com.google.common.cache.CacheBuilder                                            : loaded 2 times (x 74B)
Class com.google.gson.internal.bind.ArrayTypeAdapter$1                                : loaded 2 times (x 77B)
Class com.google.gson.internal.bind.JsonTreeWriter                                    : loaded 2 times (x 100B)
Class Settings_gradle$1                                                               : loaded 2 times (x 76B)
Class io.opentelemetry.api.trace.ImmutableTraceFlags                                  : loaded 2 times (x 79B)
Class kotlin.text.StringsKt__IndentKt                                                 : loaded 2 times (x 73B)
Class kotlin.collections.SetsKt                                                       : loaded 2 times (x 73B)
Class org.gradle.internal.classpath.ClassPath                                         : loaded 2 times (x 72B)
Class com.google.common.base.JdkPattern                                               : loaded 2 times (x 77B)
Class [Lorg.objectweb.asm.Symbol;                                                     : loaded 2 times (x 71B)
Class org.jetbrains.plugins.gradle.model.ExternalProjectDependency                    : loaded 2 times (x 72B)
Class org.jetbrains.plugins.gradle.tooling.serialization.KotlinDslScriptsModelSerializationService: loaded 2 times (x 83B)
Class ijInit1_apgup0d2wlwz274dz06s9lbd0                                               : loaded 2 times (x 173B)
Class kotlin.reflect.KFunction                                                        : loaded 2 times (x 72B)
Class kotlin.collections.ArrayDeque                                                   : loaded 2 times (x 209B)
Class org.objectweb.asm.SymbolTable$Entry                                             : loaded 2 times (x 75B)
Class org.jetbrains.kotlin.idea.gradleTooling.KotlinGradleModel                       : loaded 2 times (x 72B)
Class [Lio.opentelemetry.api.trace.TraceFlags;                                        : loaded 2 times (x 71B)
Class [Lio.opentelemetry.context.ContextStorage;                                      : loaded 2 times (x 71B)
Class com.intellij.platform.diagnostic.telemetry.rt.context.TelemetryContext          : loaded 2 times (x 135B)
Class org.jetbrains.plugins.gradle.tooling.serialization.ExternalTestsSerializationService$WriteContext: loaded 2 times (x 74B)
Class kotlin.collections.MapsKt__MapsKt                                               : loaded 2 times (x 73B)
Class org.gradle.api.internal.classpath.DefaultModuleRegistry$DefaultModuleAlias      : loaded 2 times (x 82B)
Class com.android.builder.model.v2.ide.Variant                                        : loaded 2 times (x 72B)
Class org.objectweb.asm.Edge                                                          : loaded 2 times (x 74B)
Class com.android.utils.FileUtils                                                     : loaded 2 times (x 73B)
Class com.google.common.base.Suppliers$SupplierOfInstance                             : loaded 2 times (x 81B)
Class com.google.gson.internal.bind.ReflectiveTypeAdapterFactory                      : loaded 2 times (x 77B)
Class com.google.gson.internal.sql.SqlTimestampTypeAdapter                            : loaded 2 times (x 78B)
Class io.opentelemetry.context.ThreadLocalContextStorage                              : loaded 2 times (x 87B)
Class org.gradle.tooling.model.Model                                                  : loaded 2 times (x 72B)
Class com.android.builder.model.v2.ide.AaptOptions$Namespacing                        : loaded 2 times (x 81B)
Class com.google.common.cache.LocalCache$ComputingValueReference                      : loaded 2 times (x 98B)
Class com.google.gson.internal.sql.SqlDateTypeAdapter$1                               : loaded 2 times (x 77B)
Class com.google.common.collect.ImmutableMap$IteratorBasedImmutableMap                : loaded 2 times (x 128B)
Class com.android.ide.gradle.model.composites.BuildMap                                : loaded 2 times (x 72B)
Class kotlin.text.MatchResult$Destructured                                            : loaded 2 times (x 74B)
Class kotlin.Metadata                                                                 : loaded 2 times (x 72B)
Class kotlin.UninitializedPropertyAccessException                                     : loaded 2 times (x 84B)
Class com.android.builder.model.v2.ide.Library                                        : loaded 2 times (x 72B)
Class com.android.builder.model.v2.ide.ArtifactDependenciesAdjacencyList              : loaded 2 times (x 72B)
Class com.android.builder.model.v2.models.Versions                                    : loaded 2 times (x 72B)
Class com.google.common.cache.LocalCache$Segment                                      : loaded 2 times (x 155B)
Class io.opentelemetry.context.Context                                                : loaded 2 times (x 72B)
Class org.jetbrains.plugins.gradle.model.IntelliJProjectSettings                      : loaded 2 times (x 72B)
Class org.gradle.tooling.internal.adapter.ProtocolToModelAdapter$MethodInvocationCache: loaded 2 times (x 75B)
Class com.android.builder.model.v2.models.ndk.NativeModule                            : loaded 2 times (x 72B)
Class com.google.common.collect.AbstractListMultimap                                  : loaded 2 times (x 173B)
Class [Lorg.objectweb.asm.SymbolTable$Entry;                                          : loaded 2 times (x 71B)
Class org.gradle.tooling.internal.adapter.TargetTypeProvider                          : loaded 2 times (x 72B)
Class com.google.common.cache.CacheLoader                                             : loaded 2 times (x 76B)
Class com.google.gson.internal.bind.ReflectiveTypeAdapterFactory$Adapter              : loaded 2 times (x 79B)
Class com.google.gson.internal.bind.TypeAdapters$10                                   : loaded 2 times (x 77B)
Class com.google.common.collect.ImmutableBiMap                                        : loaded 2 times (x 145B)
Class org.jetbrains.plugins.gradle.model.ExternalDependency                           : loaded 2 times (x 72B)
Class com.intellij.util.containers.IntObjectHashMap                                   : loaded 2 times (x 74B)
Class com.google.common.collect.SortedIterable                                        : loaded 2 times (x 72B)
Class org.gradle.api.internal.classpath.ModuleRegistry                                : loaded 2 times (x 72B)
Class org.gradle.internal.installation.GradleInstallation$1                           : loaded 2 times (x 77B)
Class com.google.common.collect.ImmutableSet$JdkBackedSetBuilderImpl                  : loaded 2 times (x 78B)
Class com.google.common.util.concurrent.internal.InternalFutureFailureAccess          : loaded 2 times (x 74B)
Class kotlin.ranges.IntProgression$Companion                                          : loaded 2 times (x 73B)
Class com.google.gson.internal.bind.TypeAdapters$11                                   : loaded 2 times (x 77B)
Class [Lcom.google.gson.FieldNamingPolicy;                                            : loaded 2 times (x 71B)
Class com.android.ide.common.repository.AgpVersion$PreviewKind$Companion              : loaded 2 times (x 73B)
Class org.jetbrains.plugins.gradle.model.VersionCatalogsModel                         : loaded 2 times (x 72B)
Class com.intellij.gradle.toolingExtension.impl.model.sourceSetDependencyModel.GradleSourceSetDependencySerialisationService$SourceSetDependencyModelReadContext: loaded 2 times (x 74B)
Class com.intellij.gradle.toolingExtension.impl.model.dependencyModel.DependencyReadContext: loaded 2 times (x 74B)
Class org.gradle.tooling.internal.adapter.ObjectGraphAdapter                          : loaded 2 times (x 72B)
Class com.google.common.collect.ImmutableMultimap$Values                              : loaded 2 times (x 128B)
Class com.android.builder.model.v2.ide.Installation                                   : loaded 2 times (x 72B)
Class com.google.common.cache.LocalCache$LocalManualCache$1                           : loaded 2 times (x 77B)
Class org.jetbrains.plugins.gradle.model.GradleExtensions                             : loaded 2 times (x 72B)
Class com.google.gson.internal.bind.TypeAdapters$12                                   : loaded 2 times (x 77B)
Class [Lcom.google.gson.ToNumberStrategy;                                             : loaded 2 times (x 71B)
Class org.jetbrains.plugins.gradle.model.ProjectImportModelProvider                   : loaded 2 times (x 72B)
Class org.jetbrains.plugins.gradle.model.ExternalSourceSet                            : loaded 2 times (x 72B)
Class com.intellij.gradle.toolingExtension.impl.model.warmUp.GradleTaskWarmUpRequest  : loaded 2 times (x 72B)
Class com.google.common.collect.ImmutableSortedAsList                                 : loaded 2 times (x 223B)
Class kotlin.text.RegexKt                                                             : loaded 2 times (x 73B)
Class kotlin.coroutines.intrinsics.IntrinsicsKt__IntrinsicsKt                         : loaded 2 times (x 73B)
Class com.android.builder.model.v2.models.ModelBuilderParameter                       : loaded 2 times (x 72B)
Class org.jetbrains.plugins.gradle.model.AnnotationProcessingModel                    : loaded 2 times (x 72B)
Class com.google.gson.internal.bind.TypeAdapters$13                                   : loaded 2 times (x 77B)
Class io.opentelemetry.context.ContextStorageProvider                                 : loaded 2 times (x 72B)
Class com.intellij.gradle.toolingExtension.impl.model.sourceSetArtifactIndex.GradleSourceSetArtifactBuildRequest: loaded 2 times (x 72B)
Class kotlin.io.FilesKt__UtilsKt                                                      : loaded 2 times (x 73B)
Class com.google.common.collect.Lists$TransformingRandomAccessList                    : loaded 2 times (x 201B)
Class kotlin.collections.CollectionsKt__CollectionsJVMKt                              : loaded 2 times (x 73B)
Class org.gradle.tooling.model.idea.BasicIdeaProject                                  : loaded 2 times (x 72B)
Class org.gradle.api.internal.classpath.DefaultModuleRegistry                         : loaded 2 times (x 86B)
Class org.jetbrains.plugins.gradle.model.UnresolvedExternalDependency                 : loaded 2 times (x 72B)
Class com.google.common.util.concurrent.ListenableFuture                              : loaded 2 times (x 72B)
Class com.google.common.cache.ReferenceEntry                                          : loaded 2 times (x 72B)
Class com.google.gson.internal.bind.NumberTypeAdapter$1                               : loaded 2 times (x 78B)
Class com.google.gson.internal.bind.TypeAdapters$1                                    : loaded 2 times (x 77B)
Class com.google.gson.internal.bind.TypeAdapters$14                                   : loaded 2 times (x 77B)
Class com.google.common.base.Converter                                                : loaded 2 times (x 92B)
Class com.google.common.collect.ImmutableMap$MapViewOfValuesAsSingletonSets           : loaded 2 times (x 128B)
Class org.jetbrains.plugins.gradle.tooling.serialization.internal.IdeaProjectSerializationService$WriteContext$1: loaded 2 times (x 85B)
Class org.jetbrains.plugins.gradle.model.ExternalProject                              : loaded 2 times (x 72B)
Class kotlin.sequences.SequencesKt                                                    : loaded 2 times (x 73B)
Class kotlin.collections.CollectionsKt__IteratorsKt                                   : loaded 2 times (x 73B)
Class [Lcom.android.builder.model.v2.ide.CodeShrinker;                                : loaded 2 times (x 71B)
Class com.google.common.collect.AbstractMapBasedMultimap                              : loaded 2 times (x 140B)
Class com.google.common.util.concurrent.AbstractFuture                                : loaded 2 times (x 108B)
Class com.google.common.collect.RegularImmutableMap                                   : loaded 2 times (x 122B)
Class com.google.gson.stream.MalformedJsonException                                   : loaded 2 times (x 84B)
Class com.google.common.base.FunctionalEquivalence                                    : loaded 2 times (x 85B)
Class com.google.gson.Strictness                                                      : loaded 2 times (x 81B)
Class com.google.gson.internal.sql.SqlTypesSupport$1                                  : loaded 2 times (x 76B)
Class com.google.gson.internal.bind.TypeAdapters$2                                    : loaded 2 times (x 77B)
Class com.google.gson.internal.bind.TypeAdapters$15                                   : loaded 2 times (x 77B)
Class org.jetbrains.plugins.gradle.tooling.serialization.internal.IdeaProjectSerializationService$WriteContext$2: loaded 2 times (x 85B)
Class kotlin.text.StringsKt                                                           : loaded 2 times (x 73B)
Class com.google.common.collect.ImmutableMultiset                                     : loaded 2 times (x 165B)
Class org.objectweb.asm.RecordComponentVisitor                                        : loaded 2 times (x 79B)
Class com.google.common.cache.CacheLoader$SupplierToCacheLoader                       : loaded 2 times (x 77B)
Class com.google.gson.internal.sql.SqlTypesSupport$2                                  : loaded 2 times (x 76B)
Class com.google.gson.internal.bind.TypeAdapters$16                                   : loaded 2 times (x 77B)
Class com.google.gson.internal.bind.TypeAdapters$3                                    : loaded 2 times (x 77B)
Class [Lio.opentelemetry.context.Scope;                                               : loaded 2 times (x 71B)
Class org.jetbrains.plugins.gradle.tooling.serialization.AnnotationProcessingModelSerializationService$ReadContext: loaded 2 times (x 74B)
Class org.jetbrains.plugins.gradle.tooling.serialization.internal.IdeaProjectSerializationService$WriteContext$3: loaded 2 times (x 85B)
Class gnu.trove.TObjectHash$NULL                                                      : loaded 2 times (x 73B)
Class org.gradle.util.internal.DefaultGradleVersion$Stage                             : loaded 2 times (x 77B)
Class kotlin.coroutines.jvm.internal.RestrictedContinuationImpl                       : loaded 2 times (x 89B)
Class org.gradle.tooling.model.GradleProject                                          : loaded 2 times (x 72B)
Class com.google.gson.internal.bind.TypeAdapters$17                                   : loaded 2 times (x 77B)
Class com.google.gson.internal.bind.TypeAdapters$4                                    : loaded 2 times (x 77B)
Class org.jetbrains.kotlin.idea.gradleTooling.AndroidAwareGradleModelProvider         : loaded 2 times (x 81B)
Class com.intellij.gradle.toolingExtension.impl.telemetry.GradleOpenTelemetry         : loaded 2 times (x 74B)
Class org.jetbrains.plugins.gradle.tooling.serialization.internal.IdeaProjectSerializationService$WriteContext$4: loaded 2 times (x 85B)
Class com.intellij.gradle.toolingExtension.impl.model.sourceSetDependencyModel.GradleSourceSetDependencySerialisationService$Companion: loaded 2 times (x 73B)
Class [Lkotlin.Pair;                                                                  : loaded 2 times (x 71B)
Class kotlin.text.StringsKt__StringNumberConversionsKt                                : loaded 2 times (x 73B)
Class kotlin.io.FilesKt__FileReadWriteKt                                              : loaded 2 times (x 73B)
Class com.google.common.collect.UsingToStringOrdering                                 : loaded 2 times (x 116B)
Class kotlin.text.MatchNamedGroupCollection                                           : loaded 2 times (x 72B)
Class kotlin.jvm.internal.markers.KMutableList                                        : loaded 2 times (x 72B)
Class org.gradle.internal.time.MonotonicClock                                         : loaded 2 times (x 79B)
Class org.gradle.internal.service.ServiceLookupException                              : loaded 2 times (x 84B)
Class com.google.gson.annotations.JsonAdapter                                         : loaded 2 times (x 72B)
Class com.google.common.collect.Lists$ReverseList                                     : loaded 2 times (x 202B)
Class [Lcom.google.common.cache.LocalCache$EntryFactory;                              : loaded 2 times (x 71B)
Class com.google.gson.internal.bind.SerializationDelegatingTypeAdapter                : loaded 2 times (x 76B)
Class com.google.gson.internal.bind.TypeAdapters$18                                   : loaded 2 times (x 77B)
Class com.google.gson.internal.bind.TypeAdapters$5                                    : loaded 2 times (x 77B)
Class com.intellij.gradle.toolingExtension.util.GradleVersionSpecificsUtil            : loaded 2 times (x 73B)
Class io.opentelemetry.context.ContextStorage                                         : loaded 2 times (x 72B)
Class org.jetbrains.plugins.gradle.tooling.serialization.internal.IdeaProjectSerializationService$WriteContext$5: loaded 2 times (x 85B)
Class com.intellij.gradle.toolingExtension.impl.model.sourceSetDependencyModel.GradleSourceSetDependencySerialisationService$SourceSetDependencyModelWriteContext: loaded 2 times (x 74B)
Class kotlin.sequences.SequencesKt___SequencesKt$sortedWith$1                         : loaded 2 times (x 77B)
Class com.google.common.collect.ImmutableSortedSet                                    : loaded 2 times (x 302B)
Class org.gradle.internal.classloader.ClassLoaderFactory                              : loaded 2 times (x 72B)
Class com.android.builder.model.v2.ide.LibraryInfo                                    : loaded 2 times (x 72B)
Class com.android.builder.model.v2.ide.AndroidArtifact                                : loaded 2 times (x 72B)
Class com.google.common.cache.LocalCache$LocalManualCache                             : loaded 2 times (x 101B)
Class org.gradle.tooling.internal.adapter.ProtocolToModelAdapter$InvocationHandlerImpl: loaded 2 times (x 79B)
Class com.google.gson.internal.bind.ReflectiveTypeAdapterFactory$FieldReflectionAdapter: loaded 2 times (x 79B)
Class com.google.gson.internal.bind.TypeAdapters$19                                   : loaded 2 times (x 77B)
Class com.google.gson.internal.bind.TypeAdapters$6                                    : loaded 2 times (x 77B)
Class org.jetbrains.plugins.gradle.tooling.serialization.internal.IdeaProjectSerializationService$WriteContext$6: loaded 2 times (x 85B)
Class org.jetbrains.plugins.gradle.tooling.util.IntObjectMap                          : loaded 2 times (x 75B)
Class org.gradle.internal.service.CachingServiceLocator                               : loaded 2 times (x 84B)
Class com.google.gson.annotations.SerializedName                                      : loaded 2 times (x 72B)
Class com.google.common.collect.AbstractMapBasedMultimap$KeySet                       : loaded 2 times (x 139B)
Class com.google.common.math.IntMath                                                  : loaded 2 times (x 73B)
Class com.google.gson.internal.bind.TypeAdapters$7                                    : loaded 2 times (x 77B)
Class org.jetbrains.plugins.gradle.model.RepositoryModels                             : loaded 2 times (x 72B)
Class org.jetbrains.plugins.gradle.tooling.serialization.internal.IdeaProjectSerializationService$WriteContext$7: loaded 2 times (x 85B)
Class com.google.common.collect.RegularImmutableSortedSet                             : loaded 2 times (x 302B)
Class kotlin.collections.AbstractList$SubList                                         : loaded 2 times (x 200B)
Class kotlin.jvm.internal.CallableReference                                           : loaded 2 times (x 112B)
Class com.google.gson.internal.bind.CollectionTypeAdapterFactory$Adapter              : loaded 2 times (x 76B)
Class com.google.gson.internal.bind.TypeAdapters$8                                    : loaded 2 times (x 77B)
Class com.google.common.collect.ImmutableMapEntry                                     : loaded 2 times (x 87B)
Class org.jetbrains.plugins.gradle.tooling.serialization.internal.IdeaProjectSerializationService$WriteContext$8: loaded 2 times (x 85B)
Class gnu.trove.TObjectIntProcedure                                                   : loaded 2 times (x 72B)
Class kotlin.ranges.IntRange                                                          : loaded 2 times (x 95B)
Class org.gradle.tooling.model.idea.IdeaDependencyScope                               : loaded 2 times (x 72B)
Class org.gradle.internal.time.TimeSource                                             : loaded 2 times (x 72B)
Class org.gradle.tooling.model.kotlin.dsl.KotlinDslScriptsModel                       : loaded 2 times (x 72B)
Class com.google.common.collect.ImmutableMultimap                                     : loaded 2 times (x 148B)
Class com.android.builder.model.v2.ide.TestInfo                                       : loaded 2 times (x 72B)
Class com.google.common.base.Equivalence                                              : loaded 2 times (x 84B)
Class com.google.gson.internal.bind.TypeAdapters$9                                    : loaded 2 times (x 77B)
Class org.gradle.tooling.model.build.GradleEnvironment                                : loaded 2 times (x 72B)
Class com.google.common.collect.ImmutableMapEntry$NonTerminalImmutableMapEntry        : loaded 2 times (x 87B)
Class org.jetbrains.plugins.gradle.tooling.serialization.SerializationService         : loaded 2 times (x 72B)
Class org.gradle.tooling.internal.gradle.GradleBuildIdentity                          : loaded 2 times (x 72B)
Class kotlin.enums.EnumEntries                                                        : loaded 2 times (x 72B)
Class com.android.builder.model.v2.ide.JavaCompileOptions                             : loaded 2 times (x 72B)
Class org.jetbrains.plugins.gradle.tooling.util.IntObjectMap$ObjectFactory            : loaded 2 times (x 72B)
Class com.google.common.cache.CacheBuilder$OneWeigher                                 : loaded 2 times (x 84B)
Class com.google.gson.JsonParseException                                              : loaded 2 times (x 84B)
Class org.jetbrains.plugins.gradle.tooling.serialization.internal.adapter.Supplier    : loaded 2 times (x 72B)
Class org.gradle.tooling.internal.adapter.ProtocolToModelAdapter$MixInMappingAction   : loaded 2 times (x 82B)
Class org.gradle.internal.exceptions.ResolutionProvider                               : loaded 2 times (x 72B)
Class kotlin.text.MatchResult$DefaultImpls                                            : loaded 2 times (x 73B)
Class org.gradle.tooling.model.idea.IdeaCompilerOutput                                : loaded 2 times (x 72B)
Class org.gradle.tooling.model.ProjectIdentifier                                      : loaded 2 times (x 72B)
Class org.gradle.internal.classloader.ClasspathUtil                                   : loaded 2 times (x 73B)
Class com.android.builder.model.v2.ide.ComponentInfo                                  : loaded 2 times (x 72B)
Class com.google.common.util.concurrent.Uninterruptibles                              : loaded 2 times (x 73B)
Class org.jetbrains.kotlin.tooling.core.HasExtras                                     : loaded 2 times (x 72B)
Class com.android.builder.model.v2.ide.ProjectType                                    : loaded 2 times (x 81B)
Class com.intellij.gradle.toolingExtension.impl.model.sourceSetModel.GradleSourceSetSerialisationService: loaded 2 times (x 79B)
Class kotlin.io.FileSystemException                                                   : loaded 2 times (x 84B)
Class com.android.builder.model.v2.dsl.BaseConfig                                     : loaded 2 times (x 72B)
Class com.google.common.util.concurrent.LazyLogger                                    : loaded 2 times (x 74B)
Class com.google.common.collect.Maps                                                  : loaded 2 times (x 73B)
Class io.opentelemetry.context.propagation.TextMapGetter                              : loaded 2 times (x 72B)
Class org.gradle.internal.time.TimeSource$1                                           : loaded 2 times (x 79B)
Class kotlin.jvm.internal.DefaultConstructorMarker                                    : loaded 2 times (x 73B)
Class org.gradle.api.specs.Spec                                                       : loaded 2 times (x 72B)
Class com.google.gson.internal.sql.SqlDateTypeAdapter                                 : loaded 2 times (x 76B)
Class [Lcom.google.common.collect.ImmutableEntry;                                     : loaded 2 times (x 71B)
Class io.opentelemetry.context.ThreadLocalContextStorage$ScopeImpl                    : loaded 2 times (x 81B)
Class com.google.common.cache.LocalCache$LoadingValueReference                        : loaded 2 times (x 98B)
Class com.intellij.gradle.toolingExtension.impl.model.buildScriptClasspathModel.GradleBuildScriptClasspathSerializationService: loaded 2 times (x 79B)
Class com.google.common.base.Platform                                                 : loaded 2 times (x 73B)
Class com.google.gson.internal.bind.ReflectiveTypeAdapterFactory$RecordAdapter        : loaded 2 times (x 79B)
Class org.jetbrains.plugins.gradle.model.FileCollectionDependency                     : loaded 2 times (x 72B)
Class io.opentelemetry.api.trace.SpanBuilder                                          : loaded 2 times (x 72B)
Class io.opentelemetry.api.DefaultOpenTelemetry                                       : loaded 2 times (x 91B)
Class com.intellij.gradle.toolingExtension.impl.model.utilDummyModel.DummyModel       : loaded 2 times (x 72B)
Class kotlin.text.StringsKt__RegexExtensionsKt                                        : loaded 2 times (x 73B)
Class kotlin.collections.EmptyIterator                                                : loaded 2 times (x 91B)
Class org.gradle.internal.time.Clock                                                  : loaded 2 times (x 72B)
Class org.gradle.tooling.model.BuildModel                                             : loaded 2 times (x 72B)
Class com.android.builder.model.v2.dsl.ProductFlavor                                  : loaded 2 times (x 72B)
Class [Lcom.android.builder.model.v2.ide.TestInfo$Execution;                          : loaded 2 times (x 71B)
Class com.google.gson.internal.reflect.ReflectionHelper$RecordNotSupportedHelper      : loaded 2 times (x 80B)
Class [Lorg.objectweb.asm.AnnotationWriter;                                           : loaded 2 times (x 71B)
Class com.google.gson.JsonIOException                                                 : loaded 2 times (x 84B)
Class com.google.common.collect.Maps$8                                                : loaded 2 times (x 84B)
Class io.opentelemetry.context.propagation.TextMapPropagator                          : loaded 2 times (x 72B)
Class org.jetbrains.plugins.gradle.model.GradleSourceSetDependencyModel               : loaded 2 times (x 72B)
Class com.google.common.collect.CompoundOrdering                                      : loaded 2 times (x 117B)
Class kotlin.sequences.SequencesKt__SequencesJVMKt                                    : loaded 2 times (x 73B)
Class kotlin.coroutines.jvm.internal.RestrictedSuspendLambda                          : loaded 2 times (x 93B)
Class org.gradle.tooling.internal.adapter.TypeInspector                               : loaded 2 times (x 75B)
Class org.gradle.tooling.internal.adapter.ProtocolToModelAdapter$NoOpDecoration       : loaded 2 times (x 81B)
Class org.gradle.tooling.model.Element                                                : loaded 2 times (x 72B)
Class kotlin.collections.AbstractList                                                 : loaded 2 times (x 199B)
Class kotlin.collections.AbstractCollection                                           : loaded 2 times (x 119B)
Class com.google.common.collect.Lists$ReverseList$1                                   : loaded 2 times (x 101B)
Class com.google.common.collect.Sets$SetView                                          : loaded 2 times (x 141B)
Class com.google.common.cache.LocalCache$StrongValueReference                         : loaded 2 times (x 92B)
Class org.jetbrains.kotlin.tooling.core.Extras                                        : loaded 2 times (x 72B)
Class io.opentelemetry.context.ArrayBasedContext                                      : loaded 2 times (x 102B)
Class com.intellij.gradle.toolingExtension.impl.model.taskModel.GradleTaskSerialisationService: loaded 2 times (x 78B)
Class com.android.ide.gradle.model.LegacyV1AgpVersionModel                            : loaded 2 times (x 72B)
Class kotlin.text.StringsKt__StringBuilderJVMKt                                       : loaded 2 times (x 73B)
Class com.google.common.collect.ImmutableRangeSet$Builder                             : loaded 2 times (x 79B)
Class kotlin.text.Regex                                                               : loaded 2 times (x 74B)
Class kotlin.sequences.SequencesKt__SequenceBuilderKt$sequence$$inlined$Sequence$1    : loaded 2 times (x 77B)
Class org.objectweb.asm.Type                                                          : loaded 2 times (x 74B)
Class com.google.gson.LongSerializationPolicy$1                                       : loaded 2 times (x 82B)
Class org.jetbrains.plugins.gradle.tooling.util.IntObjectMap$1                        : loaded 2 times (x 79B)
Class org.gradle.tooling.model.internal.ImmutableDomainObjectSet                      : loaded 2 times (x 157B)
Class org.gradle.internal.classloader.VisitableURLClassLoader$InstrumentingVisitableURLClassLoader: loaded 2 times (x 124B)
Class com.android.builder.model.v2.ide.AndroidGradlePluginProjectFlags                : loaded 2 times (x 72B)
Class [Lcom.android.builder.model.v2.ide.AndroidGradlePluginProjectFlags$BooleanFlag; : loaded 2 times (x 71B)
Class com.android.builder.model.v2.ide.BasicVariant                                   : loaded 2 times (x 72B)
Class com.google.common.math.IntMath$1                                                : loaded 2 times (x 73B)
Class org.objectweb.asm.ByteVector                                                    : loaded 2 times (x 81B)
Class [Lcom.google.common.cache.CacheBuilder$NullListener;                            : loaded 2 times (x 71B)
Class com.google.gson.LongSerializationPolicy$2                                       : loaded 2 times (x 82B)
Class io.opentelemetry.api.trace.SpanId                                               : loaded 2 times (x 73B)
Class kotlin.comparisons.ComparisonsKt__ComparisonsKt                                 : loaded 2 times (x 73B)
Class kotlin.ranges.RangesKt__RangesKt                                                : loaded 2 times (x 73B)
Class kotlin.collections.SetsKt___SetsKt                                              : loaded 2 times (x 73B)
Class kotlin.sequences.SequencesKt__SequencesKt                                       : loaded 2 times (x 73B)
Class kotlin.coroutines.Continuation                                                  : loaded 2 times (x 72B)
Class org.gradle.internal.classloader.VisitableURLClassLoader$Spec                    : loaded 2 times (x 76B)
Class org.gradle.internal.classpath.DefaultClassPath                                  : loaded 2 times (x 92B)
Class com.android.builder.model.v2.ide.BundleInfo                                     : loaded 2 times (x 72B)
Class com.android.builder.model.v2.ide.SourceProvider                                 : loaded 2 times (x 72B)
Class org.objectweb.asm.Symbol                                                        : loaded 2 times (x 75B)
Class org.jetbrains.plugins.gradle.model.GradleBuildScriptClasspathModel              : loaded 2 times (x 72B)
Class kotlin.sequences.FilteringSequence                                              : loaded 2 times (x 77B)
Class kotlin.text.CharsKt__CharJVMKt                                                  : loaded 2 times (x 73B)
Class kotlin.comparisons.ComparisonsKt                                                : loaded 2 times (x 73B)
Class kotlin.comparisons.ComparisonsKt___ComparisonsKt                                : loaded 2 times (x 73B)
Class kotlin.coroutines.jvm.internal.BaseContinuationImpl                             : loaded 2 times (x 89B)
Class kotlin.Result$Companion                                                         : loaded 2 times (x 73B)
Class org.gradle.util.internal.DefaultGradleVersion                                   : loaded 2 times (x 84B)
Class [Lio.opentelemetry.api.trace.ImmutableTraceFlags;                               : loaded 2 times (x 71B)
Class [Lcom.google.gson.Strictness;                                                   : loaded 2 times (x 71B)
Class com.google.gson.reflect.TypeToken                                               : loaded 2 times (x 77B)
Class com.google.common.collect.RegularImmutableMap$Values                            : loaded 2 times (x 209B)
Class com.google.gson.JsonObject                                                      : loaded 2 times (x 95B)
Class [Lio.opentelemetry.context.ThreadLocalContextStorage;                           : loaded 2 times (x 71B)
Class org.gradle.internal.classloader.ClassLoaderSpec                                 : loaded 2 times (x 73B)
Class org.objectweb.asm.AnnotationWriter                                              : loaded 2 times (x 80B)
Class com.google.common.cache.CacheStats                                              : loaded 2 times (x 73B)
Class com.google.gson.internal.sql.SqlTimestampTypeAdapter$1                          : loaded 2 times (x 77B)
Class com.google.gson.JsonPrimitive                                                   : loaded 2 times (x 95B)
Class kotlin.jvm.internal.FunctionReferenceImpl                                       : loaded 2 times (x 128B)
Class kotlin.collections.CollectionsKt___CollectionsJvmKt                             : loaded 2 times (x 73B)
Class com.google.common.collect.ImmutableMultisetGwtSerializationDependencies         : loaded 2 times (x 127B)
Class [Lcom.google.gson.ReflectionAccessFilter$FilterResult;                          : loaded 2 times (x 71B)
Class org.objectweb.asm.RecordComponentWriter                                         : loaded 2 times (x 79B)
Class com.google.common.util.concurrent.AbstractFuture$Listener                       : loaded 2 times (x 74B)
Class [Lcom.android.builder.model.v2.ide.ProjectType;                                 : loaded 2 times (x 71B)
Class com.google.common.util.concurrent.ExecutionError                                : loaded 2 times (x 84B)
Class com.google.gson.JsonElement                                                     : loaded 2 times (x 94B)
Class Settings_gradle$1$1                                                             : loaded 2 times (x 76B)
Class io.opentelemetry.api.trace.Tracer                                               : loaded 2 times (x 72B)
Class kotlin.TuplesKt                                                                 : loaded 2 times (x 73B)
Class kotlin.jvm.internal.markers.KMutableIterable                                    : loaded 2 times (x 72B)
Class kotlin.Unit                                                                     : loaded 2 times (x 73B)
Class kotlin.sequences.SequencesKt___SequencesJvmKt                                   : loaded 2 times (x 73B)
Class org.gradle.tooling.internal.adapter.ProtocolToModelAdapter$DefaultViewBuilder   : loaded 2 times (x 82B)
Class org.gradle.api.internal.classpath.Module$ModuleAlias                            : loaded 2 times (x 72B)
Class [Lcom.android.builder.model.v2.ide.AaptOptions$Namespacing;                     : loaded 2 times (x 71B)
Class org.objectweb.asm.Attribute                                                     : loaded 2 times (x 79B)
Class com.android.ide.common.gradle.Version$Companion$ParseState                      : loaded 2 times (x 72B)
Class com.google.common.base.Supplier                                                 : loaded 2 times (x 72B)
Class com.google.gson.internal.bind.CollectionTypeAdapterFactory                      : loaded 2 times (x 77B)
Class io.opentelemetry.api.trace.ArrayBasedTraceState                                 : loaded 2 times (x 88B)
Class io.opentelemetry.context.ContextKey                                             : loaded 2 times (x 72B)
Class io.opentelemetry.context.propagation.TextMapSetter                              : loaded 2 times (x 72B)
Class ijInit1_apgup0d2wlwz274dz06s9lbd0$_run_closure1                                 : loaded 2 times (x 141B)
Class kotlin.ranges.RangesKt                                                          : loaded 2 times (x 73B)
Class org.gradle.tooling.internal.adapter.ProtocolToModelAdapter$ViewGraphDetails$1   : loaded 2 times (x 79B)
Class org.gradle.internal.classloader.VisitableURLClassLoader                         : loaded 2 times (x 118B)
Class com.android.ide.common.repository.AgpVersion$Companion                          : loaded 2 times (x 73B)
Class Settings_gradle                                                                 : loaded 2 times (x 126B)
Class org.jetbrains.plugins.gradle.tooling.serialization.ExternalTestsSerializationService$ReadContext: loaded 2 times (x 74B)
Class kotlin.sequences.FlatteningSequence$iterator$1                                  : loaded 2 times (x 81B)
Class kotlin.jvm.functions.Function0                                                  : loaded 2 times (x 72B)
Class kotlin.collections.ArraysUtilJVM                                                : loaded 2 times (x 73B)
Class com.google.common.collect.ImmutableEnumSet                                      : loaded 2 times (x 148B)
Class com.android.builder.model.v2.models.VariantDependenciesAdjacencyList            : loaded 2 times (x 72B)
Class org.gradle.tooling.model.eclipse.EclipseProject                                 : loaded 2 times (x 72B)
Class org.gradle.tooling.model.idea.IdeaDependency                                    : loaded 2 times (x 72B)
Class com.android.builder.model.v2.ide.AaptOptions                                    : loaded 2 times (x 72B)
Class [Lcom.android.builder.model.v2.ide.BytecodeTransformation;                      : loaded 2 times (x 71B)
Class com.google.common.base.Strings                                                  : loaded 2 times (x 73B)
Class com.google.common.collect.Sets                                                  : loaded 2 times (x 73B)
Class org.objectweb.asm.Handler                                                       : loaded 2 times (x 74B)
Class com.android.ide.common.gradle.Version$Companion                                 : loaded 2 times (x 73B)
Class com.google.common.base.Ticker                                                   : loaded 2 times (x 74B)
Class org.gradle.internal.classloader.ClassLoaderHierarchy                            : loaded 2 times (x 72B)
Class com.google.gson.internal.bind.TreeTypeAdapter                                   : loaded 2 times (x 77B)
Class com.google.gson.internal.sql.SqlTimeTypeAdapter                                 : loaded 2 times (x 76B)
Class kotlin.collections.AbstractMutableList                                          : loaded 2 times (x 208B)
Class kotlin.jvm.functions.Function1                                                  : loaded 2 times (x 72B)
Class com.android.builder.model.v2.models.ndk.NativeModelBuilderParameter             : loaded 2 times (x 72B)
Class [Lcom.google.common.cache.LocalCache$Segment;                                   : loaded 2 times (x 71B)
Class [Lcom.google.common.cache.LocalCache$Strength;                                  : loaded 2 times (x 71B)
Class com.google.common.cache.CacheBuilder$1                                          : loaded 2 times (x 87B)
Class kotlin.collections.CollectionsKt__ReversedViewsKt                               : loaded 2 times (x 73B)
Class com.google.gson.internal.bind.TypeAdapters$20                                   : loaded 2 times (x 77B)
Class com.google.common.collect.ImmutableMap                                          : loaded 2 times (x 122B)
Class io.opentelemetry.api.trace.ArrayBasedTraceStateBuilder                          : loaded 2 times (x 79B)
Class org.jetbrains.plugins.gradle.tooling.serialization.internal.IdeaProjectSerializationService$WriteContext: loaded 2 times (x 74B)
Class com.intellij.gradle.toolingExtension.impl.model.sourceSetDependencyModel.GradleSourceSetDependencySerialisationService: loaded 2 times (x 79B)
Class org.jetbrains.plugins.gradle.model.GradleSourceSetModel                         : loaded 2 times (x 72B)
Class kotlin.KotlinNothingValueException                                              : loaded 2 times (x 84B)
Class kotlin.jvm.functions.Function2                                                  : loaded 2 times (x 72B)
Class org.gradle.internal.classpath.DefaultClassPath$ImmutableUniqueList$Builder      : loaded 2 times (x 77B)
Class com.google.common.cache.LocalCache                                              : loaded 2 times (x 188B)
Class com.google.common.cache.CacheBuilder$2                                          : loaded 2 times (x 81B)
Class kotlin.sequences.SequencesKt__SequenceBuilderKt                                 : loaded 2 times (x 73B)
Class com.google.gson.internal.bind.TypeAdapters$21                                   : loaded 2 times (x 77B)
Class com.google.gson.FieldNamingPolicy$1                                             : loaded 2 times (x 85B)
Class io.opentelemetry.api.trace.TracerProvider                                       : loaded 2 times (x 72B)
Class com.android.ide.gradle.model.dependencies.Coordinates                           : loaded 2 times (x 72B)
Class com.google.common.collect.AbstractRangeSet                                      : loaded 2 times (x 116B)
Class kotlin.collections.MapsKt___MapsJvmKt                                           : loaded 2 times (x 73B)
Class org.gradle.tooling.internal.adapter.WeakIdentityHashMap$AbsentValueProvider     : loaded 2 times (x 72B)
Class com.google.common.collect.ArrayListMultimap                                     : loaded 2 times (x 173B)
Class com.google.common.cache.CacheBuilder$3                                          : loaded 2 times (x 74B)
Class com.google.gson.internal.bind.TypeAdapters$22                                   : loaded 2 times (x 77B)
Class com.google.gson.FieldNamingPolicy$2                                             : loaded 2 times (x 85B)
Class com.google.gson.internal.Excluder$1                                             : loaded 2 times (x 76B)
Class [Lcom.google.common.collect.AbstractMapEntry;                                   : loaded 2 times (x 71B)
Class com.google.common.collect.ImmutableEntry                                        : loaded 2 times (x 84B)
Class io.opentelemetry.api.trace.AutoValue_ArrayBasedTraceState                       : loaded 2 times (x 89B)
Class gnu.trove.TObjectHash                                                           : loaded 2 times (x 96B)
Class org.jetbrains.plugins.gradle.tooling.util.ObjectCollector$Processor             : loaded 2 times (x 72B)
Class kotlin.jvm.functions.Function4                                                  : loaded 2 times (x 72B)
Class kotlin.collections.EmptySet                                                     : loaded 2 times (x 124B)
Class kotlin.annotation.Target                                                        : loaded 2 times (x 72B)
Class kotlin.collections.CollectionsKt___CollectionsKt                                : loaded 2 times (x 73B)
Class kotlin.io.FilesKt__FileTreeWalkKt                                               : loaded 2 times (x 73B)
Class org.gradle.internal.exceptions.NonGradleCauseExceptionsHolder                   : loaded 2 times (x 72B)
Class org.gradle.tooling.model.idea.IdeaModuleDependency                              : loaded 2 times (x 72B)
Class org.gradle.tooling.internal.adapter.ViewBuilder                                 : loaded 2 times (x 72B)
Class com.android.builder.model.v2.ide.AndroidLibraryData                             : loaded 2 times (x 72B)
Class com.android.builder.model.v2.ide.ApiVersion                                     : loaded 2 times (x 72B)
Class com.android.ide.common.gradle.Version                                           : loaded 2 times (x 77B)
Class com.google.gson.internal.bind.TypeAdapters$23                                   : loaded 2 times (x 77B)
Class com.google.gson.FieldNamingPolicy$3                                             : loaded 2 times (x 85B)
Class com.google.common.collect.CollectPreconditions                                  : loaded 2 times (x 73B)
Class io.opentelemetry.api.trace.TraceState                                           : loaded 2 times (x 72B)
Class org.jetbrains.plugins.gradle.model.AnnotationProcessingConfig                   : loaded 2 times (x 72B)
Class gnu.trove.Equality                                                              : loaded 2 times (x 72B)
Class kotlin.text.StringsKt___StringsJvmKt                                            : loaded 2 times (x 73B)
Class kotlin.reflect.KDeclarationContainer                                            : loaded 2 times (x 72B)
Class kotlin.annotation.Retention                                                     : loaded 2 times (x 72B)
Class org.gradle.tooling.model.eclipse.HierarchicalEclipseProject                     : loaded 2 times (x 72B)
Class com.android.builder.model.v2.models.Versions$Version                            : loaded 2 times (x 72B)
Class com.google.gson.internal.bind.TypeAdapters$24                                   : loaded 2 times (x 77B)
Class com.google.gson.FieldNamingPolicy$4                                             : loaded 2 times (x 85B)
Class com.google.common.collect.SortedMapDifference                                   : loaded 2 times (x 72B)
Class io.opentelemetry.context.LazyStorage                                            : loaded 2 times (x 73B)
Class org.jetbrains.plugins.gradle.tooling.ModelBuilderService$Parameter              : loaded 2 times (x 72B)
Class kotlin.io.FilesKt                                                               : loaded 2 times (x 73B)
Class kotlin.collections.MapsKt___MapsKt                                              : loaded 2 times (x 73B)
Class kotlin.collections.ArraysKt___ArraysKt                                          : loaded 2 times (x 73B)
Class com.google.common.cache.LocalCache$EntryFactory                                 : loaded 2 times (x 85B)
Class com.google.gson.internal.bind.TypeAdapters$25                                   : loaded 2 times (x 77B)
Class com.google.gson.FieldNamingPolicy$5                                             : loaded 2 times (x 85B)
Class gnu.trove.TObjectHashingStrategy                                                : loaded 2 times (x 72B)
Class kotlin.collections.MapsKt__MapWithDefaultKt                                     : loaded 2 times (x 73B)
Class org.gradle.tooling.internal.adapter.ProtocolToModelAdapter$ReflectionMethodInvoker: loaded 2 times (x 78B)
Class com.google.common.cache.LocalCache$AbstractReferenceEntry                       : loaded 2 times (x 109B)
Class [Lcom.android.ide.common.gradle.Separator;                                      : loaded 2 times (x 71B)
Class org.jetbrains.kotlin.tooling.core.HasMutableExtras                              : loaded 2 times (x 72B)
Class com.google.gson.internal.bind.ArrayTypeAdapter                                  : loaded 2 times (x 76B)
Class com.google.gson.internal.bind.TypeAdapters$26                                   : loaded 2 times (x 77B)
Class com.google.gson.FieldNamingPolicy$6                                             : loaded 2 times (x 85B)
Class kotlin.text.StringsKt___StringsKt                                               : loaded 2 times (x 73B)
Class com.google.common.collect.NullsLastOrdering                                     : loaded 2 times (x 117B)
Class kotlin.collections.CollectionsKt__MutableCollectionsJVMKt                       : loaded 2 times (x 73B)
Class kotlin.jvm.internal.CollectionToArray                                           : loaded 2 times (x 73B)
Class kotlin.enums.EnumEntriesKt                                                      : loaded 2 times (x 73B)
Class com.google.gson.internal.reflect.ReflectionHelper                               : loaded 2 times (x 73B)
Class com.android.builder.model.v2.models.VariantDependencies                         : loaded 2 times (x 72B)
Class org.objectweb.asm.SymbolTable                                                   : loaded 2 times (x 74B)
Class kotlin.sequences.FilteringSequence$iterator$1                                   : loaded 2 times (x 81B)
Class com.google.common.cache.CacheLoader$InvalidCacheLoadException                   : loaded 2 times (x 84B)
Class com.google.gson.internal.bind.TypeAdapters$27                                   : loaded 2 times (x 77B)
Class com.google.gson.FieldNamingPolicy$7                                             : loaded 2 times (x 85B)
Class io.opentelemetry.context.propagation.NoopTextMapPropagator                      : loaded 2 times (x 78B)
Class com.intellij.gradle.toolingExtension.model.repositoryModel.ProjectRepositoriesModel: loaded 2 times (x 72B)
Class org.jetbrains.plugins.gradle.model.GradleProperty                               : loaded 2 times (x 72B)
Class gnu.trove.TObjectCanonicalHashingStrategy                                       : loaded 2 times (x 80B)
Class com.google.common.collect.ImmutableRangeSet$ComplementRanges                    : loaded 2 times (x 209B)
Class com.android.builder.model.v2.ide.TestedTargetVariant                            : loaded 2 times (x 72B)
Class com.google.common.cache.LocalCache$StrongEntry                                  : loaded 2 times (x 110B)
Class com.google.common.util.concurrent.AbstractFuture$TrustedFuture                  : loaded 2 times (x 116B)
Class com.google.common.cache.LoadingCache                                            : loaded 2 times (x 72B)
Class [Lcom.google.gson.LongSerializationPolicy;                                      : loaded 2 times (x 71B)
Class kotlin.ranges.IntRange$Companion                                                : loaded 2 times (x 73B)
Class kotlin.text.MatcherMatchResult$groups$1                                         : loaded 2 times (x 153B)
Class kotlin.collections.EmptyMap                                                     : loaded 2 times (x 110B)
Class kotlin.reflect.KAnnotatedElement                                                : loaded 2 times (x 72B)
Class kotlin.jvm.internal.markers.KMutableCollection                                  : loaded 2 times (x 72B)
Class kotlin.coroutines.intrinsics.IntrinsicsKt                                       : loaded 2 times (x 73B)
Class org.gradle.internal.exceptions.MultiCauseException                              : loaded 2 times (x 72B)
Class org.gradle.internal.time.CountdownTimer                                         : loaded 2 times (x 72B)
Class kotlin.jvm.internal.Intrinsics                                                  : loaded 2 times (x 73B)
Class org.objectweb.asm.MethodWriter                                                  : loaded 2 times (x 107B)
Class [Lcom.google.common.cache.Weigher;                                              : loaded 2 times (x 71B)
Class com.google.gson.internal.bind.MapTypeAdapterFactory                             : loaded 2 times (x 77B)
Class com.google.gson.internal.bind.TypeAdapters$29                                   : loaded 2 times (x 77B)
Class com.google.gson.JsonNull                                                        : loaded 2 times (x 94B)
Class com.google.common.collect.RegularImmutableMap$BucketOverflowException           : loaded 2 times (x 84B)
Class io.opentelemetry.api.trace.Span                                                 : loaded 2 times (x 72B)
Class com.intellij.gradle.toolingExtension.impl.model.projectModel.GradleExternalProjectSerializationService$ReadContext: loaded 2 times (x 75B)
Class com.intellij.gradle.toolingExtension.impl.model.dependencyModel.DependencyWriteContext: loaded 2 times (x 74B)
Class kotlin.collections.MapsKt                                                       : loaded 2 times (x 73B)
Class kotlin.coroutines.intrinsics.CoroutineSingletons                                : loaded 2 times (x 81B)
Class kotlin.collections.CollectionsKt__IterablesKt                                   : loaded 2 times (x 73B)
Class org.gradle.tooling.model.ProjectModel                                           : loaded 2 times (x 72B)
Class org.gradle.tooling.model.gradle.GradleBuild                                     : loaded 2 times (x 72B)
Class com.google.common.collect.ImmutableMultimap$1                                   : loaded 2 times (x 84B)
Class com.android.ide.common.gradle.Version$Companion$ParseState$EMPTY                : loaded 2 times (x 76B)
Class kotlin.ranges.OpenEndRange                                                      : loaded 2 times (x 72B)
Class kotlin.sequences.SequenceBuilderIterator                                        : loaded 2 times (x 87B)
Class kotlin.KotlinNullPointerException                                               : loaded 2 times (x 84B)
Class com.google.common.collect.ImmutableMultimap$2                                   : loaded 2 times (x 83B)
Class com.android.ide.common.repository.AgpVersion$Companion$WhenMappings             : loaded 2 times (x 73B)
Class com.google.common.collect.RegularImmutableBiMap                                 : loaded 2 times (x 150B)
Class com.google.common.cache.LocalCache$ValueReference                               : loaded 2 times (x 72B)
Class com.intellij.gradle.toolingExtension.impl.model.sourceSetModel.GradleSourceSetSerialisationService$Companion: loaded 2 times (x 73B)
Class org.gradle.internal.classloader.FilteringClassLoader                            : loaded 2 times (x 106B)
Class com.google.gson.internal.bind.DefaultDateTypeAdapter$DateType$1                 : loaded 2 times (x 75B)
Class io.opentelemetry.api.OpenTelemetry                                              : loaded 2 times (x 72B)
Class org.jetbrains.plugins.gradle.model.tests.ExternalTestsModel                     : loaded 2 times (x 72B)
Class kotlin.ranges.RangesKt___RangesKt                                               : loaded 2 times (x 73B)
Class org.gradle.tooling.model.idea.IdeaLanguageLevel                                 : loaded 2 times (x 72B)
Class org.gradle.tooling.internal.adapter.ProtocolToModelAdapter$SafeMethodInvoker    : loaded 2 times (x 78B)
Class org.gradle.tooling.internal.adapter.WeakIdentityHashMap$WeakKey                 : loaded 2 times (x 82B)
Class org.gradle.internal.exceptions.DefaultMultiCauseException                       : loaded 2 times (x 97B)
Class com.android.builder.model.v2.ide.ProjectInfo                                    : loaded 2 times (x 72B)
Class com.google.common.base.PatternCompiler                                          : loaded 2 times (x 72B)
Class com.google.common.util.concurrent.AbstractFuture$Failure                        : loaded 2 times (x 74B)
Class com.google.common.base.Equivalence$Equals                                       : loaded 2 times (x 84B)
Class com.google.gson.internal.LazilyParsedNumber                                     : loaded 2 times (x 80B)
Class com.google.common.collect.Hashing                                               : loaded 2 times (x 73B)
Class kotlin.NotImplementedError                                                      : loaded 2 times (x 84B)
Class io.opentelemetry.api.trace.PropagatedSpan                                       : loaded 2 times (x 114B)
Class com.intellij.gradle.toolingExtension.impl.model.projectModel.GradleExternalProjectSerializationService: loaded 2 times (x 79B)
Class kotlin.text.CharsKt__CharKt                                                     : loaded 2 times (x 73B)
Class kotlin.collections.ArrayDeque$Companion                                         : loaded 2 times (x 73B)
Class kotlin.collections.ArraysKt                                                     : loaded 2 times (x 73B)
Class org.gradle.tooling.model.HierarchicalElement                                    : loaded 2 times (x 72B)
Class com.android.builder.model.v2.dsl.DependenciesInfo                               : loaded 2 times (x 72B)
Class kotlin.sequences.FlatteningSequence                                             : loaded 2 times (x 77B)
Class org.objectweb.asm.Label                                                         : loaded 2 times (x 75B)
Class org.objectweb.asm.CurrentFrame                                                  : loaded 2 times (x 75B)
Class org.objectweb.asm.ClassTooLargeException                                        : loaded 2 times (x 84B)
Class kotlin.text.MatcherMatchResult                                                  : loaded 2 times (x 82B)
Class kotlin.text.MatchGroupCollection                                                : loaded 2 times (x 72B)
Class com.google.gson.stream.JsonReader                                               : loaded 2 times (x 99B)
Class io.opentelemetry.api.trace.TraceFlags                                           : loaded 2 times (x 72B)
Class org.jetbrains.plugins.gradle.tooling.serialization.ExternalTestsSerializationService: loaded 2 times (x 79B)
Class com.google.common.collect.ByFunctionOrdering                                    : loaded 2 times (x 117B)
Class kotlin.collections.SetsKt__SetsKt                                               : loaded 2 times (x 73B)
Class kotlin.coroutines.EmptyCoroutineContext                                         : loaded 2 times (x 79B)
Class org.gradle.internal.time.Time                                                   : loaded 2 times (x 73B)
Class com.google.gson.internal.reflect.ReflectionHelper$RecordSupportedHelper         : loaded 2 times (x 80B)
Class com.android.builder.model.v2.models.ProjectGraph                                : loaded 2 times (x 72B)
Class kotlin.text.StringsKt__StringsKt                                                : loaded 2 times (x 73B)
Class org.objectweb.asm.Frame                                                         : loaded 2 times (x 75B)
Class org.objectweb.asm.MethodVisitor                                                 : loaded 2 times (x 107B)
Class com.android.ide.common.gradle.Version$Companion$ParseState$NUMERIC              : loaded 2 times (x 76B)
Class com.google.common.cache.LocalCache$EntryFactory$1                               : loaded 2 times (x 85B)
Class [Lcom.google.common.cache.RemovalListener;                                      : loaded 2 times (x 71B)
Class com.android.ide.gradle.model.dependencies.DeclaredDependencies                  : loaded 2 times (x 72B)
Class org.jetbrains.plugins.gradle.tooling.serialization.internal.IdeaProjectSerializationService$ReadContext: loaded 2 times (x 74B)
Class com.android.ide.common.repository.AgpVersion$PreviewKind                        : loaded 2 times (x 81B)
Class org.jetbrains.plugins.gradle.tooling.serialization.AnnotationProcessingModelSerializationService: loaded 2 times (x 79B)
Class sync_studio_tooling_7jme9xqrfdya6u2l3r16bfplz$_run_closure1                     : loaded 2 times (x 140B)
Class kotlin.collections.ArraysKt__ArraysJVMKt                                        : loaded 2 times (x 73B)
Class com.google.common.cache.LocalCache$EntryFactory$2                               : loaded 2 times (x 85B)
Class com.google.gson.internal.bind.JsonAdapterAnnotationTypeAdapterFactory           : loaded 2 times (x 77B)
Class org.jetbrains.plugins.gradle.model.DependencyAccessorsModel                     : loaded 2 times (x 72B)
Class [Lcom.intellij.openapi.externalSystem.model.project.dependencies.ResolutionState;: loaded 2 times (x 71B)
Class gnu.trove.TObjectIntHashMap                                                     : loaded 2 times (x 111B)
Class kotlin.text.StringsKt__StringBuilderKt                                          : loaded 2 times (x 73B)
Class com.google.common.collect.RangeSet                                              : loaded 2 times (x 72B)
Class kotlin.jvm.internal.CallableReference$NoReceiver                                : loaded 2 times (x 73B)
Class org.objectweb.asm.ModuleWriter                                                  : loaded 2 times (x 83B)
Class com.google.common.cache.LocalCache$EntryFactory$3                               : loaded 2 times (x 85B)
Class com.google.common.base.Ticker$1                                                 : loaded 2 times (x 74B)
Class com.google.gson.internal.bind.NumberTypeAdapter                                 : loaded 2 times (x 76B)
Class com.google.common.collect.Maps$BiMapConverter                                   : loaded 2 times (x 92B)
Class com.google.common.collect.ImmutableMapEntrySet$RegularEntrySet                  : loaded 2 times (x 154B)
Class org.jetbrains.kotlin.idea.gradleTooling.KotlinMPPGradleModel                    : loaded 2 times (x 72B)
Class io.opentelemetry.context.propagation.ContextPropagators                         : loaded 2 times (x 72B)
Class com.intellij.gradle.toolingExtension.impl.model.dependencyDownloadPolicyModel.GradleDependencyDownloadPolicy: loaded 2 times (x 72B)
Class org.gradle.tooling.model.BuildIdentifier                                        : loaded 2 times (x 72B)
Class kotlin.NoWhenBranchMatchedException                                             : loaded 2 times (x 84B)
Class com.android.builder.model.v2.ide.VectorDrawablesOptions                         : loaded 2 times (x 72B)
Class com.google.common.collect.ImmutableSet$Builder                                  : loaded 2 times (x 87B)
Class com.google.common.cache.LocalCache$EntryFactory$4                               : loaded 2 times (x 85B)
Class com.google.common.collect.RegularImmutableMap$KeySet                            : loaded 2 times (x 154B)
Class com.google.gson.ToNumberPolicy$1                                                : loaded 2 times (x 85B)
Class [Lcom.google.gson.FieldNamingStrategy;                                          : loaded 2 times (x 71B)
Class com.google.gson.internal.Excluder                                               : loaded 2 times (x 77B)
Class org.jetbrains.kotlin.idea.gradleTooling.PrepareKotlinIdeImportTaskModel         : loaded 2 times (x 72B)
Class org.gradle.tooling.model.BuildableElement                                       : loaded 2 times (x 72B)
Class org.gradle.tooling.model.HasGradleProject                                       : loaded 2 times (x 72B)
Class com.android.builder.model.v2.ide.Edge                                           : loaded 2 times (x 72B)
Class com.google.gson.internal.ReflectionAccessFilterHelper                           : loaded 2 times (x 73B)
Class com.google.gson.internal.reflect.ReflectionHelper$RecordHelper                  : loaded 2 times (x 77B)
Class com.android.builder.model.v2.models.VariantDependenciesFlatList                 : loaded 2 times (x 72B)
Class com.google.common.cache.LocalCache$EntryFactory$5                               : loaded 2 times (x 85B)
Class com.google.gson.ToNumberPolicy$2                                                : loaded 2 times (x 85B)
Class com.android.ide.gradle.model.GradlePluginModel                                  : loaded 2 times (x 72B)
Class com.google.common.collect.ReverseOrdering                                       : loaded 2 times (x 117B)
Class org.gradle.tooling.model.build.JavaEnvironment                                  : loaded 2 times (x 72B)
Class com.google.gson.internal.bind.ObjectTypeAdapter$1                               : loaded 2 times (x 78B)
Class com.android.builder.model.v2.ide.SourceSetContainer                             : loaded 2 times (x 72B)
Class com.google.gson.internal.bind.ReflectiveTypeAdapterFactory$FieldsData           : loaded 2 times (x 74B)
Class com.google.common.cache.LocalCache$EntryFactory$6                               : loaded 2 times (x 85B)
Class com.google.gson.ToNumberPolicy$3                                                : loaded 2 times (x 85B)
Class org.gradle.internal.time.Timer                                                  : loaded 2 times (x 72B)
Class kotlin.jvm.internal.markers.KMappedMarker                                       : loaded 2 times (x 72B)
Class org.gradle.internal.installation.CurrentGradleInstallationLocator               : loaded 2 times (x 73B)
Class com.google.common.collect.ImmutableMultimap$Builder                             : loaded 2 times (x 88B)
Class com.android.builder.model.v2.ide.LintOptions                                    : loaded 2 times (x 72B)
Class com.google.common.collect.Maps$KeySet                                           : loaded 2 times (x 139B)
Class com.google.common.collect.ImmutableSet$EmptySetBuilderImpl                      : loaded 2 times (x 78B)
Class com.google.common.cache.LocalCache$EntryFactory$7                               : loaded 2 times (x 85B)
Class com.google.gson.ToNumberPolicy$4                                                : loaded 2 times (x 85B)
Class com.google.common.base.Equivalence$Identity                                     : loaded 2 times (x 84B)
Class kotlin.coroutines.jvm.internal.SpillingKt                                       : loaded 2 times (x 73B)
Class org.gradle.tooling.internal.adapter.ProtocolToModelAdapter$ViewGraphDetails     : loaded 2 times (x 74B)
Class org.gradle.tooling.model.idea.IdeaProject                                       : loaded 2 times (x 72B)
Class org.gradle.tooling.model.DomainObjectSet                                        : loaded 2 times (x 72B)
Class org.gradle.internal.service.DefaultServiceLocator                               : loaded 2 times (x 85B)
Class com.google.common.collect.ImmutableMultimap$EntryCollection                     : loaded 2 times (x 130B)
Class com.android.builder.model.v2.ide.BasicArtifact                                  : loaded 2 times (x 72B)
Class com.google.common.base.PairwiseEquivalence                                      : loaded 2 times (x 85B)
Class com.google.common.cache.LocalCache$EntryFactory$8                               : loaded 2 times (x 85B)
Class com.google.gson.internal.sql.SqlTypesSupport                                    : loaded 2 times (x 73B)
Class com.google.gson.Gson                                                            : loaded 2 times (x 74B)
Class io.opentelemetry.api.trace.SpanContextKey                                       : loaded 2 times (x 73B)
Class kotlin.coroutines.jvm.internal.SuspendFunction                                  : loaded 2 times (x 72B)
Class org.gradle.util.GradleVersion                                                   : loaded 2 times (x 83B)
Class org.gradle.internal.installation.CurrentGradleInstallation                      : loaded 2 times (x 75B)
Class com.google.gson.Gson$FutureTypeAdapter                                          : loaded 2 times (x 78B)
Class com.google.common.cache.CacheLoader$1                                           : loaded 2 times (x 77B)
Class com.google.common.collect.ForwardingObject                                      : loaded 2 times (x 74B)
Class com.google.gson.Gson$1                                                          : loaded 2 times (x 78B)
Class org.jetbrains.plugins.gradle.javaModel.JavaGradleManifestModel                  : loaded 2 times (x 72B)
Class org.jetbrains.plugins.gradle.tooling.serialization.GradleExtensionsSerializationService$WriteContext: loaded 2 times (x 74B)
Class com.intellij.gradle.toolingExtension.impl.model.taskModel.GradleTaskSerialisationService$Companion: loaded 2 times (x 73B)
Class kotlin.jvm.internal.Ref$BooleanRef                                              : loaded 2 times (x 73B)
Class kotlin.jvm.internal.StringCompanionObject                                       : loaded 2 times (x 73B)
Class kotlin.coroutines.intrinsics.IntrinsicsKt__IntrinsicsJvmKt                      : loaded 2 times (x 73B)
Class kotlin.coroutines.jvm.internal.CoroutineStackFrame                              : loaded 2 times (x 72B)
Class org.gradle.tooling.internal.adapter.ProtocolToModelAdapter$MethodInvocationCache$MethodInvocationKey: loaded 2 times (x 75B)
Class org.gradle.tooling.model.gradle.ProjectPublications                             : loaded 2 times (x 72B)
Class org.gradle.util.internal.GUtil                                                  : loaded 2 times (x 73B)
Class com.android.utils.StringHelper                                                  : loaded 2 times (x 73B)
Class com.google.common.cache.AbstractCache$StatsCounter                              : loaded 2 times (x 72B)
Class com.google.gson.Gson$2                                                          : loaded 2 times (x 78B)
Class io.opentelemetry.api.trace.TraceId                                              : loaded 2 times (x 73B)
Class com.intellij.gradle.toolingExtension.impl.model.utilTurnOffDefaultTasksModel.TurnOffDefaultTasks: loaded 2 times (x 72B)
Class com.intellij.gradle.toolingExtension.impl.model.sourceSetModel.GradleSourceSetSerialisationService$SourceSetModelReadContext: loaded 2 times (x 74B)
Class kotlin.io.NoSuchFileException                                                   : loaded 2 times (x 84B)
Class kotlin.collections.CollectionsKt                                                : loaded 2 times (x 73B)
Class com.android.builder.model.v2.dsl.BuildType                                      : loaded 2 times (x 72B)
Class com.google.common.base.CommonPattern                                            : loaded 2 times (x 76B)
Class com.android.builder.model.v2.ide.ViewBindingOptions                             : loaded 2 times (x 72B)
Class com.google.gson.internal.bind.ReflectiveTypeAdapterFactory$BoundField           : loaded 2 times (x 77B)
Class com.google.gson.Gson$3                                                          : loaded 2 times (x 77B)
Class io.opentelemetry.api.internal.ImmutableSpanContext                              : loaded 2 times (x 93B)
Class com.intellij.gradle.toolingExtension.impl.model.sourceSetModel.GradleSourceSetSerialisationService$SourceSetModelWriteContext: loaded 2 times (x 74B)
Class kotlin.ranges.IntProgressionIterator                                            : loaded 2 times (x 84B)
Class kotlin.coroutines.CoroutineContext                                              : loaded 2 times (x 72B)
Class kotlin.coroutines.jvm.internal.DebugProbesKt                                    : loaded 2 times (x 73B)
Class org.gradle.tooling.internal.adapter.WeakIdentityHashMap                         : loaded 2 times (x 78B)
Class org.gradle.tooling.GradleConnectionException                                    : loaded 2 times (x 85B)
Class org.gradle.tooling.internal.adapter.ProtocolToModelAdapter$1                    : loaded 2 times (x 77B)
Class org.gradle.tooling.internal.adapter.ProtocolToModelAdapter$ViewDecoration       : loaded 2 times (x 72B)
Class org.gradle.internal.installation.GradleInstallation                             : loaded 2 times (x 77B)
Class com.google.common.collect.Iterables                                             : loaded 2 times (x 73B)
Class com.google.gson.internal.bind.DefaultDateTypeAdapter$1                          : loaded 2 times (x 77B)
Class com.google.gson.Gson$4                                                          : loaded 2 times (x 78B)
Class com.google.gson.internal.ConstructorConstructor                                 : loaded 2 times (x 74B)
Class io.opentelemetry.api.trace.DefaultTracer                                        : loaded 2 times (x 76B)
Class org.jetbrains.plugins.gradle.tooling.serialization.GradleExtensionsSerializationService$ReadContext: loaded 2 times (x 74B)
Class com.google.common.collect.LexicographicalOrdering                               : loaded 2 times (x 117B)
Class org.gradle.tooling.internal.adapter.MethodInvoker                               : loaded 2 times (x 72B)
Class com.google.gson.ReflectionAccessFilter$FilterResult                             : loaded 2 times (x 81B)
Class com.google.common.collect.Lists$RandomAccessReverseList                         : loaded 2 times (x 202B)
Class com.android.ide.common.gradle.Part                                              : loaded 2 times (x 79B)
Class com.google.gson.Gson$5                                                          : loaded 2 times (x 78B)
Class org.jetbrains.plugins.gradle.tooling.serialization.RepositoriesModelSerializationService$WriteContext: loaded 2 times (x 74B)
Class com.android.ide.gradle.model.LegacyAndroidGradlePluginProperties                : loaded 2 times (x 72B)
Class kotlin.ranges.IntProgression                                                    : loaded 2 times (x 83B)
Class kotlin.jvm.KotlinReflectionNotSupportedError                                    : loaded 2 times (x 84B)
Class org.gradle.tooling.model.gradle.GradleScript                                    : loaded 2 times (x 72B)

---------------  S Y S T E M  ---------------

OS:
 Windows 10 , 64 bit Build 19041 (10.0.19041.7291)
OS uptime: 0 days 1:50 hours
Hyper-V role detected

CPU: total 4 (initial active 4) (2 cores per cpu, 2 threads per core) family 6 model 58 stepping 9 microcode 0x21, cx8, cmov, fxsr, ht, mmx, sse, sse2, sse3, ssse3, sse4.1, sse4.2, popcnt, tsc, tscinvbit, avx, erms, clmul, vzeroupper, clflush, hv, rdtscp, f16c
Processor Information for the first 4 processors :
  Max Mhz: 1701, Current Mhz: 1701, Mhz Limit: 1701

Memory: 4k page, system-wide physical 8050M (812M free)
TotalPageFile size 13426M (AvailPageFile size 3532M)
current process WorkingSet (physical memory assigned to process): 516M, peak: 516M
current process commit charge ("private bytes"): 548M, peak: 557M

vm_info: OpenJDK 64-Bit Server VM (25.0.3+-15898627-b508.16) for windows-amd64 JRE (25.0.3+-15898627-b508.16), built on 2026-07-20T17:54:23Z with MS VC++ 16.10 / 16.11 (VS2019)

END.
