#
# A fatal error has been detected by the Java Runtime Environment:
#
#  EXCEPTION_ACCESS_VIOLATION (0xc0000005) at pc=0x00007ff82ea14280, pid=17316, tid=6868
#
# JRE version: OpenJDK Runtime Environment (25.0.3) (build 25.0.3+-15898627-b508.16)
# Java VM: OpenJDK 64-Bit Server VM (25.0.3+-15898627-b508.16, mixed mode, tiered, compressed oops, compressed class ptrs, g1 gc, windows-amd64)
# Problematic frame:
# V  [jvm.dll+0x794280]
#
# No core dump will be written. Minidumps are not enabled by default on client versions of Windows
#
# If you would like to submit a bug report, please visit:
#   https://youtrack.jetbrains.com/issues/JBR
#

---------------  S U M M A R Y ------------

Command Line: --add-opens=java.base/java.lang=ALL-UNNAMED --add-opens=java.base/java.lang.invoke=ALL-UNNAMED --add-opens=java.base/java.util=ALL-UNNAMED --add-opens=java.prefs/java.util.prefs=ALL-UNNAMED --add-exports=jdk.compiler/com.sun.tools.javac.api=ALL-UNNAMED --add-exports=jdk.compiler/com.sun.tools.javac.util=ALL-UNNAMED --add-opens=java.base/java.nio.charset=ALL-UNNAMED --add-opens=java.base/java.net=ALL-UNNAMED --add-opens=java.base/java.util.concurrent=ALL-UNNAMED --add-opens=java.base/java.util.concurrent.atomic=ALL-UNNAMED --add-opens=java.xml/javax.xml.namespace=ALL-UNNAMED --add-opens=java.base/java.time=ALL-UNNAMED --enable-native-access=ALL-UNNAMED -Xmx2048m -Dfile.encoding=UTF-8 -Duser.country=ES -Duser.language=es -Duser.variant -javaagent:D:\AndroidStudio-cache-emuladores\Gradlecache\wrapper\dists\gradle-9.6.0-bin\42k10rwplmzkhuboz9kdazi7s\gradle-9.6.0\lib\agents\gradle-instrumentation-agent-9.6.0.jar org.gradle.launcher.daemon.bootstrap.GradleDaemon 9.6.0

Host: Intel(R) Core(TM) i5-3317U CPU @ 1.70GHz, 4 cores, 7G,  Windows 10 , 64 bit Build 19041 (10.0.19041.7291)
Time: Wed Sep 23 00:25:07 2026 Hora de verano romance elapsed time: 1274.698476 seconds (0d 0h 21m 14s)

---------------  T H R E A D  ---------------

Current thread (0x00000253ca45d7c0):  JavaThread "C2 CompilerThread1" daemon [_thread_in_native, id=6868, stack(0x000000731d300000,0x000000731d400000) (1024K)]


Current CompileTask:
C2:1274699 52776 %     4       com.android.tools.r8.internal.sx1::a @ 1770 (2047 bytes)

Stack: [0x000000731d300000,0x000000731d400000],  sp=0x000000731d3fc8f0,  free space=1010k
Native frames: (J=compiled Java code, j=interpreted, Vv=VM code, C=native code)
V  [jvm.dll+0x794280]  (no source info available)
V  [jvm.dll+0x73c5de]  (no source info available)
V  [jvm.dll+0x73a5d3]  (no source info available)
V  [jvm.dll+0x2ce1a6]  (no source info available)
V  [jvm.dll+0x2cd641]  (no source info available)
V  [jvm.dll+0x24334a]  (no source info available)
V  [jvm.dll+0x2dd025]  (no source info available)
V  [jvm.dll+0x2db226]  (no source info available)
V  [jvm.dll+0x49c12e]  (no source info available)
V  [jvm.dll+0x9ad738]  (no source info available)
V  [jvm.dll+0x7bd585]  (no source info available)
C  [ucrtbase.dll+0x21bb2]  (no source info available)
C  [KERNEL32.DLL+0x17374]  (no source info available)
C  [ntdll.dll+0x4cc91]  (no source info available)


siginfo: EXCEPTION_ACCESS_VIOLATION (0xc0000005), reading address 0x0000002000000010


Registers:
RAX=0x00000253e02d2488, RBX=0x00000253e02d2450, RCX=0x00000000000004f8, RDX=0x00000253ca6b4b68
RSP=0x000000731d3fc8f0, RBP=0x0000000000000000, RSI=0x0000002000000000, RDI=0x000000731d3fe100
R8 =0x00000253ca6b4b7c, R9 =0x000000731d3fe3c8, R10=0x000000731d3fe3c8, R11=0x00007ff85c2715b5
R12=0x00000253d95daae4, R13=0x000000731d3fcdb0, R14=0x000000000000009f, R15=0x00000253d9736a68
RIP=0x00007ff82ea14280, EFLAGS=0x0000000000010206

XMM[0]=0x0000000000000000 0x000000000000000b
XMM[1]=0x0000000000000000 0x0000000000000000
XMM[2]=0x00000253e02d1bd8 0x00000253e02d1b20
XMM[3]=0x00000253d46e3810 0x00000253d46e3810
XMM[4]=0x00000253d46e3810 0x00000253d46e3810
XMM[5]=0x00000253d9dc1188 0x00000253d9dbe238
XMM[6]=0x0000000000000000 0x0000000000000000
XMM[7]=0x0000000000000000 0x0000000000000000
XMM[8]=0x0000000000000000 0x0000000000000000
XMM[9]=0x0000000000000000 0x0000000000000000
XMM[10]=0x0000000000000000 0x0000000000000000
XMM[11]=0x0000000000000000 0x0000000000000000
XMM[12]=0x0000000000000000 0x0000000000000000
XMM[13]=0x0000000000000000 0x0000000000000000
XMM[14]=0x0000000000000000 0x0000000000000000
XMM[15]=0x0000000000000000 0x0000000000000000
  MXCSR=0x00001fa0


Register to memory mapping:

RAX=0x00000253e02d2488 points into unknown readable memory: 0x0000000000000000 | 00 00 00 00 00 00 00 00
RBX=0x00000253e02d2450 points into unknown readable memory: 0x00007ff82ee0df20 | 20 df e0 2e f8 7f 00 00
RCX=0x00000000000004f8 is an unknown value
RDX=0x00000253ca6b4b68 points into unknown readable memory: 0x00000253d335e238 | 38 e2 35 d3 53 02 00 00
RSP=0x000000731d3fc8f0 is pointing into the stack for thread: 0x00000253ca45d7c0
RBP=0x0 is null
RSI=0x0000002000000000 is an unknown value
RDI=0x000000731d3fe100 is pointing into the stack for thread: 0x00000253ca45d7c0
R8 =0x00000253ca6b4b7c points into unknown readable memory: 00 40 00 00
R9 =0x000000731d3fe3c8 is pointing into the stack for thread: 0x00000253ca45d7c0
R10=0x000000731d3fe3c8 is pointing into the stack for thread: 0x00000253ca45d7c0
R11=0x00007ff85c2715b5 VCRUNTIME140.dll
R12=0x00000253d95daae4 points into unknown readable memory: 01 00 00 00
R13=0x000000731d3fcdb0 is pointing into the stack for thread: 0x00000253ca45d7c0
R14=0x000000000000009f is an unknown value
R15=0x00000253d9736a68 points into unknown readable memory: 0x00007ff82ee0df20 | 20 df e0 2e f8 7f 00 00

Top of Stack: (sp=0x000000731d3fc8f0)
0x000000731d3fc8f0:   00000253e02d1500 00007ff82e9b54a5   ..-.S....T......
0x000000731d3fc900:   00000253e02d2338 00007ff82e37148c   8#-.S.....7.....
0x000000731d3fc910:   00000253d3049610 0000000000000002   ....S...........
0x000000731d3fc920:   00000253d9736a68 0000000000000000   hjs.S...........
0x000000731d3fc930:   0000000000000000 00007ff82e9bc5de   ................
0x000000731d3fc940:   00000253d9736a68 000000731d3fc998   hjs.S.....?.s...
0x000000731d3fc950:   fffffffffffffff8 0000000000000000   ................
0x000000731d3fc960:   00000253e065c128 00000253e06e8dd8   (.e.S.....n.S...
0x000000731d3fc970:   00000253e0633c98 00000253da9f4bc0   .<c.S....K..S...
0x000000731d3fc980:   0000000000000020 000000731d3fca59    .......Y.?.s...
0x000000731d3fc990:   0000000000000004 0000000000000000   ................
0x000000731d3fc9a0:   000000731d3fe398 000000731d3fcdb0   ..?.s.....?.s...
0x000000731d3fc9b0:   000000731d3fca59 00007ff82e9ba5d3   Y.?.s...........
0x000000731d3fc9c0:   000000731d3fe100 0000000000006b5c   ..?.s...\k......
0x000000731d3fc9d0:   0000000000000010 00000253da239408   ..........#.S...
0x000000731d3fc9e0:   00000253c911adb8 0000000000000000   ....S...........
0x000000731d3fc9f0:   0000000000000000 0000000000000000   ................
0x000000731d3fca00:   0000000000000000 0000000000000000   ................
0x000000731d3fca10:   0000000000000000 0000000000000000   ................
0x000000731d3fca20:   0000000000000000 0000000000000000   ................
0x000000731d3fca30:   0000000000000000 0000400000000000   .............@..
0x000000731d3fca40:   0000000000000000 0000000000000000   ................
0x000000731d3fca50:   0000000900000009 00007ff82e4d7ba0   .........{M.....
0x000000731d3fca60:   000000731d3fce60 00000000000027d8   `.?.s....'......
0x000000731d3fca70:   000000731d3fcaf0 00007ff82e54db3b   ..?.s...;.T.....
0x000000731d3fca80:   00009bfcff06d0ee 00007ff82e9b3611   .........6......
0x000000731d3fca90:   0000000000000000 0000000080000000   ................
0x000000731d3fcaa0:   00000253b9864190 000000731d3fe210   .A..S.....?.s...
0x000000731d3fcab0:   000000731d3fcbc0 00007ff82e54e1a6   ..?.s.....T.....
0x000000731d3fcac0:   000000731d3fe210 000000731d3fe100   ..?.s.....?.s...
0x000000731d3fcad0:   000000731d3fe100 00000253da587180   ..?.s....qX.S...
0x000000731d3fcae0:   0000000000000000 0000000000000000   ................

Instructions: (pc=0x00007ff82ea14280)
  0x00007ff82ea14180:   40 f8 68 00 4c 8b f9 65 48 8b 04 25 58 00 00 00
  0x00007ff82ea14190:   41 bc 34 00 00 00 48 8b 1c d0 4c 03 e3 41 80 3c
  0x00007ff82ea141a0:   24 00 75 05 e8 7b f8 2a 00 b8 20 00 00 00 48 8b
  0x00007ff82ea141b0:   04 18 48 8b 88 c0 07 00 00 49 8b 07 48 8b b9 80
  0x00007ff82ea141c0:   00 00 00 49 8b cf ff 50 08 49 8b 17 49 8b cf 8b
  0x00007ff82ea141d0:   f0 ff 52 08 41 8b 4f 1c 4c 8b 8f f8 02 00 00 8b
  0x00007ff82ea141e0:   d0 49 8b 59 20 48 8d 14 ca 49 8b 49 28 48 2b cb
  0x00007ff82ea141f0:   48 3b ca 72 0a 48 8d 04 13 49 89 41 20 eb 0e 45
  0x00007ff82ea14200:   33 c0 49 8b c9 e8 c6 ad 97 ff 48 8b d8 48 8d 56
  0x00007ff82ea14210:   07 49 8b cf 48 c1 ea 03 48 85 d2 74 24 4c 8b c3
  0x00007ff82ea14220:   4d 2b c7 0f 1f 40 00 66 0f 1f 84 00 00 00 00 00
  0x00007ff82ea14230:   48 8b 01 49 89 04 08 48 8d 49 08 48 83 ea 01 75
  0x00007ff82ea14240:   ef 33 ed 48 c7 43 10 ff ff ff ff 48 8d 04 1e 48
  0x00007ff82ea14250:   89 6b 20 48 89 43 08 44 8b f5 41 39 6f 1c 76 60
  0x00007ff82ea14260:   41 8b c6 48 8d 0c c5 00 00 00 00 49 8b 47 08 48
  0x00007ff82ea14270:   8b 34 01 48 8b 43 08 48 89 34 01 48 85 f6 74 37
=>0x00007ff82ea14280:   48 8b 4e 10 48 8d 56 10 48 85 c9 74 2a 8b 46 20
  0x00007ff82ea14290:   4c 8d 46 24 41 3b 00 75 17 44 8b c8 40 88 6c 24
  0x00007ff82ea142a0:   20 48 8b ce e8 47 30 00 00 8b 46 20 48 8b 4e 10
  0x00007ff82ea142b0:   48 89 1c c1 ff 46 20 41 ff c6 45 3b 77 1c 72 a0
  0x00007ff82ea142c0:   41 8b 4f 30 8b c1 c1 e8 03 a8 01 74 0f 48 8b d3
  0x00007ff82ea142d0:   48 8b cf e8 e8 b4 95 ff 41 8b 4f 30 0f ba e1 0d
  0x00007ff82ea142e0:   73 18 49 8b 47 08 48 39 28 74 0f 48 8b d3 48 8b
  0x00007ff82ea142f0:   cf e8 ba bc b3 ff 41 8b 4f 30 8b c1 c1 e8 0f a8
  0x00007ff82ea14300:   01 74 0b 81 63 30 ff 7f ff ff 41 8b 4f 30 c1 e9
  0x00007ff82ea14310:   10 f6 c1 01 74 07 81 63 30 ff ff fe ff 8b 4b 2c
  0x00007ff82ea14320:   8b c1 25 ff 01 00 00 3d 15 01 00 00 0f 85 f2 00
  0x00007ff82ea14330:   00 00 8b 8f c0 01 00 00 3b 8f c4 01 00 00 0f 85
  0x00007ff82ea14340:   c2 00 00 00 8d 41 01 85 c0 7e 04 85 c8 74 0c 0f
  0x00007ff82ea14350:   bd c8 b8 01 00 00 00 ff c1 d3 e0 4c 8b 87 d0 01
  0x00007ff82ea14360:   00 00 ba 08 00 00 00 89 87 c4 01 00 00 8b c8 4d
  0x00007ff82ea14370:   85 c0 75 07 e8 67 12 cb ff eb 15 41 f6 c0 01 74


Stack slot to memory mapping:

stack at sp + 0 slots: 0x00000253e02d1500 points into unknown readable memory: 0x0000000000000000 | 00 00 00 00 00 00 00 00
stack at sp + 1 slots: 0x00007ff82e9b54a5 jvm.dll
stack at sp + 2 slots: 0x00000253e02d2338 points into unknown readable memory: 0x00007ff82ecee230 | 30 e2 ce 2e f8 7f 00 00
stack at sp + 3 slots: 0x00007ff82e37148c jvm.dll
stack at sp + 4 slots: 0x00000253d3049610 points into unknown readable memory: 0x00007ff82ee0de50 | 50 de e0 2e f8 7f 00 00
stack at sp + 5 slots: 0x0000000000000002 is an unknown value
stack at sp + 6 slots: 0x00000253d9736a68 points into unknown readable memory: 0x00007ff82ee0df20 | 20 df e0 2e f8 7f 00 00
stack at sp + 7 slots: 0x0 is null

Lock stack of current Java thread (top to bottom):


---------------  P R O C E S S  ---------------

Threads class SMR info:
_java_thread_list=0x00000253dfdc9c10, length=58, elements={
0x00000253a2584350, 0x00000253b98a6640, 0x00000253b98d9000, 0x00000253b98db7d0,
0x00000253b98dbf90, 0x00000253b98dc750, 0x00000253b98dcf10, 0x00000253b98bb3b0,
0x00000253b98bbb70, 0x00000253b98e5d90, 0x00000253b9d84fc0, 0x00000253c0db9460,
0x00000253c1158d80, 0x00000253c13522b0, 0x00000253c0479a70, 0x00000253b9e02eb0,
0x00000253b9e06560, 0x00000253b9e055c0, 0x00000253b9dfffd0, 0x00000253b9e00f70,
0x00000253b9e01740, 0x00000253b98ded70, 0x00000253c20e0360, 0x00000253c20e22a0,
0x00000253c25ed6b0, 0x00000253c20e2a70, 0x00000253c94024b0, 0x00000253c9400d40,
0x00000253c9401ce0, 0x00000253c9403c20, 0x00000253c9403450, 0x00000253c9405390,
0x00000253c9405b60, 0x00000253c9406330, 0x00000253c94072d0, 0x00000253c9408270,
0x00000253c940c0f0, 0x00000253d4181830, 0x00000253d4186e20, 0x00000253c3e44e90,
0x00000253c3e45e30, 0x00000253c20e6120, 0x00000253b9dca980, 0x00000253d9eb32d0,
0x00000253d9eae4b0, 0x00000253d9eb7920, 0x00000253d9eb4270, 0x00000253d9eb9090,
0x00000253c9adc770, 0x00000253c9addee0, 0x00000253c9adee80, 0x00000253c9ae1d60,
0x00000253c9ada830, 0x00000253c9ae7350, 0x00000253bf472890, 0x00000253b9dc7aa0,
0x00000253c2c6b770, 0x00000253ca45d7c0
}

Java Threads: ( => current thread )
  0x00000253a2584350 JavaThread "main"                              [_thread_blocked, id=11640, stack(0x000000731a400000,0x000000731a500000) (1024K)]
  0x00000253b98a6640 JavaThread "Common-Cleaner"             daemon [_thread_blocked, id=16288, stack(0x000000731ac00000,0x000000731ad00000) (1024K)]
  0x00000253b98d9000 JavaThread "Reference Handler"          daemon [_thread_blocked, id=13772, stack(0x000000731ad00000,0x000000731ae00000) (1024K)]
  0x00000253b98db7d0 JavaThread "Finalizer"                  daemon [_thread_blocked, id=12204, stack(0x000000731ae00000,0x000000731af00000) (1024K)]
  0x00000253b98dbf90 JavaThread "Signal Dispatcher"          daemon [_thread_blocked, id=16404, stack(0x000000731af00000,0x000000731b000000) (1024K)]
  0x00000253b98dc750 JavaThread "Attach Listener"            daemon [_thread_blocked, id=2240, stack(0x000000731b000000,0x000000731b100000) (1024K)]
  0x00000253b98dcf10 JavaThread "Service Thread"             daemon [_thread_blocked, id=13168, stack(0x000000731b100000,0x000000731b200000) (1024K)]
  0x00000253b98bb3b0 JavaThread "Monitor Deflation Thread"   daemon [_thread_blocked, id=3924, stack(0x000000731b200000,0x000000731b300000) (1024K)]
  0x00000253b98bbb70 JavaThread "C2 CompilerThread0"         daemon [_thread_in_native, id=10788, stack(0x000000731b300000,0x000000731b400000) (1024K)]
  0x00000253b98e5d90 JavaThread "C1 CompilerThread0"         daemon [_thread_blocked, id=11044, stack(0x000000731b400000,0x000000731b500000) (1024K)]
  0x00000253b9d84fc0 JavaThread "Notification Thread"        daemon [_thread_blocked, id=3544, stack(0x000000731b500000,0x000000731b600000) (1024K)]
  0x00000253c0db9460 JavaThread "Daemon health stats"               [_thread_blocked, id=10728, stack(0x000000731ba00000,0x000000731bb00000) (1024K)]
  0x00000253c1158d80 JavaThread "Incoming local TCP Connector on port 51667"        [_thread_in_native, id=12504, stack(0x000000731bb00000,0x000000731bc00000) (1024K)]
  0x00000253c13522b0 JavaThread "Daemon periodic checks"            [_thread_blocked, id=15376, stack(0x000000731b600000,0x000000731b700000) (1024K)]
  0x00000253c0479a70 JavaThread "Cache worker for journal cache (D:\AndroidStudio-cache-emuladores\Gradlecache\caches\journal-1)"        [_thread_blocked, id=11512, stack(0x000000731c400000,0x000000731c500000) (1024K)]
  0x00000253b9e02eb0 JavaThread "File lock request listener"        [_thread_in_native, id=11424, stack(0x000000731c500000,0x000000731c600000) (1024K)]
  0x00000253b9e06560 JavaThread "Cache worker for file hash cache (D:\AndroidStudio-cache-emuladores\Gradlecache\caches\9.6.0\fileHashes)"        [_thread_blocked, id=1884, stack(0x000000731c600000,0x000000731c700000) (1024K)]
  0x00000253b9e055c0 JavaThread "File watcher server"        daemon [_thread_in_native, id=8340, stack(0x000000731c900000,0x000000731ca00000) (1024K)]
  0x00000253b9dfffd0 JavaThread "File watcher consumer"      daemon [_thread_blocked, id=18340, stack(0x000000731ca00000,0x000000731cb00000) (1024K)]
  0x00000253b9e00f70 JavaThread "jar transforms"                    [_thread_blocked, id=18128, stack(0x000000731cb00000,0x000000731cc00000) (1024K)]
  0x00000253b9e01740 JavaThread "jar transforms Thread 2"           [_thread_blocked, id=15096, stack(0x000000731cc00000,0x000000731cd00000) (1024K)]
  0x00000253b98ded70 JavaThread "jar transforms Thread 3"           [_thread_blocked, id=6928, stack(0x000000731cd00000,0x000000731ce00000) (1024K)]
  0x00000253c20e0360 JavaThread "jar transforms Thread 4"           [_thread_blocked, id=9288, stack(0x000000731ce00000,0x000000731cf00000) (1024K)]
  0x00000253c20e22a0 JavaThread "Cache worker for file content cache (D:\AndroidStudio-cache-emuladores\Gradlecache\caches\9.6.0\fileContent)"        [_thread_blocked, id=16112, stack(0x000000731cf00000,0x000000731d000000) (1024K)]
  0x00000253c25ed6b0 JavaThread "Memory manager"                    [_thread_blocked, id=15068, stack(0x000000731d700000,0x000000731d800000) (1024K)]
  0x00000253c20e2a70 JavaThread "Cache worker for Kotlin DSL Plugin Entries (D:\TXURDINAGA\2026-2027\Interfazeen garapena\Nabigazioa\.gradle\9.6.0\kotlin-dsl-plugin-entries)"        [_thread_blocked, id=18328, stack(0x000000731d600000,0x000000731d700000) (1024K)]
  0x00000253c94024b0 JavaThread "Daemon Thread 3"                   [_thread_blocked, id=13560, stack(0x000000731a200000,0x000000731a300000) (1024K)]
  0x00000253c9400d40 JavaThread "Handler for socket connection from /127.0.0.1:51667 to /127.0.0.1:51841"        [_thread_in_native, id=16336, stack(0x000000731a300000,0x000000731a400000) (1024K)]
  0x00000253c9401ce0 JavaThread "Cancel handler"                    [_thread_blocked, id=10284, stack(0x000000731bc00000,0x000000731bd00000) (1024K)]
  0x00000253c9403c20 JavaThread "Daemon worker Thread 3"            [_thread_blocked, id=19144, stack(0x000000731bd00000,0x000000731be00000) (1024K)]
  0x00000253c9403450 JavaThread "Asynchronous log dispatcher for DefaultDaemonConnection: socket connection from /127.0.0.1:51667 to /127.0.0.1:51841"        [_thread_blocked, id=4372, stack(0x000000731be00000,0x000000731bf00000) (1024K)]
  0x00000253c9405390 JavaThread "Stdin handler"                     [_thread_blocked, id=7676, stack(0x000000731bf00000,0x000000731c000000) (1024K)]
  0x00000253c9405b60 JavaThread "Daemon client event forwarder"        [_thread_blocked, id=18144, stack(0x000000731c000000,0x000000731c100000) (1024K)]
  0x00000253c9406330 JavaThread "Cache worker for file hash cache (D:\TXURDINAGA\2026-2027\Interfazeen garapena\Nabigazioa\.gradle\9.6.0\fileHashes)"        [_thread_blocked, id=14292, stack(0x000000731c100000,0x000000731c200000) (1024K)]
  0x00000253c94072d0 JavaThread "Cache worker for checksums cache (D:\TXURDINAGA\2026-2027\Interfazeen garapena\Nabigazioa\.gradle\9.6.0\checksums)"        [_thread_blocked, id=15896, stack(0x000000731c200000,0x000000731c300000) (1024K)]
  0x00000253c9408270 JavaThread "Cache worker for Build Output Cleanup Cache (D:\TXURDINAGA\2026-2027\Interfazeen garapena\Nabigazioa\.gradle\buildOutputCleanup)"        [_thread_blocked, id=15104, stack(0x000000731c300000,0x000000731c400000) (1024K)]
  0x00000253c940c0f0 JavaThread "Cache worker for cache directory md-supplier (D:\AndroidStudio-cache-emuladores\Gradlecache\caches\9.6.0\md-supplier)"        [_thread_blocked, id=5584, stack(0x000000731c800000,0x000000731c900000) (1024K)]
  0x00000253d4181830 JavaThread "Cache worker for cache directory md-rule (D:\AndroidStudio-cache-emuladores\Gradlecache\caches\9.6.0\md-rule)"        [_thread_blocked, id=19204, stack(0x000000731d000000,0x000000731d100000) (1024K)]
  0x00000253d4186e20 JavaThread "Build operations"                  [_thread_blocked, id=16672, stack(0x000000731c700000,0x000000731c800000) (1024K)]
  0x00000253c3e44e90 JavaThread "Build operations Thread 2"         [_thread_in_native, id=15344, stack(0x000000731d100000,0x000000731d200000) (1024K)]
  0x00000253c3e45e30 JavaThread "Build operations Thread 3"         [_thread_blocked, id=7564, stack(0x000000731d200000,0x000000731d300000) (1024K)]
  0x00000253c20e6120 JavaThread "Build operations Thread 4"         [_thread_blocked, id=3060, stack(0x000000731d400000,0x000000731d500000) (1024K)]
  0x00000253b9dca980 JavaThread "Configuration cache report writer"        [_thread_blocked, id=14164, stack(0x000000731d500000,0x000000731d600000) (1024K)]
  0x00000253d9eb32d0 JavaThread "build event listener"              [_thread_blocked, id=8444, stack(0x000000731d800000,0x000000731d900000) (1024K)]
  0x00000253d9eae4b0 JavaThread "build event listener"              [_thread_blocked, id=15524, stack(0x000000731d900000,0x000000731da00000) (1024K)]
  0x00000253d9eb7920 JavaThread "Exec process"                      [_thread_blocked, id=15704, stack(0x000000731dc00000,0x000000731dd00000) (1024K)]
  0x00000253d9eb4270 JavaThread "Exec process Thread 2"             [_thread_blocked, id=19116, stack(0x000000731dd00000,0x000000731de00000) (1024K)]
  0x00000253d9eb9090 JavaThread "Exec process Thread 3"             [_thread_blocked, id=15504, stack(0x000000731de00000,0x000000731df00000) (1024K)]
  0x00000253c9adc770 JavaThread "included builds"                   [_thread_blocked, id=14424, stack(0x000000731df00000,0x000000731e000000) (1024K)]
  0x00000253c9addee0 JavaThread "Execution worker"                  [_thread_in_native, id=18832, stack(0x000000731e000000,0x000000731e100000) (1024K)]
  0x00000253c9adee80 JavaThread "Execution worker Thread 2"         [_thread_blocked, id=17392, stack(0x000000731e100000,0x000000731e200000) (1024K)]
  0x00000253c9ae1d60 JavaThread "Execution worker Thread 3"         [_thread_in_native, id=17140, stack(0x000000731e200000,0x000000731e300000) (1024K)]
  0x00000253c9ada830 JavaThread "Cache worker for execution history cache (D:\TXURDINAGA\2026-2027\Interfazeen garapena\Nabigazioa\.gradle\9.6.0\executionHistory)"        [_thread_blocked, id=7748, stack(0x000000731e300000,0x000000731e400000) (1024K)]
  0x00000253c9ae7350 JavaThread "WorkerExecutor Queue"              [_thread_blocked, id=888, stack(0x000000731e400000,0x000000731e500000) (1024K)]
  0x00000253bf472890 JavaThread "WorkerExecutor Queue Thread 3"        [_thread_in_native, id=18416, stack(0x000000731ea00000,0x000000731eb00000) (1024K)]
  0x00000253b9dc7aa0 JavaThread "WorkerExecutor Queue Thread 4"        [_thread_blocked, id=4408, stack(0x000000731eb00000,0x000000731ec00000) (1024K)]
  0x00000253c2c6b770 JavaThread "WorkerExecutor Queue Thread 5"        [_thread_blocked, id=14740, stack(0x000000731e700000,0x000000731e800000) (1024K)]
=>0x00000253ca45d7c0 JavaThread "C2 CompilerThread1"         daemon [_thread_in_native, id=6868, stack(0x000000731d300000,0x000000731d400000) (1024K)]
Total: 58

Other Threads:
  0x00000253b9882e40 VMThread "VM Thread"                           [id=13796, stack(0x000000731ab00000,0x000000731ac00000) (1024K)]
  0x00000253b984aa00 WatcherThread "VM Periodic Task Thread"        [id=17144, stack(0x000000731aa00000,0x000000731ab00000) (1024K)]
  0x00000253a25e1d10 WorkerThread "GC Thread#0"                     [id=15656, stack(0x000000731a500000,0x000000731a600000) (1024K)]
  0x00000253bee37c30 WorkerThread "GC Thread#1"                     [id=7524, stack(0x000000731b700000,0x000000731b800000) (1024K)]
  0x00000253bee38060 WorkerThread "GC Thread#2"                     [id=18636, stack(0x000000731b800000,0x000000731b900000) (1024K)]
  0x00000253bef67300 WorkerThread "GC Thread#3"                     [id=15456, stack(0x000000731b900000,0x000000731ba00000) (1024K)]
  0x00000253a25fbdf0 ConcurrentGCThread "G1 Main Marker"            [id=3896, stack(0x000000731a600000,0x000000731a700000) (1024K)]
  0x00000253a25fe320 WorkerThread "G1 Conc#0"                       [id=8792, stack(0x000000731a700000,0x000000731a800000) (1024K)]
  0x00000253a263be80 ConcurrentGCThread "G1 Refine#0"               [id=10436, stack(0x000000731a800000,0x000000731a900000) (1024K)]
  0x00000253a263d550 ConcurrentGCThread "G1 Service"                [id=13840, stack(0x000000731a900000,0x000000731aa00000) (1024K)]
Total: 10

Threads with active compile tasks:
C2 CompilerThread0  1275156 52896   !   4       java.io.ObjectInputStream::readSerialData (502 bytes)
C2 CompilerThread1  1275156 52776 %     4       com.android.tools.r8.internal.sx1::a @ 1770 (2047 bytes)
Total: 2

VM state: not at safepoint (normal execution)

VM Mutex/Monitor currently owned by a thread: None

Heap address: 0x0000000080000000, size: 2048 MB, Compressed Oops mode: 32-bit

CDS archive(s) not mapped
Compressed class space mapped at: 0x000000003f000000-0x000000007f000000, reserved size: 1073741824
UseCompressedClassPointers 1, UseCompactObjectHeaders 0
Narrow klass pointer bits 32, Max shift 3
Narrow klass base: 0x0000000000000000, Narrow klass shift: 0
Encoding Range: [0x0000000000000000 - 0x0000000100000000), (4294967296 bytes)
Klass Range:    [0x000000003f000000 - 0x000000007f000000), (1073741824 bytes)
Klass ID Range:  [1056964608 - 2130706425) (1073741817)
No protection zone.

GC Precious Log:
 CardTable entry size: 512
 Card Set container configuration: InlinePtr #cards 5 size 8 Array Of Cards #cards 10 size 36 Howl #buckets 4 coarsen threshold 1843 Howl Bitmap #cards 512 size 80 coarsen threshold 460 Card regions per heap region 1 cards per card region 2048
 CPUs: 4 total, 4 available
 Memory: 8050M
 Large Page Support: Disabled
 NUMA Support: Disabled
 Compressed Oops: Enabled (32-bit)
 Heap Region Size: 1M
 Heap Min Capacity: 8M
 Heap Initial Capacity: 126M
 Heap Max Capacity: 2G
 Pre-touch: Disabled
 Parallel Workers: 4
 Concurrent Workers: 1
 Concurrent Refinement Workers: 4
 Periodic GC: Disabled

Heap:
 garbage-first heap   total reserved 2097152K, committed 569344K, used 307712K [0x0000000080000000, 0x0000000100000000)
  region size 1024K, 18 young (18432K), 15 survivors (15360K)

Heap Regions: E=young(eden), S=young(survivor), O=old, HS=humongous(starts), HC=humongous(continues), CS=collection set, F=free, TAMS=top-at-mark-start, PB=parsable bottom
|   0|0x0000000080000000, 0x0000000080100000, 0x0000000080100000|100%|HS|  |TAMS 0x0000000080100000| PB 0x0000000080000000| Complete |  0
|   1|0x0000000080100000, 0x0000000080200000, 0x0000000080200000|100%|HC|  |TAMS 0x0000000080200000| PB 0x0000000080100000| Complete |  0
|   2|0x0000000080200000, 0x0000000080300000, 0x0000000080300000|100%|HC|  |TAMS 0x0000000080300000| PB 0x0000000080200000| Complete |  0
|   3|0x0000000080300000, 0x0000000080400000, 0x0000000080400000|100%|HC|  |TAMS 0x0000000080400000| PB 0x0000000080300000| Complete |  0
|   4|0x0000000080400000, 0x0000000080500000, 0x0000000080500000|100%| O|  |TAMS 0x0000000080500000| PB 0x0000000080400000| Untracked |  0
|   5|0x0000000080500000, 0x0000000080600000, 0x0000000080600000|100%| O|  |TAMS 0x0000000080600000| PB 0x0000000080500000| Untracked |  0
|   6|0x0000000080600000, 0x0000000080700000, 0x0000000080700000|100%| O|  |TAMS 0x0000000080700000| PB 0x0000000080600000| Untracked |  0
|   7|0x0000000080700000, 0x0000000080800000, 0x0000000080800000|100%|HS|  |TAMS 0x0000000080800000| PB 0x0000000080700000| Complete |  0
|   8|0x0000000080800000, 0x0000000080900000, 0x0000000080900000|100%| O|  |TAMS 0x0000000080900000| PB 0x0000000080800000| Untracked |  0
|   9|0x0000000080900000, 0x0000000080a00000, 0x0000000080a00000|100%| O|  |TAMS 0x0000000080a00000| PB 0x0000000080900000| Untracked |  0
|  10|0x0000000080a00000, 0x0000000080b00000, 0x0000000080b00000|100%| O|  |TAMS 0x0000000080b00000| PB 0x0000000080a00000| Untracked |  0
|  11|0x0000000080b00000, 0x0000000080c00000, 0x0000000080c00000|100%| O|  |TAMS 0x0000000080c00000| PB 0x0000000080b00000| Untracked |  0
|  12|0x0000000080c00000, 0x0000000080d00000, 0x0000000080d00000|100%| O|  |TAMS 0x0000000080d00000| PB 0x0000000080c00000| Untracked |  0
|  13|0x0000000080d00000, 0x0000000080e00000, 0x0000000080e00000|100%| O|  |TAMS 0x0000000080e00000| PB 0x0000000080d00000| Untracked |  0
|  14|0x0000000080e00000, 0x0000000080f00000, 0x0000000080f00000|100%| O|  |TAMS 0x0000000080f00000| PB 0x0000000080e00000| Untracked |  0
|  15|0x0000000080f00000, 0x0000000081000000, 0x0000000081000000|100%| O|  |TAMS 0x0000000081000000| PB 0x0000000080f00000| Untracked |  0
|  16|0x0000000081000000, 0x0000000081100000, 0x0000000081100000|100%| O|  |TAMS 0x0000000081100000| PB 0x0000000081000000| Untracked |  0
|  17|0x0000000081100000, 0x0000000081200000, 0x0000000081200000|100%| O|  |TAMS 0x0000000081200000| PB 0x0000000081100000| Untracked |  0
|  18|0x0000000081200000, 0x0000000081300000, 0x0000000081300000|100%| O|  |TAMS 0x0000000081300000| PB 0x0000000081200000| Untracked |  0
|  19|0x0000000081300000, 0x0000000081400000, 0x0000000081400000|100%| O|  |TAMS 0x0000000081400000| PB 0x0000000081300000| Untracked |  0
|  20|0x0000000081400000, 0x0000000081500000, 0x0000000081500000|100%| O|  |TAMS 0x0000000081500000| PB 0x0000000081400000| Untracked |  0
|  21|0x0000000081500000, 0x0000000081600000, 0x0000000081600000|100%| O|  |TAMS 0x0000000081600000| PB 0x0000000081500000| Untracked |  0
|  22|0x0000000081600000, 0x0000000081700000, 0x0000000081700000|100%| O|  |TAMS 0x0000000081700000| PB 0x0000000081600000| Untracked |  0
|  23|0x0000000081700000, 0x0000000081800000, 0x0000000081800000|100%|HS|  |TAMS 0x0000000081800000| PB 0x0000000081700000| Complete |  0
|  24|0x0000000081800000, 0x0000000081900000, 0x0000000081900000|100%|HC|  |TAMS 0x0000000081900000| PB 0x0000000081800000| Complete |  0
|  25|0x0000000081900000, 0x0000000081a00000, 0x0000000081a00000|100%|HC|  |TAMS 0x0000000081a00000| PB 0x0000000081900000| Complete |  0
|  26|0x0000000081a00000, 0x0000000081b00000, 0x0000000081b00000|100%|HC|  |TAMS 0x0000000081b00000| PB 0x0000000081a00000| Complete |  0
|  27|0x0000000081b00000, 0x0000000081c00000, 0x0000000081c00000|100%|HC|  |TAMS 0x0000000081c00000| PB 0x0000000081b00000| Complete |  0
|  28|0x0000000081c00000, 0x0000000081d00000, 0x0000000081d00000|100%|HC|  |TAMS 0x0000000081d00000| PB 0x0000000081c00000| Complete |  0
|  29|0x0000000081d00000, 0x0000000081e00000, 0x0000000081e00000|100%|HS|  |TAMS 0x0000000081e00000| PB 0x0000000081d00000| Complete |  0
|  30|0x0000000081e00000, 0x0000000081f00000, 0x0000000081f00000|100%|HS|  |TAMS 0x0000000081f00000| PB 0x0000000081e00000| Complete |  0
|  31|0x0000000081f00000, 0x0000000082000000, 0x0000000082000000|100%| O|  |TAMS 0x0000000082000000| PB 0x0000000081f00000| Untracked |  0
|  32|0x0000000082000000, 0x0000000082100000, 0x0000000082100000|100%|HS|  |TAMS 0x0000000082100000| PB 0x0000000082000000| Complete |  0
|  33|0x0000000082100000, 0x0000000082200000, 0x0000000082200000|100%| O|  |TAMS 0x0000000082200000| PB 0x0000000082100000| Untracked |  0
|  34|0x0000000082200000, 0x0000000082300000, 0x0000000082300000|100%|HS|  |TAMS 0x0000000082300000| PB 0x0000000082200000| Complete |  0
|  35|0x0000000082300000, 0x0000000082400000, 0x0000000082400000|100%|HS|  |TAMS 0x0000000082400000| PB 0x0000000082300000| Complete |  0
|  36|0x0000000082400000, 0x0000000082500000, 0x0000000082500000|100%| O|  |TAMS 0x0000000082500000| PB 0x0000000082400000| Untracked |  0
|  37|0x0000000082500000, 0x0000000082600000, 0x0000000082600000|100%| O|  |TAMS 0x0000000082600000| PB 0x0000000082500000| Untracked |  0
|  38|0x0000000082600000, 0x0000000082700000, 0x0000000082700000|100%| O|  |TAMS 0x0000000082700000| PB 0x0000000082600000| Untracked |  0
|  39|0x0000000082700000, 0x0000000082800000, 0x0000000082800000|100%|HS|  |TAMS 0x0000000082800000| PB 0x0000000082700000| Complete |  0
|  40|0x0000000082800000, 0x0000000082900000, 0x0000000082900000|100%|HC|  |TAMS 0x0000000082900000| PB 0x0000000082800000| Complete |  0
|  41|0x0000000082900000, 0x0000000082a00000, 0x0000000082a00000|100%|HC|  |TAMS 0x0000000082a00000| PB 0x0000000082900000| Complete |  0
|  42|0x0000000082a00000, 0x0000000082b00000, 0x0000000082b00000|100%|HC|  |TAMS 0x0000000082b00000| PB 0x0000000082a00000| Complete |  0
|  43|0x0000000082b00000, 0x0000000082c00000, 0x0000000082c00000|100%|HC|  |TAMS 0x0000000082c00000| PB 0x0000000082b00000| Complete |  0
|  44|0x0000000082c00000, 0x0000000082d00000, 0x0000000082d00000|100%|HC|  |TAMS 0x0000000082d00000| PB 0x0000000082c00000| Complete |  0
|  45|0x0000000082d00000, 0x0000000082e00000, 0x0000000082e00000|100%| O|  |TAMS 0x0000000082e00000| PB 0x0000000082d00000| Untracked |  0
|  46|0x0000000082e00000, 0x0000000082f00000, 0x0000000082f00000|100%| O|  |TAMS 0x0000000082f00000| PB 0x0000000082e00000| Untracked |  0
|  47|0x0000000082f00000, 0x0000000083000000, 0x0000000083000000|100%| O|  |TAMS 0x0000000083000000| PB 0x0000000082f00000| Untracked |  0
|  48|0x0000000083000000, 0x0000000083100000, 0x0000000083100000|100%| O|  |TAMS 0x0000000083100000| PB 0x0000000083000000| Untracked |  0
|  49|0x0000000083100000, 0x0000000083200000, 0x0000000083200000|100%| O|  |TAMS 0x0000000083200000| PB 0x0000000083100000| Untracked |  0
|  50|0x0000000083200000, 0x0000000083300000, 0x0000000083300000|100%| O|  |TAMS 0x0000000083300000| PB 0x0000000083200000| Untracked |  0
|  51|0x0000000083300000, 0x0000000083400000, 0x0000000083400000|100%| O|  |TAMS 0x0000000083400000| PB 0x0000000083300000| Untracked |  0
|  52|0x0000000083400000, 0x0000000083500000, 0x0000000083500000|100%| O|  |TAMS 0x0000000083500000| PB 0x0000000083400000| Untracked |  0
|  53|0x0000000083500000, 0x0000000083600000, 0x0000000083600000|100%| O|  |TAMS 0x0000000083600000| PB 0x0000000083500000| Untracked |  0
|  54|0x0000000083600000, 0x0000000083700000, 0x0000000083700000|100%| O|  |TAMS 0x0000000083700000| PB 0x0000000083600000| Untracked |  0
|  55|0x0000000083700000, 0x0000000083800000, 0x0000000083800000|100%| O|  |TAMS 0x0000000083800000| PB 0x0000000083700000| Untracked |  0
|  56|0x0000000083800000, 0x0000000083900000, 0x0000000083900000|100%| O|  |TAMS 0x0000000083900000| PB 0x0000000083800000| Untracked |  0
|  57|0x0000000083900000, 0x0000000083a00000, 0x0000000083a00000|100%| O|  |TAMS 0x0000000083a00000| PB 0x0000000083900000| Untracked |  0
|  58|0x0000000083a00000, 0x0000000083b00000, 0x0000000083b00000|100%| O|  |TAMS 0x0000000083b00000| PB 0x0000000083a00000| Untracked |  0
|  59|0x0000000083b00000, 0x0000000083c00000, 0x0000000083c00000|100%| O|  |TAMS 0x0000000083c00000| PB 0x0000000083b00000| Untracked |  0
|  60|0x0000000083c00000, 0x0000000083d00000, 0x0000000083d00000|100%| O|  |TAMS 0x0000000083d00000| PB 0x0000000083c00000| Untracked |  0
|  61|0x0000000083d00000, 0x0000000083e00000, 0x0000000083e00000|100%|HS|  |TAMS 0x0000000083e00000| PB 0x0000000083d00000| Complete |  0
|  62|0x0000000083e00000, 0x0000000083f00000, 0x0000000083f00000|100%|HS|  |TAMS 0x0000000083f00000| PB 0x0000000083e00000| Complete |  0
|  63|0x0000000083f00000, 0x0000000084000000, 0x0000000084000000|100%|HS|  |TAMS 0x0000000084000000| PB 0x0000000083f00000| Complete |  0
|  64|0x0000000084000000, 0x0000000084100000, 0x0000000084100000|100%| O|  |TAMS 0x0000000084100000| PB 0x0000000084000000| Untracked |  0
|  65|0x0000000084100000, 0x0000000084200000, 0x0000000084200000|100%| O|  |TAMS 0x0000000084200000| PB 0x0000000084100000| Untracked |  0
|  66|0x0000000084200000, 0x0000000084300000, 0x0000000084300000|100%| O|  |TAMS 0x0000000084300000| PB 0x0000000084200000| Untracked |  0
|  67|0x0000000084300000, 0x0000000084400000, 0x0000000084400000|100%| O|  |TAMS 0x0000000084400000| PB 0x0000000084300000| Untracked |  0
|  68|0x0000000084400000, 0x0000000084500000, 0x0000000084500000|100%| O|  |TAMS 0x0000000084500000| PB 0x0000000084400000| Untracked |  0
|  69|0x0000000084500000, 0x0000000084600000, 0x0000000084600000|100%|HS|  |TAMS 0x0000000084600000| PB 0x0000000084500000| Complete |  0
|  70|0x0000000084600000, 0x0000000084700000, 0x0000000084700000|100%| O|  |TAMS 0x0000000084700000| PB 0x0000000084600000| Untracked |  0
|  71|0x0000000084700000, 0x0000000084800000, 0x0000000084800000|100%| O|  |TAMS 0x0000000084800000| PB 0x0000000084700000| Untracked |  0
|  72|0x0000000084800000, 0x0000000084900000, 0x0000000084900000|100%| O|  |TAMS 0x0000000084900000| PB 0x0000000084800000| Untracked |  0
|  73|0x0000000084900000, 0x0000000084a00000, 0x0000000084a00000|100%|HS|  |TAMS 0x0000000084a00000| PB 0x0000000084900000| Complete |  0
|  74|0x0000000084a00000, 0x0000000084b00000, 0x0000000084b00000|100%|HC|  |TAMS 0x0000000084b00000| PB 0x0000000084a00000| Complete |  0
|  75|0x0000000084b00000, 0x0000000084c00000, 0x0000000084c00000|100%| O|  |TAMS 0x0000000084c00000| PB 0x0000000084b00000| Untracked |  0
|  76|0x0000000084c00000, 0x0000000084d00000, 0x0000000084d00000|100%|HS|  |TAMS 0x0000000084d00000| PB 0x0000000084c00000| Complete |  0
|  77|0x0000000084d00000, 0x0000000084e00000, 0x0000000084e00000|100%| O|  |TAMS 0x0000000084e00000| PB 0x0000000084d00000| Untracked |  0
|  78|0x0000000084e00000, 0x0000000084f00000, 0x0000000084f00000|100%|HS|  |TAMS 0x0000000084f00000| PB 0x0000000084e00000| Complete |  0
|  79|0x0000000084f00000, 0x0000000085000000, 0x0000000085000000|100%|HS|  |TAMS 0x0000000085000000| PB 0x0000000084f00000| Complete |  0
|  80|0x0000000085000000, 0x0000000085100000, 0x0000000085100000|100%|HS|  |TAMS 0x0000000085100000| PB 0x0000000085000000| Complete |  0
|  81|0x0000000085100000, 0x0000000085200000, 0x0000000085200000|100%|HC|  |TAMS 0x0000000085200000| PB 0x0000000085100000| Complete |  0
|  82|0x0000000085200000, 0x0000000085300000, 0x0000000085300000|100%| O|  |TAMS 0x0000000085300000| PB 0x0000000085200000| Untracked |  0
|  83|0x0000000085300000, 0x0000000085400000, 0x0000000085400000|100%| O|  |TAMS 0x0000000085400000| PB 0x0000000085300000| Untracked |  0
|  84|0x0000000085400000, 0x0000000085500000, 0x0000000085500000|100%| O|  |TAMS 0x0000000085500000| PB 0x0000000085400000| Untracked |  0
|  85|0x0000000085500000, 0x0000000085600000, 0x0000000085600000|100%| O|  |TAMS 0x0000000085600000| PB 0x0000000085500000| Untracked |  0
|  86|0x0000000085600000, 0x0000000085700000, 0x0000000085700000|100%| O|  |TAMS 0x0000000085700000| PB 0x0000000085600000| Untracked |  0
|  87|0x0000000085700000, 0x0000000085800000, 0x0000000085800000|100%| O|  |TAMS 0x0000000085800000| PB 0x0000000085700000| Untracked |  0
|  88|0x0000000085800000, 0x0000000085900000, 0x0000000085900000|100%| O|  |TAMS 0x0000000085900000| PB 0x0000000085800000| Untracked |  0
|  89|0x0000000085900000, 0x0000000085a00000, 0x0000000085a00000|100%| O|  |TAMS 0x0000000085a00000| PB 0x0000000085900000| Untracked |  0
|  90|0x0000000085a00000, 0x0000000085b00000, 0x0000000085b00000|100%| O|  |TAMS 0x0000000085b00000| PB 0x0000000085a00000| Untracked |  0
|  91|0x0000000085b00000, 0x0000000085c00000, 0x0000000085c00000|100%| O|  |TAMS 0x0000000085c00000| PB 0x0000000085b00000| Untracked |  0
|  92|0x0000000085c00000, 0x0000000085d00000, 0x0000000085d00000|100%| O|  |TAMS 0x0000000085d00000| PB 0x0000000085c00000| Untracked |  0
|  93|0x0000000085d00000, 0x0000000085e00000, 0x0000000085e00000|100%| O|  |TAMS 0x0000000085e00000| PB 0x0000000085d00000| Untracked |  0
|  94|0x0000000085e00000, 0x0000000085f00000, 0x0000000085f00000|100%| O|  |TAMS 0x0000000085f00000| PB 0x0000000085e00000| Untracked |  0
|  95|0x0000000085f00000, 0x0000000086000000, 0x0000000086000000|100%|HS|  |TAMS 0x0000000086000000| PB 0x0000000085f00000| Complete |  0
|  96|0x0000000086000000, 0x0000000086100000, 0x0000000086100000|100%| O|  |TAMS 0x0000000086100000| PB 0x0000000086000000| Untracked |  0
|  97|0x0000000086100000, 0x0000000086200000, 0x0000000086200000|100%| O|  |TAMS 0x0000000086200000| PB 0x0000000086100000| Untracked |  0
|  98|0x0000000086200000, 0x0000000086300000, 0x0000000086300000|100%| O|  |TAMS 0x0000000086300000| PB 0x0000000086200000| Untracked |  0
|  99|0x0000000086300000, 0x0000000086400000, 0x0000000086400000|100%| O|  |TAMS 0x0000000086400000| PB 0x0000000086300000| Untracked |  0
| 100|0x0000000086400000, 0x0000000086500000, 0x0000000086500000|100%| O|  |TAMS 0x0000000086500000| PB 0x0000000086400000| Untracked |  0
| 101|0x0000000086500000, 0x0000000086600000, 0x0000000086600000|100%| O|  |TAMS 0x0000000086600000| PB 0x0000000086500000| Untracked |  0
| 102|0x0000000086600000, 0x0000000086700000, 0x0000000086700000|100%| O|  |TAMS 0x0000000086700000| PB 0x0000000086600000| Untracked |  0
| 103|0x0000000086700000, 0x0000000086800000, 0x0000000086800000|100%| O|  |TAMS 0x0000000086800000| PB 0x0000000086700000| Untracked |  0
| 104|0x0000000086800000, 0x0000000086900000, 0x0000000086900000|100%| O|  |TAMS 0x0000000086900000| PB 0x0000000086800000| Untracked |  0
| 105|0x0000000086900000, 0x0000000086a00000, 0x0000000086a00000|100%| O|  |TAMS 0x0000000086a00000| PB 0x0000000086900000| Untracked |  0
| 106|0x0000000086a00000, 0x0000000086b00000, 0x0000000086b00000|100%| O|  |TAMS 0x0000000086b00000| PB 0x0000000086a00000| Untracked |  0
| 107|0x0000000086b00000, 0x0000000086c00000, 0x0000000086c00000|100%| O|  |TAMS 0x0000000086c00000| PB 0x0000000086b00000| Untracked |  0
| 108|0x0000000086c00000, 0x0000000086d00000, 0x0000000086d00000|100%| O|  |TAMS 0x0000000086d00000| PB 0x0000000086c00000| Untracked |  0
| 109|0x0000000086d00000, 0x0000000086e00000, 0x0000000086e00000|100%| O|  |TAMS 0x0000000086e00000| PB 0x0000000086d00000| Untracked |  0
| 110|0x0000000086e00000, 0x0000000086f00000, 0x0000000086f00000|100%| O|  |TAMS 0x0000000086f00000| PB 0x0000000086e00000| Untracked |  0
| 111|0x0000000086f00000, 0x0000000087000000, 0x0000000087000000|100%| O|  |TAMS 0x0000000087000000| PB 0x0000000086f00000| Untracked |  0
| 112|0x0000000087000000, 0x0000000087100000, 0x0000000087100000|100%| O|  |TAMS 0x0000000087100000| PB 0x0000000087000000| Untracked |  0
| 113|0x0000000087100000, 0x0000000087200000, 0x0000000087200000|100%| O|  |TAMS 0x0000000087200000| PB 0x0000000087100000| Untracked |  0
| 114|0x0000000087200000, 0x0000000087300000, 0x0000000087300000|100%| O|  |TAMS 0x0000000087300000| PB 0x0000000087200000| Untracked |  0
| 115|0x0000000087300000, 0x0000000087400000, 0x0000000087400000|100%| O|  |TAMS 0x0000000087400000| PB 0x0000000087300000| Untracked |  0
| 116|0x0000000087400000, 0x0000000087500000, 0x0000000087500000|100%| O|  |TAMS 0x0000000087500000| PB 0x0000000087400000| Untracked |  0
| 117|0x0000000087500000, 0x0000000087600000, 0x0000000087600000|100%| O|  |TAMS 0x0000000087600000| PB 0x0000000087500000| Untracked |  0
| 118|0x0000000087600000, 0x0000000087700000, 0x0000000087700000|100%| O|  |TAMS 0x0000000087700000| PB 0x0000000087600000| Untracked |  0
| 119|0x0000000087700000, 0x0000000087800000, 0x0000000087800000|100%| O|  |TAMS 0x0000000087800000| PB 0x0000000087700000| Untracked |  0
| 120|0x0000000087800000, 0x0000000087900000, 0x0000000087900000|100%| O|  |TAMS 0x0000000087900000| PB 0x0000000087800000| Untracked |  0
| 121|0x0000000087900000, 0x0000000087a00000, 0x0000000087a00000|100%| O|  |TAMS 0x0000000087a00000| PB 0x0000000087900000| Untracked |  0
| 122|0x0000000087a00000, 0x0000000087b00000, 0x0000000087b00000|100%| O|  |TAMS 0x0000000087b00000| PB 0x0000000087a00000| Untracked |  0
| 123|0x0000000087b00000, 0x0000000087c00000, 0x0000000087c00000|100%| O|  |TAMS 0x0000000087c00000| PB 0x0000000087b00000| Untracked |  0
| 124|0x0000000087c00000, 0x0000000087d00000, 0x0000000087d00000|100%| O|  |TAMS 0x0000000087d00000| PB 0x0000000087c00000| Untracked |  0
| 125|0x0000000087d00000, 0x0000000087e00000, 0x0000000087e00000|100%| O|  |TAMS 0x0000000087e00000| PB 0x0000000087d00000| Untracked |  0
| 126|0x0000000087e00000, 0x0000000087f00000, 0x0000000087f00000|100%| O|  |TAMS 0x0000000087f00000| PB 0x0000000087e00000| Untracked |  0
| 127|0x0000000087f00000, 0x0000000088000000, 0x0000000088000000|100%| O|  |TAMS 0x0000000088000000| PB 0x0000000087f00000| Untracked |  0
| 128|0x0000000088000000, 0x0000000088100000, 0x0000000088100000|100%| O|  |TAMS 0x0000000088100000| PB 0x0000000088000000| Untracked |  0
| 129|0x0000000088100000, 0x0000000088200000, 0x0000000088200000|100%| O|  |TAMS 0x0000000088200000| PB 0x0000000088100000| Untracked |  0
| 130|0x0000000088200000, 0x0000000088300000, 0x0000000088300000|100%| O|  |TAMS 0x0000000088300000| PB 0x0000000088200000| Untracked |  0
| 131|0x0000000088300000, 0x0000000088400000, 0x0000000088400000|100%| O|  |TAMS 0x0000000088400000| PB 0x0000000088300000| Untracked |  0
| 132|0x0000000088400000, 0x0000000088500000, 0x0000000088500000|100%| O|  |TAMS 0x0000000088500000| PB 0x0000000088400000| Untracked |  0
| 133|0x0000000088500000, 0x0000000088600000, 0x0000000088600000|100%| O|  |TAMS 0x0000000088600000| PB 0x0000000088500000| Untracked |  0
| 134|0x0000000088600000, 0x0000000088700000, 0x0000000088700000|100%| O|  |TAMS 0x0000000088700000| PB 0x0000000088600000| Untracked |  0
| 135|0x0000000088700000, 0x0000000088800000, 0x0000000088800000|100%| O|  |TAMS 0x0000000088800000| PB 0x0000000088700000| Untracked |  0
| 136|0x0000000088800000, 0x0000000088900000, 0x0000000088900000|100%| O|  |TAMS 0x0000000088900000| PB 0x0000000088800000| Untracked |  0
| 137|0x0000000088900000, 0x0000000088a00000, 0x0000000088a00000|100%| O|  |TAMS 0x0000000088a00000| PB 0x0000000088900000| Untracked |  0
| 138|0x0000000088a00000, 0x0000000088b00000, 0x0000000088b00000|100%| O|  |TAMS 0x0000000088b00000| PB 0x0000000088a00000| Untracked |  0
| 139|0x0000000088b00000, 0x0000000088c00000, 0x0000000088c00000|100%| O|  |TAMS 0x0000000088c00000| PB 0x0000000088b00000| Untracked |  0
| 140|0x0000000088c00000, 0x0000000088d00000, 0x0000000088d00000|100%| O|  |TAMS 0x0000000088d00000| PB 0x0000000088c00000| Untracked |  0
| 141|0x0000000088d00000, 0x0000000088e00000, 0x0000000088e00000|100%| O|  |TAMS 0x0000000088e00000| PB 0x0000000088d00000| Untracked |  0
| 142|0x0000000088e00000, 0x0000000088f00000, 0x0000000088f00000|100%| O|  |TAMS 0x0000000088f00000| PB 0x0000000088e00000| Untracked |  0
| 143|0x0000000088f00000, 0x0000000089000000, 0x0000000089000000|100%| O|  |TAMS 0x0000000089000000| PB 0x0000000088f00000| Untracked |  0
| 144|0x0000000089000000, 0x0000000089100000, 0x0000000089100000|100%| O|  |TAMS 0x0000000089100000| PB 0x0000000089000000| Untracked |  0
| 145|0x0000000089100000, 0x0000000089200000, 0x0000000089200000|100%| O|  |TAMS 0x0000000089200000| PB 0x0000000089100000| Untracked |  0
| 146|0x0000000089200000, 0x0000000089300000, 0x0000000089300000|100%| O|  |TAMS 0x0000000089300000| PB 0x0000000089200000| Untracked |  0
| 147|0x0000000089300000, 0x0000000089400000, 0x0000000089400000|100%| O|  |TAMS 0x0000000089400000| PB 0x0000000089300000| Untracked |  0
| 148|0x0000000089400000, 0x0000000089500000, 0x0000000089500000|100%| O|  |TAMS 0x0000000089500000| PB 0x0000000089400000| Untracked |  0
| 149|0x0000000089500000, 0x0000000089600000, 0x0000000089600000|100%| O|  |TAMS 0x0000000089600000| PB 0x0000000089500000| Untracked |  0
| 150|0x0000000089600000, 0x0000000089700000, 0x0000000089700000|100%| O|  |TAMS 0x0000000089700000| PB 0x0000000089600000| Untracked |  0
| 151|0x0000000089700000, 0x0000000089800000, 0x0000000089800000|100%| O|  |TAMS 0x0000000089800000| PB 0x0000000089700000| Untracked |  0
| 152|0x0000000089800000, 0x0000000089900000, 0x0000000089900000|100%| O|  |TAMS 0x0000000089900000| PB 0x0000000089800000| Untracked |  0
| 153|0x0000000089900000, 0x0000000089a00000, 0x0000000089a00000|100%| O|  |TAMS 0x0000000089a00000| PB 0x0000000089900000| Untracked |  0
| 154|0x0000000089a00000, 0x0000000089b00000, 0x0000000089b00000|100%| O|  |TAMS 0x0000000089b00000| PB 0x0000000089a00000| Untracked |  0
| 155|0x0000000089b00000, 0x0000000089c00000, 0x0000000089c00000|100%| O|  |TAMS 0x0000000089c00000| PB 0x0000000089b00000| Untracked |  0
| 156|0x0000000089c00000, 0x0000000089d00000, 0x0000000089d00000|100%| O|  |TAMS 0x0000000089d00000| PB 0x0000000089c00000| Untracked |  0
| 157|0x0000000089d00000, 0x0000000089e00000, 0x0000000089e00000|100%| O|  |TAMS 0x0000000089e00000| PB 0x0000000089d00000| Untracked |  0
| 158|0x0000000089e00000, 0x0000000089f00000, 0x0000000089f00000|100%| O|  |TAMS 0x0000000089f00000| PB 0x0000000089e00000| Untracked |  0
| 159|0x0000000089f00000, 0x000000008a000000, 0x000000008a000000|100%| O|  |TAMS 0x000000008a000000| PB 0x0000000089f00000| Untracked |  0
| 160|0x000000008a000000, 0x000000008a100000, 0x000000008a100000|100%| O|  |TAMS 0x000000008a100000| PB 0x000000008a000000| Untracked |  0
| 161|0x000000008a100000, 0x000000008a200000, 0x000000008a200000|100%| O|  |TAMS 0x000000008a200000| PB 0x000000008a100000| Untracked |  0
| 162|0x000000008a200000, 0x000000008a300000, 0x000000008a300000|100%| O|  |TAMS 0x000000008a300000| PB 0x000000008a200000| Untracked |  0
| 163|0x000000008a300000, 0x000000008a400000, 0x000000008a400000|100%| O|  |TAMS 0x000000008a400000| PB 0x000000008a300000| Untracked |  0
| 164|0x000000008a400000, 0x000000008a500000, 0x000000008a500000|100%| O|  |TAMS 0x000000008a500000| PB 0x000000008a400000| Untracked |  0
| 165|0x000000008a500000, 0x000000008a600000, 0x000000008a600000|100%| O|  |TAMS 0x000000008a600000| PB 0x000000008a500000| Untracked |  0
| 166|0x000000008a600000, 0x000000008a700000, 0x000000008a700000|100%| O|  |TAMS 0x000000008a700000| PB 0x000000008a600000| Untracked |  0
| 167|0x000000008a700000, 0x000000008a800000, 0x000000008a800000|100%| O|  |TAMS 0x000000008a800000| PB 0x000000008a700000| Untracked |  0
| 168|0x000000008a800000, 0x000000008a900000, 0x000000008a900000|100%| O|  |TAMS 0x000000008a900000| PB 0x000000008a800000| Untracked |  0
| 169|0x000000008a900000, 0x000000008aa00000, 0x000000008aa00000|100%| O|  |TAMS 0x000000008aa00000| PB 0x000000008a900000| Untracked |  0
| 170|0x000000008aa00000, 0x000000008ab00000, 0x000000008ab00000|100%| O|  |TAMS 0x000000008ab00000| PB 0x000000008aa00000| Untracked |  0
| 171|0x000000008ab00000, 0x000000008ac00000, 0x000000008ac00000|100%| O|  |TAMS 0x000000008ac00000| PB 0x000000008ab00000| Untracked |  0
| 172|0x000000008ac00000, 0x000000008ad00000, 0x000000008ad00000|100%| O|  |TAMS 0x000000008ad00000| PB 0x000000008ac00000| Untracked |  0
| 173|0x000000008ad00000, 0x000000008ae00000, 0x000000008ae00000|100%|HS|  |TAMS 0x000000008ad00000| PB 0x000000008ad00000| Complete |  0
| 174|0x000000008ae00000, 0x000000008af00000, 0x000000008af00000|100%| O|  |TAMS 0x000000008af00000| PB 0x000000008ae00000| Untracked |  0
| 175|0x000000008af00000, 0x000000008b000000, 0x000000008b000000|100%| O|  |TAMS 0x000000008b000000| PB 0x000000008af00000| Untracked |  0
| 176|0x000000008b000000, 0x000000008b100000, 0x000000008b100000|100%| O|  |TAMS 0x000000008b100000| PB 0x000000008b000000| Untracked |  0
| 177|0x000000008b100000, 0x000000008b200000, 0x000000008b200000|100%| O|  |TAMS 0x000000008b200000| PB 0x000000008b100000| Untracked |  0
| 178|0x000000008b200000, 0x000000008b300000, 0x000000008b300000|100%| O|  |TAMS 0x000000008b300000| PB 0x000000008b200000| Untracked |  0
| 179|0x000000008b300000, 0x000000008b400000, 0x000000008b400000|100%| O|  |TAMS 0x000000008b400000| PB 0x000000008b300000| Untracked |  0
| 180|0x000000008b400000, 0x000000008b500000, 0x000000008b500000|100%| O|  |TAMS 0x000000008b500000| PB 0x000000008b400000| Untracked |  0
| 181|0x000000008b500000, 0x000000008b600000, 0x000000008b600000|100%| O|  |TAMS 0x000000008b600000| PB 0x000000008b500000| Untracked |  0
| 182|0x000000008b600000, 0x000000008b700000, 0x000000008b700000|100%| O|  |TAMS 0x000000008b700000| PB 0x000000008b600000| Untracked |  0
| 183|0x000000008b700000, 0x000000008b800000, 0x000000008b800000|100%| O|  |TAMS 0x000000008b800000| PB 0x000000008b700000| Untracked |  0
| 184|0x000000008b800000, 0x000000008b900000, 0x000000008b900000|100%| O|  |TAMS 0x000000008b900000| PB 0x000000008b800000| Untracked |  0
| 185|0x000000008b900000, 0x000000008ba00000, 0x000000008ba00000|100%| O|  |TAMS 0x000000008ba00000| PB 0x000000008b900000| Untracked |  0
| 186|0x000000008ba00000, 0x000000008bb00000, 0x000000008bb00000|100%| O|  |TAMS 0x000000008bb00000| PB 0x000000008ba00000| Untracked |  0
| 187|0x000000008bb00000, 0x000000008bc00000, 0x000000008bc00000|100%| O|  |TAMS 0x000000008bc00000| PB 0x000000008bb00000| Untracked |  0
| 188|0x000000008bc00000, 0x000000008bd00000, 0x000000008bd00000|100%| O|  |TAMS 0x000000008bd00000| PB 0x000000008bc00000| Untracked |  0
| 189|0x000000008bd00000, 0x000000008be00000, 0x000000008be00000|100%| O|  |TAMS 0x000000008be00000| PB 0x000000008bd00000| Untracked |  0
| 190|0x000000008be00000, 0x000000008bf00000, 0x000000008bf00000|100%| O|  |TAMS 0x000000008bf00000| PB 0x000000008be00000| Untracked |  0
| 191|0x000000008bf00000, 0x000000008c000000, 0x000000008c000000|100%| O|  |TAMS 0x000000008c000000| PB 0x000000008bf00000| Untracked |  0
| 192|0x000000008c000000, 0x000000008c100000, 0x000000008c100000|100%| O|  |TAMS 0x000000008c100000| PB 0x000000008c000000| Untracked |  0
| 193|0x000000008c100000, 0x000000008c200000, 0x000000008c200000|100%| O|  |TAMS 0x000000008c200000| PB 0x000000008c100000| Untracked |  0
| 194|0x000000008c200000, 0x000000008c300000, 0x000000008c300000|100%| O|  |TAMS 0x000000008c300000| PB 0x000000008c200000| Untracked |  0
| 195|0x000000008c300000, 0x000000008c400000, 0x000000008c400000|100%| O|  |TAMS 0x000000008c400000| PB 0x000000008c300000| Untracked |  0
| 196|0x000000008c400000, 0x000000008c500000, 0x000000008c500000|100%| O|  |TAMS 0x000000008c500000| PB 0x000000008c400000| Untracked |  0
| 197|0x000000008c500000, 0x000000008c600000, 0x000000008c600000|100%| O|  |TAMS 0x000000008c600000| PB 0x000000008c500000| Untracked |  0
| 198|0x000000008c600000, 0x000000008c700000, 0x000000008c700000|100%| O|  |TAMS 0x000000008c700000| PB 0x000000008c600000| Untracked |  0
| 199|0x000000008c700000, 0x000000008c800000, 0x000000008c800000|100%| O|  |TAMS 0x000000008c800000| PB 0x000000008c700000| Untracked |  0
| 200|0x000000008c800000, 0x000000008c900000, 0x000000008c900000|100%| O|  |TAMS 0x000000008c900000| PB 0x000000008c800000| Untracked |  0
| 201|0x000000008c900000, 0x000000008c900000, 0x000000008ca00000|  0%| F|  |TAMS 0x000000008c900000| PB 0x000000008c900000| Untracked |  0
| 202|0x000000008ca00000, 0x000000008cb00000, 0x000000008cb00000|100%| O|  |TAMS 0x000000008cb00000| PB 0x000000008ca00000| Untracked |  0
| 203|0x000000008cb00000, 0x000000008cc00000, 0x000000008cc00000|100%| O|  |TAMS 0x000000008cc00000| PB 0x000000008cb00000| Untracked |  0
| 204|0x000000008cc00000, 0x000000008cd00000, 0x000000008cd00000|100%| O|  |TAMS 0x000000008cd00000| PB 0x000000008cc00000| Untracked |  0
| 205|0x000000008cd00000, 0x000000008ce00000, 0x000000008ce00000|100%| O|  |TAMS 0x000000008ce00000| PB 0x000000008cd00000| Untracked |  0
| 206|0x000000008ce00000, 0x000000008cf00000, 0x000000008cf00000|100%| O|  |TAMS 0x000000008cf00000| PB 0x000000008ce00000| Untracked |  0
| 207|0x000000008cf00000, 0x000000008d000000, 0x000000008d000000|100%|HS|  |TAMS 0x000000008d000000| PB 0x000000008cf00000| Complete |  0
| 208|0x000000008d000000, 0x000000008d100000, 0x000000008d100000|100%|HC|  |TAMS 0x000000008d100000| PB 0x000000008d000000| Complete |  0
| 209|0x000000008d100000, 0x000000008d200000, 0x000000008d200000|100%|HC|  |TAMS 0x000000008d200000| PB 0x000000008d100000| Complete |  0
| 210|0x000000008d200000, 0x000000008d300000, 0x000000008d300000|100%| O|  |TAMS 0x000000008d300000| PB 0x000000008d200000| Untracked |  0
| 211|0x000000008d300000, 0x000000008d400000, 0x000000008d400000|100%| O|  |TAMS 0x000000008d400000| PB 0x000000008d300000| Untracked |  0
| 212|0x000000008d400000, 0x000000008d500000, 0x000000008d500000|100%| O|  |TAMS 0x000000008d500000| PB 0x000000008d400000| Untracked |  0
| 213|0x000000008d500000, 0x000000008d600000, 0x000000008d600000|100%| O|  |TAMS 0x000000008d600000| PB 0x000000008d500000| Untracked |  0
| 214|0x000000008d600000, 0x000000008d700000, 0x000000008d700000|100%| O|  |TAMS 0x000000008d700000| PB 0x000000008d600000| Untracked |  0
| 215|0x000000008d700000, 0x000000008d800000, 0x000000008d800000|100%| O|  |TAMS 0x000000008d800000| PB 0x000000008d700000| Untracked |  0
| 216|0x000000008d800000, 0x000000008d800000, 0x000000008d900000|  0%| F|  |TAMS 0x000000008d800000| PB 0x000000008d800000| Untracked |  0
| 217|0x000000008d900000, 0x000000008da00000, 0x000000008da00000|100%| O|  |TAMS 0x000000008da00000| PB 0x000000008d900000| Untracked |  0
| 218|0x000000008da00000, 0x000000008db00000, 0x000000008db00000|100%| O|  |TAMS 0x000000008db00000| PB 0x000000008da00000| Untracked |  0
| 219|0x000000008db00000, 0x000000008dc00000, 0x000000008dc00000|100%| O|  |TAMS 0x000000008dc00000| PB 0x000000008db00000| Untracked |  0
| 220|0x000000008dc00000, 0x000000008dd00000, 0x000000008dd00000|100%| O|  |TAMS 0x000000008dd00000| PB 0x000000008dc00000| Untracked |  0
| 221|0x000000008dd00000, 0x000000008de00000, 0x000000008de00000|100%| O|  |TAMS 0x000000008de00000| PB 0x000000008dd00000| Untracked |  0
| 222|0x000000008de00000, 0x000000008df00000, 0x000000008df00000|100%| O|  |TAMS 0x000000008df00000| PB 0x000000008de00000| Untracked |  0
| 223|0x000000008df00000, 0x000000008e000000, 0x000000008e000000|100%| O|  |TAMS 0x000000008e000000| PB 0x000000008df00000| Untracked |  0
| 224|0x000000008e000000, 0x000000008e100000, 0x000000008e100000|100%| O|  |TAMS 0x000000008e100000| PB 0x000000008e000000| Untracked |  0
| 225|0x000000008e100000, 0x000000008e200000, 0x000000008e200000|100%| O|  |TAMS 0x000000008e200000| PB 0x000000008e100000| Untracked |  0
| 226|0x000000008e200000, 0x000000008e300000, 0x000000008e300000|100%| O|  |TAMS 0x000000008e300000| PB 0x000000008e200000| Untracked |  0
| 227|0x000000008e300000, 0x000000008e400000, 0x000000008e400000|100%| O|  |TAMS 0x000000008e400000| PB 0x000000008e300000| Untracked |  0
| 228|0x000000008e400000, 0x000000008e500000, 0x000000008e500000|100%| O|  |TAMS 0x000000008e500000| PB 0x000000008e400000| Untracked |  0
| 229|0x000000008e500000, 0x000000008e600000, 0x000000008e600000|100%| O|  |TAMS 0x000000008e600000| PB 0x000000008e500000| Untracked |  0
| 230|0x000000008e600000, 0x000000008e700000, 0x000000008e700000|100%| O|  |TAMS 0x000000008e700000| PB 0x000000008e600000| Untracked |  0
| 231|0x000000008e700000, 0x000000008e800000, 0x000000008e800000|100%| O|  |TAMS 0x000000008e800000| PB 0x000000008e700000| Untracked |  0
| 232|0x000000008e800000, 0x000000008e900000, 0x000000008e900000|100%| O|  |TAMS 0x000000008e900000| PB 0x000000008e800000| Untracked |  0
| 233|0x000000008e900000, 0x000000008ea00000, 0x000000008ea00000|100%| O|  |TAMS 0x000000008ea00000| PB 0x000000008e900000| Untracked |  0
| 234|0x000000008ea00000, 0x000000008eb00000, 0x000000008eb00000|100%| O|  |TAMS 0x000000008eb00000| PB 0x000000008ea00000| Untracked |  0
| 235|0x000000008eb00000, 0x000000008ec00000, 0x000000008ec00000|100%| O|  |TAMS 0x000000008ec00000| PB 0x000000008eb00000| Untracked |  0
| 236|0x000000008ec00000, 0x000000008ed00000, 0x000000008ed00000|100%| O|  |TAMS 0x000000008ed00000| PB 0x000000008ec00000| Untracked |  0
| 237|0x000000008ed00000, 0x000000008ee00000, 0x000000008ee00000|100%| O|  |TAMS 0x000000008ee00000| PB 0x000000008ed00000| Untracked |  0
| 238|0x000000008ee00000, 0x000000008ef00000, 0x000000008ef00000|100%| O|  |TAMS 0x000000008ef00000| PB 0x000000008ee00000| Untracked |  0
| 239|0x000000008ef00000, 0x000000008f000000, 0x000000008f000000|100%| O|  |TAMS 0x000000008f000000| PB 0x000000008ef00000| Untracked |  0
| 240|0x000000008f000000, 0x000000008f100000, 0x000000008f100000|100%| O|  |TAMS 0x000000008f100000| PB 0x000000008f000000| Untracked |  0
| 241|0x000000008f100000, 0x000000008f200000, 0x000000008f200000|100%| O|  |TAMS 0x000000008f200000| PB 0x000000008f100000| Untracked |  0
| 242|0x000000008f200000, 0x000000008f300000, 0x000000008f300000|100%| O|  |TAMS 0x000000008f300000| PB 0x000000008f200000| Untracked |  0
| 243|0x000000008f300000, 0x000000008f400000, 0x000000008f400000|100%| O|  |TAMS 0x000000008f400000| PB 0x000000008f300000| Untracked |  0
| 244|0x000000008f400000, 0x000000008f500000, 0x000000008f500000|100%| O|  |TAMS 0x000000008f500000| PB 0x000000008f400000| Untracked |  0
| 245|0x000000008f500000, 0x000000008f600000, 0x000000008f600000|100%| O|  |TAMS 0x000000008f600000| PB 0x000000008f500000| Untracked |  0
| 246|0x000000008f600000, 0x000000008f700000, 0x000000008f700000|100%| O|  |TAMS 0x000000008f700000| PB 0x000000008f600000| Untracked |  0
| 247|0x000000008f700000, 0x000000008f800000, 0x000000008f800000|100%| O|  |TAMS 0x000000008f800000| PB 0x000000008f700000| Untracked |  0
| 248|0x000000008f800000, 0x000000008f900000, 0x000000008f900000|100%| O|  |TAMS 0x000000008f900000| PB 0x000000008f800000| Untracked |  0
| 249|0x000000008f900000, 0x000000008fa00000, 0x000000008fa00000|100%| O|  |TAMS 0x000000008fa00000| PB 0x000000008f900000| Untracked |  0
| 250|0x000000008fa00000, 0x000000008fb00000, 0x000000008fb00000|100%| O|  |TAMS 0x000000008fb00000| PB 0x000000008fa00000| Untracked |  0
| 251|0x000000008fb00000, 0x000000008fb00000, 0x000000008fc00000|  0%| F|  |TAMS 0x000000008fb00000| PB 0x000000008fb00000| Untracked |  0
| 252|0x000000008fc00000, 0x000000008fc00000, 0x000000008fd00000|  0%| F|  |TAMS 0x000000008fc00000| PB 0x000000008fc00000| Untracked |  0
| 253|0x000000008fd00000, 0x000000008fd00000, 0x000000008fe00000|  0%| F|  |TAMS 0x000000008fd00000| PB 0x000000008fd00000| Untracked |  0
| 254|0x000000008fe00000, 0x000000008fe00000, 0x000000008ff00000|  0%| F|  |TAMS 0x000000008fe00000| PB 0x000000008fe00000| Untracked |  0
| 255|0x000000008ff00000, 0x000000008ff00000, 0x0000000090000000|  0%| F|  |TAMS 0x000000008ff00000| PB 0x000000008ff00000| Untracked |  0
| 256|0x0000000090000000, 0x0000000090000000, 0x0000000090100000|  0%| F|  |TAMS 0x0000000090000000| PB 0x0000000090000000| Untracked |  0
| 257|0x0000000090100000, 0x0000000090200000, 0x0000000090200000|100%| O|  |TAMS 0x0000000090200000| PB 0x0000000090100000| Untracked |  0
| 258|0x0000000090200000, 0x0000000090300000, 0x0000000090300000|100%| O|  |TAMS 0x0000000090300000| PB 0x0000000090200000| Untracked |  0
| 259|0x0000000090300000, 0x0000000090300000, 0x0000000090400000|  0%| F|  |TAMS 0x0000000090300000| PB 0x0000000090300000| Untracked |  0
| 260|0x0000000090400000, 0x0000000090500000, 0x0000000090500000|100%| O|  |TAMS 0x0000000090500000| PB 0x0000000090400000| Untracked |  0
| 261|0x0000000090500000, 0x0000000090600000, 0x0000000090600000|100%| O|  |TAMS 0x0000000090600000| PB 0x0000000090500000| Untracked |  0
| 262|0x0000000090600000, 0x0000000090700000, 0x0000000090700000|100%| O|  |TAMS 0x0000000090700000| PB 0x0000000090600000| Untracked |  0
| 263|0x0000000090700000, 0x0000000090800000, 0x0000000090800000|100%| O|  |TAMS 0x0000000090800000| PB 0x0000000090700000| Untracked |  0
| 264|0x0000000090800000, 0x0000000090900000, 0x0000000090900000|100%| O|  |TAMS 0x0000000090900000| PB 0x0000000090800000| Untracked |  0
| 265|0x0000000090900000, 0x0000000090900000, 0x0000000090a00000|  0%| F|  |TAMS 0x0000000090900000| PB 0x0000000090900000| Untracked |  0
| 266|0x0000000090a00000, 0x0000000090b00000, 0x0000000090b00000|100%| O|  |TAMS 0x0000000090b00000| PB 0x0000000090a00000| Untracked |  0
| 267|0x0000000090b00000, 0x0000000090b00000, 0x0000000090c00000|  0%| F|  |TAMS 0x0000000090b00000| PB 0x0000000090b00000| Untracked |  0
| 268|0x0000000090c00000, 0x0000000090c00000, 0x0000000090d00000|  0%| F|  |TAMS 0x0000000090c00000| PB 0x0000000090c00000| Untracked |  0
| 269|0x0000000090d00000, 0x0000000090d00000, 0x0000000090e00000|  0%| F|  |TAMS 0x0000000090d00000| PB 0x0000000090d00000| Untracked |  0
| 270|0x0000000090e00000, 0x0000000090f00000, 0x0000000090f00000|100%| O|  |TAMS 0x0000000090f00000| PB 0x0000000090e00000| Untracked |  0
| 271|0x0000000090f00000, 0x0000000090f00000, 0x0000000091000000|  0%| F|  |TAMS 0x0000000090f00000| PB 0x0000000090f00000| Untracked |  0
| 272|0x0000000091000000, 0x0000000091000000, 0x0000000091100000|  0%| F|  |TAMS 0x0000000091000000| PB 0x0000000091000000| Untracked |  0
| 273|0x0000000091100000, 0x0000000091100000, 0x0000000091200000|  0%| F|  |TAMS 0x0000000091100000| PB 0x0000000091100000| Untracked |  0
| 274|0x0000000091200000, 0x0000000091200000, 0x0000000091300000|  0%| F|  |TAMS 0x0000000091200000| PB 0x0000000091200000| Untracked |  0
| 275|0x0000000091300000, 0x0000000091300000, 0x0000000091400000|  0%| F|  |TAMS 0x0000000091300000| PB 0x0000000091300000| Untracked |  0
| 276|0x0000000091400000, 0x0000000091400000, 0x0000000091500000|  0%| F|  |TAMS 0x0000000091400000| PB 0x0000000091400000| Untracked |  0
| 277|0x0000000091500000, 0x0000000091600000, 0x0000000091600000|100%| O|  |TAMS 0x0000000091600000| PB 0x0000000091500000| Untracked |  0
| 278|0x0000000091600000, 0x0000000091700000, 0x0000000091700000|100%| O|  |TAMS 0x0000000091700000| PB 0x0000000091600000| Untracked |  0
| 279|0x0000000091700000, 0x0000000091800000, 0x0000000091800000|100%| O|  |TAMS 0x0000000091800000| PB 0x0000000091700000| Untracked |  0
| 280|0x0000000091800000, 0x0000000091800000, 0x0000000091900000|  0%| F|  |TAMS 0x0000000091800000| PB 0x0000000091800000| Untracked |  0
| 281|0x0000000091900000, 0x0000000091900000, 0x0000000091a00000|  0%| F|  |TAMS 0x0000000091900000| PB 0x0000000091900000| Untracked |  0
| 282|0x0000000091a00000, 0x0000000091a00000, 0x0000000091b00000|  0%| F|  |TAMS 0x0000000091a00000| PB 0x0000000091a00000| Untracked |  0
| 283|0x0000000091b00000, 0x0000000091b00000, 0x0000000091c00000|  0%| F|  |TAMS 0x0000000091b00000| PB 0x0000000091b00000| Untracked |  0
| 284|0x0000000091c00000, 0x0000000091d00000, 0x0000000091d00000|100%| O|  |TAMS 0x0000000091d00000| PB 0x0000000091c00000| Untracked |  0
| 285|0x0000000091d00000, 0x0000000091d00000, 0x0000000091e00000|  0%| F|  |TAMS 0x0000000091d00000| PB 0x0000000091d00000| Untracked |  0
| 286|0x0000000091e00000, 0x0000000091e00000, 0x0000000091f00000|  0%| F|  |TAMS 0x0000000091e00000| PB 0x0000000091e00000| Untracked |  0
| 287|0x0000000091f00000, 0x0000000092000000, 0x0000000092000000|100%| O|  |TAMS 0x0000000092000000| PB 0x0000000091f00000| Untracked |  0
| 288|0x0000000092000000, 0x0000000092000000, 0x0000000092100000|  0%| F|  |TAMS 0x0000000092000000| PB 0x0000000092000000| Untracked |  0
| 289|0x0000000092100000, 0x0000000092200000, 0x0000000092200000|100%| O|  |TAMS 0x0000000092200000| PB 0x0000000092100000| Untracked |  0
| 290|0x0000000092200000, 0x0000000092200000, 0x0000000092300000|  0%| F|  |TAMS 0x0000000092200000| PB 0x0000000092200000| Untracked |  0
| 291|0x0000000092300000, 0x0000000092300000, 0x0000000092400000|  0%| F|  |TAMS 0x0000000092300000| PB 0x0000000092300000| Untracked |  0
| 292|0x0000000092400000, 0x0000000092400000, 0x0000000092500000|  0%| F|  |TAMS 0x0000000092400000| PB 0x0000000092400000| Untracked |  0
| 293|0x0000000092500000, 0x0000000092500000, 0x0000000092600000|  0%| F|  |TAMS 0x0000000092500000| PB 0x0000000092500000| Untracked |  0
| 294|0x0000000092600000, 0x0000000092600000, 0x0000000092700000|  0%| F|  |TAMS 0x0000000092600000| PB 0x0000000092600000| Untracked |  0
| 295|0x0000000092700000, 0x0000000092700000, 0x0000000092800000|  0%| F|  |TAMS 0x0000000092700000| PB 0x0000000092700000| Untracked |  0
| 296|0x0000000092800000, 0x0000000092800000, 0x0000000092900000|  0%| F|  |TAMS 0x0000000092800000| PB 0x0000000092800000| Untracked |  0
| 297|0x0000000092900000, 0x0000000092a00000, 0x0000000092a00000|100%| O|  |TAMS 0x0000000092a00000| PB 0x0000000092900000| Untracked |  0
| 298|0x0000000092a00000, 0x0000000092a00000, 0x0000000092b00000|  0%| F|  |TAMS 0x0000000092a00000| PB 0x0000000092a00000| Untracked |  0
| 299|0x0000000092b00000, 0x0000000092b00000, 0x0000000092c00000|  0%| F|  |TAMS 0x0000000092b00000| PB 0x0000000092b00000| Untracked |  0
| 300|0x0000000092c00000, 0x0000000092d00000, 0x0000000092d00000|100%| O|  |TAMS 0x0000000092d00000| PB 0x0000000092c00000| Untracked |  0
| 301|0x0000000092d00000, 0x0000000092d00000, 0x0000000092e00000|  0%| F|  |TAMS 0x0000000092d00000| PB 0x0000000092d00000| Untracked |  0
| 302|0x0000000092e00000, 0x0000000092e00000, 0x0000000092f00000|  0%| F|  |TAMS 0x0000000092e00000| PB 0x0000000092e00000| Untracked |  0
| 303|0x0000000092f00000, 0x0000000092f00000, 0x0000000093000000|  0%| F|  |TAMS 0x0000000092f00000| PB 0x0000000092f00000| Untracked |  0
| 304|0x0000000093000000, 0x0000000093000000, 0x0000000093100000|  0%| F|  |TAMS 0x0000000093000000| PB 0x0000000093000000| Untracked |  0
| 305|0x0000000093100000, 0x0000000093100000, 0x0000000093200000|  0%| F|  |TAMS 0x0000000093100000| PB 0x0000000093100000| Untracked |  0
| 306|0x0000000093200000, 0x0000000093200000, 0x0000000093300000|  0%| F|  |TAMS 0x0000000093200000| PB 0x0000000093200000| Untracked |  0
| 307|0x0000000093300000, 0x0000000093300000, 0x0000000093400000|  0%| F|  |TAMS 0x0000000093300000| PB 0x0000000093300000| Untracked |  0
| 308|0x0000000093400000, 0x0000000093500000, 0x0000000093500000|100%| O|  |TAMS 0x0000000093500000| PB 0x0000000093400000| Untracked |  0
| 309|0x0000000093500000, 0x0000000093500000, 0x0000000093600000|  0%| F|  |TAMS 0x0000000093500000| PB 0x0000000093500000| Untracked |  0
| 310|0x0000000093600000, 0x0000000093600000, 0x0000000093700000|  0%| F|  |TAMS 0x0000000093600000| PB 0x0000000093600000| Untracked |  0
| 311|0x0000000093700000, 0x0000000093700000, 0x0000000093800000|  0%| F|  |TAMS 0x0000000093700000| PB 0x0000000093700000| Untracked |  0
| 312|0x0000000093800000, 0x0000000093800000, 0x0000000093900000|  0%| F|  |TAMS 0x0000000093800000| PB 0x0000000093800000| Untracked |  0
| 313|0x0000000093900000, 0x0000000093900000, 0x0000000093a00000|  0%| F|  |TAMS 0x0000000093900000| PB 0x0000000093900000| Untracked |  0
| 314|0x0000000093a00000, 0x0000000093a00000, 0x0000000093b00000|  0%| F|  |TAMS 0x0000000093a00000| PB 0x0000000093a00000| Untracked |  0
| 315|0x0000000093b00000, 0x0000000093b00000, 0x0000000093c00000|  0%| F|  |TAMS 0x0000000093b00000| PB 0x0000000093b00000| Untracked |  0
| 316|0x0000000093c00000, 0x0000000093d00000, 0x0000000093d00000|100%|HS|  |TAMS 0x0000000093d00000| PB 0x0000000093c00000| Complete |  0
| 317|0x0000000093d00000, 0x0000000093e00000, 0x0000000093e00000|100%|HC|  |TAMS 0x0000000093e00000| PB 0x0000000093d00000| Complete |  0
| 318|0x0000000093e00000, 0x0000000093f00000, 0x0000000093f00000|100%|HC|  |TAMS 0x0000000093f00000| PB 0x0000000093e00000| Complete |  0
| 319|0x0000000093f00000, 0x0000000094000000, 0x0000000094000000|100%|HC|  |TAMS 0x0000000094000000| PB 0x0000000093f00000| Complete |  0
| 320|0x0000000094000000, 0x0000000094100000, 0x0000000094100000|100%|HC|  |TAMS 0x0000000094100000| PB 0x0000000094000000| Complete |  0
| 321|0x0000000094100000, 0x0000000094200000, 0x0000000094200000|100%|HC|  |TAMS 0x0000000094200000| PB 0x0000000094100000| Complete |  0
| 322|0x0000000094200000, 0x0000000094300000, 0x0000000094300000|100%|HC|  |TAMS 0x0000000094300000| PB 0x0000000094200000| Complete |  0
| 323|0x0000000094300000, 0x0000000094300000, 0x0000000094400000|  0%| F|  |TAMS 0x0000000094300000| PB 0x0000000094300000| Untracked |  0
| 324|0x0000000094400000, 0x0000000094400000, 0x0000000094500000|  0%| F|  |TAMS 0x0000000094400000| PB 0x0000000094400000| Untracked |  0
| 325|0x0000000094500000, 0x0000000094500000, 0x0000000094600000|  0%| F|  |TAMS 0x0000000094500000| PB 0x0000000094500000| Untracked |  0
| 326|0x0000000094600000, 0x0000000094600000, 0x0000000094700000|  0%| F|  |TAMS 0x0000000094600000| PB 0x0000000094600000| Untracked |  0
| 327|0x0000000094700000, 0x0000000094700000, 0x0000000094800000|  0%| F|  |TAMS 0x0000000094700000| PB 0x0000000094700000| Untracked |  0
| 328|0x0000000094800000, 0x0000000094800000, 0x0000000094900000|  0%| F|  |TAMS 0x0000000094800000| PB 0x0000000094800000| Untracked |  0
| 329|0x0000000094900000, 0x0000000094900000, 0x0000000094a00000|  0%| F|  |TAMS 0x0000000094900000| PB 0x0000000094900000| Untracked |  0
| 330|0x0000000094a00000, 0x0000000094a00000, 0x0000000094b00000|  0%| F|  |TAMS 0x0000000094a00000| PB 0x0000000094a00000| Untracked |  0
| 331|0x0000000094b00000, 0x0000000094b00000, 0x0000000094c00000|  0%| F|  |TAMS 0x0000000094b00000| PB 0x0000000094b00000| Untracked |  0
| 332|0x0000000094c00000, 0x0000000094c00000, 0x0000000094d00000|  0%| F|  |TAMS 0x0000000094c00000| PB 0x0000000094c00000| Untracked |  0
| 333|0x0000000094d00000, 0x0000000094d00000, 0x0000000094e00000|  0%| F|  |TAMS 0x0000000094d00000| PB 0x0000000094d00000| Untracked |  0
| 334|0x0000000094e00000, 0x0000000094e00000, 0x0000000094f00000|  0%| F|  |TAMS 0x0000000094e00000| PB 0x0000000094e00000| Untracked |  0
| 335|0x0000000094f00000, 0x0000000094f00000, 0x0000000095000000|  0%| F|  |TAMS 0x0000000094f00000| PB 0x0000000094f00000| Untracked |  0
| 336|0x0000000095000000, 0x0000000095000000, 0x0000000095100000|  0%| F|  |TAMS 0x0000000095000000| PB 0x0000000095000000| Untracked |  0
| 337|0x0000000095100000, 0x0000000095100000, 0x0000000095200000|  0%| F|  |TAMS 0x0000000095100000| PB 0x0000000095100000| Untracked |  0
| 338|0x0000000095200000, 0x0000000095200000, 0x0000000095300000|  0%| F|  |TAMS 0x0000000095200000| PB 0x0000000095200000| Untracked |  0
| 339|0x0000000095300000, 0x0000000095300000, 0x0000000095400000|  0%| F|  |TAMS 0x0000000095300000| PB 0x0000000095300000| Untracked |  0
| 340|0x0000000095400000, 0x0000000095400000, 0x0000000095500000|  0%| F|  |TAMS 0x0000000095400000| PB 0x0000000095400000| Untracked |  0
| 341|0x0000000095500000, 0x0000000095500000, 0x0000000095600000|  0%| F|  |TAMS 0x0000000095500000| PB 0x0000000095500000| Untracked |  0
| 342|0x0000000095600000, 0x0000000095600000, 0x0000000095700000|  0%| F|  |TAMS 0x0000000095600000| PB 0x0000000095600000| Untracked |  0
| 343|0x0000000095700000, 0x0000000095700000, 0x0000000095800000|  0%| F|  |TAMS 0x0000000095700000| PB 0x0000000095700000| Untracked |  0
| 344|0x0000000095800000, 0x0000000095800000, 0x0000000095900000|  0%| F|  |TAMS 0x0000000095800000| PB 0x0000000095800000| Untracked |  0
| 345|0x0000000095900000, 0x0000000095900000, 0x0000000095a00000|  0%| F|  |TAMS 0x0000000095900000| PB 0x0000000095900000| Untracked |  0
| 346|0x0000000095a00000, 0x0000000095a00000, 0x0000000095b00000|  0%| F|  |TAMS 0x0000000095a00000| PB 0x0000000095a00000| Untracked |  0
| 347|0x0000000095b00000, 0x0000000095b00000, 0x0000000095c00000|  0%| F|  |TAMS 0x0000000095b00000| PB 0x0000000095b00000| Untracked |  0
| 348|0x0000000095c00000, 0x0000000095c00000, 0x0000000095d00000|  0%| F|  |TAMS 0x0000000095c00000| PB 0x0000000095c00000| Untracked |  0
| 349|0x0000000095d00000, 0x0000000095d00000, 0x0000000095e00000|  0%| F|  |TAMS 0x0000000095d00000| PB 0x0000000095d00000| Untracked |  0
| 350|0x0000000095e00000, 0x0000000095e00000, 0x0000000095f00000|  0%| F|  |TAMS 0x0000000095e00000| PB 0x0000000095e00000| Untracked |  0
| 351|0x0000000095f00000, 0x0000000095f00000, 0x0000000096000000|  0%| F|  |TAMS 0x0000000095f00000| PB 0x0000000095f00000| Untracked |  0
| 352|0x0000000096000000, 0x0000000096000000, 0x0000000096100000|  0%| F|  |TAMS 0x0000000096000000| PB 0x0000000096000000| Untracked |  0
| 353|0x0000000096100000, 0x0000000096100000, 0x0000000096200000|  0%| F|  |TAMS 0x0000000096100000| PB 0x0000000096100000| Untracked |  0
| 354|0x0000000096200000, 0x0000000096200000, 0x0000000096300000|  0%| F|  |TAMS 0x0000000096200000| PB 0x0000000096200000| Untracked |  0
| 355|0x0000000096300000, 0x0000000096300000, 0x0000000096400000|  0%| F|  |TAMS 0x0000000096300000| PB 0x0000000096300000| Untracked |  0
| 356|0x0000000096400000, 0x0000000096400000, 0x0000000096500000|  0%| F|  |TAMS 0x0000000096400000| PB 0x0000000096400000| Untracked |  0
| 357|0x0000000096500000, 0x0000000096500000, 0x0000000096600000|  0%| F|  |TAMS 0x0000000096500000| PB 0x0000000096500000| Untracked |  0
| 358|0x0000000096600000, 0x0000000096600000, 0x0000000096700000|  0%| F|  |TAMS 0x0000000096600000| PB 0x0000000096600000| Untracked |  0
| 359|0x0000000096700000, 0x0000000096700000, 0x0000000096800000|  0%| F|  |TAMS 0x0000000096700000| PB 0x0000000096700000| Untracked |  0
| 360|0x0000000096800000, 0x0000000096800000, 0x0000000096900000|  0%| F|  |TAMS 0x0000000096800000| PB 0x0000000096800000| Untracked |  0
| 361|0x0000000096900000, 0x0000000096900000, 0x0000000096a00000|  0%| F|  |TAMS 0x0000000096900000| PB 0x0000000096900000| Untracked |  0
| 362|0x0000000096a00000, 0x0000000096a00000, 0x0000000096b00000|  0%| F|  |TAMS 0x0000000096a00000| PB 0x0000000096a00000| Untracked |  0
| 363|0x0000000096b00000, 0x0000000096b00000, 0x0000000096c00000|  0%| F|  |TAMS 0x0000000096b00000| PB 0x0000000096b00000| Untracked |  0
| 364|0x0000000096c00000, 0x0000000096c00000, 0x0000000096d00000|  0%| F|  |TAMS 0x0000000096c00000| PB 0x0000000096c00000| Untracked |  0
| 365|0x0000000096d00000, 0x0000000096d00000, 0x0000000096e00000|  0%| F|  |TAMS 0x0000000096d00000| PB 0x0000000096d00000| Untracked |  0
| 366|0x0000000096e00000, 0x0000000096e00000, 0x0000000096f00000|  0%| F|  |TAMS 0x0000000096e00000| PB 0x0000000096e00000| Untracked |  0
| 367|0x0000000096f00000, 0x0000000096f00000, 0x0000000097000000|  0%| F|  |TAMS 0x0000000096f00000| PB 0x0000000096f00000| Untracked |  0
| 368|0x0000000097000000, 0x0000000097000000, 0x0000000097100000|  0%| F|  |TAMS 0x0000000097000000| PB 0x0000000097000000| Untracked |  0
| 369|0x0000000097100000, 0x0000000097100000, 0x0000000097200000|  0%| F|  |TAMS 0x0000000097100000| PB 0x0000000097100000| Untracked |  0
| 370|0x0000000097200000, 0x0000000097200000, 0x0000000097300000|  0%| F|  |TAMS 0x0000000097200000| PB 0x0000000097200000| Untracked |  0
| 371|0x0000000097300000, 0x0000000097300000, 0x0000000097400000|  0%| F|  |TAMS 0x0000000097300000| PB 0x0000000097300000| Untracked |  0
| 372|0x0000000097400000, 0x0000000097400000, 0x0000000097500000|  0%| F|  |TAMS 0x0000000097400000| PB 0x0000000097400000| Untracked |  0
| 373|0x0000000097500000, 0x0000000097500000, 0x0000000097600000|  0%| F|  |TAMS 0x0000000097500000| PB 0x0000000097500000| Untracked |  0
| 374|0x0000000097600000, 0x0000000097600000, 0x0000000097700000|  0%| F|  |TAMS 0x0000000097600000| PB 0x0000000097600000| Untracked |  0
| 375|0x0000000097700000, 0x0000000097700000, 0x0000000097800000|  0%| F|  |TAMS 0x0000000097700000| PB 0x0000000097700000| Untracked |  0
| 376|0x0000000097800000, 0x0000000097800000, 0x0000000097900000|  0%| F|  |TAMS 0x0000000097800000| PB 0x0000000097800000| Untracked |  0
| 377|0x0000000097900000, 0x0000000097900000, 0x0000000097a00000|  0%| F|  |TAMS 0x0000000097900000| PB 0x0000000097900000| Untracked |  0
| 378|0x0000000097a00000, 0x0000000097a00000, 0x0000000097b00000|  0%| F|  |TAMS 0x0000000097a00000| PB 0x0000000097a00000| Untracked |  0
| 379|0x0000000097b00000, 0x0000000097b00000, 0x0000000097c00000|  0%| F|  |TAMS 0x0000000097b00000| PB 0x0000000097b00000| Untracked |  0
| 380|0x0000000097c00000, 0x0000000097c00000, 0x0000000097d00000|  0%| F|  |TAMS 0x0000000097c00000| PB 0x0000000097c00000| Untracked |  0
| 381|0x0000000097d00000, 0x0000000097d00000, 0x0000000097e00000|  0%| F|  |TAMS 0x0000000097d00000| PB 0x0000000097d00000| Untracked |  0
| 382|0x0000000097e00000, 0x0000000097e00000, 0x0000000097f00000|  0%| F|  |TAMS 0x0000000097e00000| PB 0x0000000097e00000| Untracked |  0
| 383|0x0000000097f00000, 0x0000000097f00000, 0x0000000098000000|  0%| F|  |TAMS 0x0000000097f00000| PB 0x0000000097f00000| Untracked |  0
| 384|0x0000000098000000, 0x0000000098000000, 0x0000000098100000|  0%| F|  |TAMS 0x0000000098000000| PB 0x0000000098000000| Untracked |  0
| 385|0x0000000098100000, 0x0000000098100000, 0x0000000098200000|  0%| F|  |TAMS 0x0000000098100000| PB 0x0000000098100000| Untracked |  0
| 386|0x0000000098200000, 0x0000000098200000, 0x0000000098300000|  0%| F|  |TAMS 0x0000000098200000| PB 0x0000000098200000| Untracked |  0
| 387|0x0000000098300000, 0x0000000098300000, 0x0000000098400000|  0%| F|  |TAMS 0x0000000098300000| PB 0x0000000098300000| Untracked |  0
| 388|0x0000000098400000, 0x0000000098400000, 0x0000000098500000|  0%| F|  |TAMS 0x0000000098400000| PB 0x0000000098400000| Untracked |  0
| 389|0x0000000098500000, 0x0000000098500000, 0x0000000098600000|  0%| F|  |TAMS 0x0000000098500000| PB 0x0000000098500000| Untracked |  0
| 390|0x0000000098600000, 0x0000000098600000, 0x0000000098700000|  0%| F|  |TAMS 0x0000000098600000| PB 0x0000000098600000| Untracked |  0
| 391|0x0000000098700000, 0x0000000098700000, 0x0000000098800000|  0%| F|  |TAMS 0x0000000098700000| PB 0x0000000098700000| Untracked |  0
| 392|0x0000000098800000, 0x0000000098800000, 0x0000000098900000|  0%| F|  |TAMS 0x0000000098800000| PB 0x0000000098800000| Untracked |  0
| 393|0x0000000098900000, 0x0000000098900000, 0x0000000098a00000|  0%| F|  |TAMS 0x0000000098900000| PB 0x0000000098900000| Untracked |  0
| 394|0x0000000098a00000, 0x0000000098a00000, 0x0000000098b00000|  0%| F|  |TAMS 0x0000000098a00000| PB 0x0000000098a00000| Untracked |  0
| 395|0x0000000098b00000, 0x0000000098b00000, 0x0000000098c00000|  0%| F|  |TAMS 0x0000000098b00000| PB 0x0000000098b00000| Untracked |  0
| 396|0x0000000098c00000, 0x0000000098c00000, 0x0000000098d00000|  0%| F|  |TAMS 0x0000000098c00000| PB 0x0000000098c00000| Untracked |  0
| 397|0x0000000098d00000, 0x0000000098d80000, 0x0000000098e00000| 50%| S|CS|TAMS 0x0000000098d00000| PB 0x0000000098d00000| Complete |  0
| 398|0x0000000098e00000, 0x0000000098f00000, 0x0000000098f00000|100%| S|CS|TAMS 0x0000000098e00000| PB 0x0000000098e00000| Complete |  0
| 399|0x0000000098f00000, 0x0000000099000000, 0x0000000099000000|100%| S|CS|TAMS 0x0000000098f00000| PB 0x0000000098f00000| Complete |  0
| 400|0x0000000099000000, 0x0000000099100000, 0x0000000099100000|100%| S|CS|TAMS 0x0000000099000000| PB 0x0000000099000000| Complete |  0
| 401|0x0000000099100000, 0x0000000099200000, 0x0000000099200000|100%| S|CS|TAMS 0x0000000099100000| PB 0x0000000099100000| Complete |  0
| 402|0x0000000099200000, 0x0000000099300000, 0x0000000099300000|100%| S|CS|TAMS 0x0000000099200000| PB 0x0000000099200000| Complete |  0
| 403|0x0000000099300000, 0x0000000099400000, 0x0000000099400000|100%| S|CS|TAMS 0x0000000099300000| PB 0x0000000099300000| Complete |  0
| 404|0x0000000099400000, 0x0000000099500000, 0x0000000099500000|100%| S|CS|TAMS 0x0000000099400000| PB 0x0000000099400000| Complete |  0
| 405|0x0000000099500000, 0x0000000099600000, 0x0000000099600000|100%| S|CS|TAMS 0x0000000099500000| PB 0x0000000099500000| Complete |  0
| 406|0x0000000099600000, 0x0000000099700000, 0x0000000099700000|100%| S|CS|TAMS 0x0000000099600000| PB 0x0000000099600000| Complete |  0
| 407|0x0000000099700000, 0x0000000099800000, 0x0000000099800000|100%| S|CS|TAMS 0x0000000099700000| PB 0x0000000099700000| Complete |  0
| 408|0x0000000099800000, 0x0000000099900000, 0x0000000099900000|100%| S|CS|TAMS 0x0000000099800000| PB 0x0000000099800000| Complete |  0
| 409|0x0000000099900000, 0x0000000099a00000, 0x0000000099a00000|100%| S|CS|TAMS 0x0000000099900000| PB 0x0000000099900000| Complete |  0
| 410|0x0000000099a00000, 0x0000000099b00000, 0x0000000099b00000|100%| S|CS|TAMS 0x0000000099a00000| PB 0x0000000099a00000| Complete |  0
| 411|0x0000000099b00000, 0x0000000099c00000, 0x0000000099c00000|100%| S|CS|TAMS 0x0000000099b00000| PB 0x0000000099b00000| Complete |  0
| 412|0x0000000099c00000, 0x0000000099c00000, 0x0000000099d00000|  0%| F|  |TAMS 0x0000000099c00000| PB 0x0000000099c00000| Untracked |  0
| 413|0x0000000099d00000, 0x0000000099d00000, 0x0000000099e00000|  0%| F|  |TAMS 0x0000000099d00000| PB 0x0000000099d00000| Untracked |  0
| 414|0x0000000099e00000, 0x0000000099e00000, 0x0000000099f00000|  0%| F|  |TAMS 0x0000000099e00000| PB 0x0000000099e00000| Untracked |  0
| 415|0x0000000099f00000, 0x0000000099f00000, 0x000000009a000000|  0%| F|  |TAMS 0x0000000099f00000| PB 0x0000000099f00000| Untracked |  0
| 416|0x000000009a000000, 0x000000009a000000, 0x000000009a100000|  0%| F|  |TAMS 0x000000009a000000| PB 0x000000009a000000| Untracked |  0
| 417|0x000000009a100000, 0x000000009a100000, 0x000000009a200000|  0%| F|  |TAMS 0x000000009a100000| PB 0x000000009a100000| Untracked |  0
| 418|0x000000009a200000, 0x000000009a200000, 0x000000009a300000|  0%| F|  |TAMS 0x000000009a200000| PB 0x000000009a200000| Untracked |  0
| 419|0x000000009a300000, 0x000000009a300000, 0x000000009a400000|  0%| F|  |TAMS 0x000000009a300000| PB 0x000000009a300000| Untracked |  0
| 420|0x000000009a400000, 0x000000009a400000, 0x000000009a500000|  0%| F|  |TAMS 0x000000009a400000| PB 0x000000009a400000| Untracked |  0
| 421|0x000000009a500000, 0x000000009a500000, 0x000000009a600000|  0%| F|  |TAMS 0x000000009a500000| PB 0x000000009a500000| Untracked |  0
| 422|0x000000009a600000, 0x000000009a600000, 0x000000009a700000|  0%| F|  |TAMS 0x000000009a600000| PB 0x000000009a600000| Untracked |  0
| 423|0x000000009a700000, 0x000000009a700000, 0x000000009a800000|  0%| F|  |TAMS 0x000000009a700000| PB 0x000000009a700000| Untracked |  0
| 424|0x000000009a800000, 0x000000009a800000, 0x000000009a900000|  0%| F|  |TAMS 0x000000009a800000| PB 0x000000009a800000| Untracked |  0
| 425|0x000000009a900000, 0x000000009a900000, 0x000000009aa00000|  0%| F|  |TAMS 0x000000009a900000| PB 0x000000009a900000| Untracked |  0
| 426|0x000000009aa00000, 0x000000009aa00000, 0x000000009ab00000|  0%| F|  |TAMS 0x000000009aa00000| PB 0x000000009aa00000| Untracked |  0
| 427|0x000000009ab00000, 0x000000009ab00000, 0x000000009ac00000|  0%| F|  |TAMS 0x000000009ab00000| PB 0x000000009ab00000| Untracked |  0
| 428|0x000000009ac00000, 0x000000009ac00000, 0x000000009ad00000|  0%| F|  |TAMS 0x000000009ac00000| PB 0x000000009ac00000| Untracked |  0
| 429|0x000000009ad00000, 0x000000009ad00000, 0x000000009ae00000|  0%| F|  |TAMS 0x000000009ad00000| PB 0x000000009ad00000| Untracked |  0
| 430|0x000000009ae00000, 0x000000009ae00000, 0x000000009af00000|  0%| F|  |TAMS 0x000000009ae00000| PB 0x000000009ae00000| Untracked |  0
| 431|0x000000009af00000, 0x000000009af00000, 0x000000009b000000|  0%| F|  |TAMS 0x000000009af00000| PB 0x000000009af00000| Untracked |  0
| 432|0x000000009b000000, 0x000000009b000000, 0x000000009b100000|  0%| F|  |TAMS 0x000000009b000000| PB 0x000000009b000000| Untracked |  0
| 433|0x000000009b100000, 0x000000009b100000, 0x000000009b200000|  0%| F|  |TAMS 0x000000009b100000| PB 0x000000009b100000| Untracked |  0
| 434|0x000000009b200000, 0x000000009b200000, 0x000000009b300000|  0%| F|  |TAMS 0x000000009b200000| PB 0x000000009b200000| Untracked |  0
| 435|0x000000009b300000, 0x000000009b300000, 0x000000009b400000|  0%| F|  |TAMS 0x000000009b300000| PB 0x000000009b300000| Untracked |  0
| 436|0x000000009b400000, 0x000000009b400000, 0x000000009b500000|  0%| F|  |TAMS 0x000000009b400000| PB 0x000000009b400000| Untracked |  0
| 437|0x000000009b500000, 0x000000009b500000, 0x000000009b600000|  0%| F|  |TAMS 0x000000009b500000| PB 0x000000009b500000| Untracked |  0
| 438|0x000000009b600000, 0x000000009b600000, 0x000000009b700000|  0%| F|  |TAMS 0x000000009b600000| PB 0x000000009b600000| Untracked |  0
| 439|0x000000009b700000, 0x000000009b700000, 0x000000009b800000|  0%| F|  |TAMS 0x000000009b700000| PB 0x000000009b700000| Untracked |  0
| 440|0x000000009b800000, 0x000000009b800000, 0x000000009b900000|  0%| F|  |TAMS 0x000000009b800000| PB 0x000000009b800000| Untracked |  0
| 441|0x000000009b900000, 0x000000009b900000, 0x000000009ba00000|  0%| F|  |TAMS 0x000000009b900000| PB 0x000000009b900000| Untracked |  0
| 442|0x000000009ba00000, 0x000000009ba00000, 0x000000009bb00000|  0%| F|  |TAMS 0x000000009ba00000| PB 0x000000009ba00000| Untracked |  0
| 443|0x000000009bb00000, 0x000000009bb00000, 0x000000009bc00000|  0%| F|  |TAMS 0x000000009bb00000| PB 0x000000009bb00000| Untracked |  0
| 444|0x000000009bc00000, 0x000000009bc00000, 0x000000009bd00000|  0%| F|  |TAMS 0x000000009bc00000| PB 0x000000009bc00000| Untracked |  0
| 445|0x000000009bd00000, 0x000000009bd00000, 0x000000009be00000|  0%| F|  |TAMS 0x000000009bd00000| PB 0x000000009bd00000| Untracked |  0
| 446|0x000000009be00000, 0x000000009be00000, 0x000000009bf00000|  0%| F|  |TAMS 0x000000009be00000| PB 0x000000009be00000| Untracked |  0
| 447|0x000000009bf00000, 0x000000009bf00000, 0x000000009c000000|  0%| F|  |TAMS 0x000000009bf00000| PB 0x000000009bf00000| Untracked |  0
| 448|0x000000009c000000, 0x000000009c000000, 0x000000009c100000|  0%| F|  |TAMS 0x000000009c000000| PB 0x000000009c000000| Untracked |  0
| 449|0x000000009c100000, 0x000000009c100000, 0x000000009c200000|  0%| F|  |TAMS 0x000000009c100000| PB 0x000000009c100000| Untracked |  0
| 450|0x000000009c200000, 0x000000009c200000, 0x000000009c300000|  0%| F|  |TAMS 0x000000009c200000| PB 0x000000009c200000| Untracked |  0
| 451|0x000000009c300000, 0x000000009c300000, 0x000000009c400000|  0%| F|  |TAMS 0x000000009c300000| PB 0x000000009c300000| Untracked |  0
| 452|0x000000009c400000, 0x000000009c400000, 0x000000009c500000|  0%| F|  |TAMS 0x000000009c400000| PB 0x000000009c400000| Untracked |  0
| 453|0x000000009c500000, 0x000000009c500000, 0x000000009c600000|  0%| F|  |TAMS 0x000000009c500000| PB 0x000000009c500000| Untracked |  0
| 454|0x000000009c600000, 0x000000009c600000, 0x000000009c700000|  0%| F|  |TAMS 0x000000009c600000| PB 0x000000009c600000| Untracked |  0
| 455|0x000000009c700000, 0x000000009c700000, 0x000000009c800000|  0%| F|  |TAMS 0x000000009c700000| PB 0x000000009c700000| Untracked |  0
| 456|0x000000009c800000, 0x000000009c800000, 0x000000009c900000|  0%| F|  |TAMS 0x000000009c800000| PB 0x000000009c800000| Untracked |  0
| 457|0x000000009c900000, 0x000000009c900000, 0x000000009ca00000|  0%| F|  |TAMS 0x000000009c900000| PB 0x000000009c900000| Untracked |  0
| 458|0x000000009ca00000, 0x000000009ca00000, 0x000000009cb00000|  0%| F|  |TAMS 0x000000009ca00000| PB 0x000000009ca00000| Untracked |  0
| 459|0x000000009cb00000, 0x000000009cb00000, 0x000000009cc00000|  0%| F|  |TAMS 0x000000009cb00000| PB 0x000000009cb00000| Untracked |  0
| 460|0x000000009cc00000, 0x000000009cc00000, 0x000000009cd00000|  0%| F|  |TAMS 0x000000009cc00000| PB 0x000000009cc00000| Untracked |  0
| 461|0x000000009cd00000, 0x000000009cd00000, 0x000000009ce00000|  0%| F|  |TAMS 0x000000009cd00000| PB 0x000000009cd00000| Untracked |  0
| 462|0x000000009ce00000, 0x000000009ce00000, 0x000000009cf00000|  0%| F|  |TAMS 0x000000009ce00000| PB 0x000000009ce00000| Untracked |  0
| 463|0x000000009cf00000, 0x000000009cf00000, 0x000000009d000000|  0%| F|  |TAMS 0x000000009cf00000| PB 0x000000009cf00000| Untracked |  0
| 464|0x000000009d000000, 0x000000009d000000, 0x000000009d100000|  0%| F|  |TAMS 0x000000009d000000| PB 0x000000009d000000| Untracked |  0
| 465|0x000000009d100000, 0x000000009d100000, 0x000000009d200000|  0%| F|  |TAMS 0x000000009d100000| PB 0x000000009d100000| Untracked |  0
| 466|0x000000009d200000, 0x000000009d200000, 0x000000009d300000|  0%| F|  |TAMS 0x000000009d200000| PB 0x000000009d200000| Untracked |  0
| 467|0x000000009d300000, 0x000000009d300000, 0x000000009d400000|  0%| F|  |TAMS 0x000000009d300000| PB 0x000000009d300000| Untracked |  0
| 468|0x000000009d400000, 0x000000009d400000, 0x000000009d500000|  0%| F|  |TAMS 0x000000009d400000| PB 0x000000009d400000| Untracked |  0
| 469|0x000000009d500000, 0x000000009d500000, 0x000000009d600000|  0%| F|  |TAMS 0x000000009d500000| PB 0x000000009d500000| Untracked |  0
| 470|0x000000009d600000, 0x000000009d600000, 0x000000009d700000|  0%| F|  |TAMS 0x000000009d600000| PB 0x000000009d600000| Untracked |  0
| 471|0x000000009d700000, 0x000000009d700000, 0x000000009d800000|  0%| F|  |TAMS 0x000000009d700000| PB 0x000000009d700000| Untracked |  0
| 472|0x000000009d800000, 0x000000009d800000, 0x000000009d900000|  0%| F|  |TAMS 0x000000009d800000| PB 0x000000009d800000| Untracked |  0
| 473|0x000000009d900000, 0x000000009d900000, 0x000000009da00000|  0%| F|  |TAMS 0x000000009d900000| PB 0x000000009d900000| Untracked |  0
| 474|0x000000009da00000, 0x000000009da00000, 0x000000009db00000|  0%| F|  |TAMS 0x000000009da00000| PB 0x000000009da00000| Untracked |  0
| 475|0x000000009db00000, 0x000000009db00000, 0x000000009dc00000|  0%| F|  |TAMS 0x000000009db00000| PB 0x000000009db00000| Untracked |  0
| 476|0x000000009dc00000, 0x000000009dc00000, 0x000000009dd00000|  0%| F|  |TAMS 0x000000009dc00000| PB 0x000000009dc00000| Untracked |  0
| 477|0x000000009dd00000, 0x000000009dd00000, 0x000000009de00000|  0%| F|  |TAMS 0x000000009dd00000| PB 0x000000009dd00000| Untracked |  0
| 478|0x000000009de00000, 0x000000009de00000, 0x000000009df00000|  0%| F|  |TAMS 0x000000009de00000| PB 0x000000009de00000| Untracked |  0
| 479|0x000000009df00000, 0x000000009df00000, 0x000000009e000000|  0%| F|  |TAMS 0x000000009df00000| PB 0x000000009df00000| Untracked |  0
| 480|0x000000009e000000, 0x000000009e000000, 0x000000009e100000|  0%| F|  |TAMS 0x000000009e000000| PB 0x000000009e000000| Untracked |  0
| 481|0x000000009e100000, 0x000000009e100000, 0x000000009e200000|  0%| F|  |TAMS 0x000000009e100000| PB 0x000000009e100000| Untracked |  0
| 482|0x000000009e200000, 0x000000009e200000, 0x000000009e300000|  0%| F|  |TAMS 0x000000009e200000| PB 0x000000009e200000| Untracked |  0
| 483|0x000000009e300000, 0x000000009e300000, 0x000000009e400000|  0%| F|  |TAMS 0x000000009e300000| PB 0x000000009e300000| Untracked |  0
| 484|0x000000009e400000, 0x000000009e400000, 0x000000009e500000|  0%| F|  |TAMS 0x000000009e400000| PB 0x000000009e400000| Untracked |  0
| 485|0x000000009e500000, 0x000000009e500000, 0x000000009e600000|  0%| F|  |TAMS 0x000000009e500000| PB 0x000000009e500000| Untracked |  0
| 486|0x000000009e600000, 0x000000009e600000, 0x000000009e700000|  0%| F|  |TAMS 0x000000009e600000| PB 0x000000009e600000| Untracked |  0
| 487|0x000000009e700000, 0x000000009e700000, 0x000000009e800000|  0%| F|  |TAMS 0x000000009e700000| PB 0x000000009e700000| Untracked |  0
| 488|0x000000009e800000, 0x000000009e800000, 0x000000009e900000|  0%| F|  |TAMS 0x000000009e800000| PB 0x000000009e800000| Untracked |  0
| 489|0x000000009e900000, 0x000000009e900000, 0x000000009ea00000|  0%| F|  |TAMS 0x000000009e900000| PB 0x000000009e900000| Untracked |  0
| 490|0x000000009ea00000, 0x000000009ea00000, 0x000000009eb00000|  0%| F|  |TAMS 0x000000009ea00000| PB 0x000000009ea00000| Untracked |  0
|1983|0x00000000fbf00000, 0x00000000fbf00000, 0x00000000fc000000|  0%| F|  |TAMS 0x00000000fbf00000| PB 0x00000000fbf00000| Untracked |  0
|1984|0x00000000fc000000, 0x00000000fc000000, 0x00000000fc100000|  0%| F|  |TAMS 0x00000000fc000000| PB 0x00000000fc000000| Untracked |  0
|1985|0x00000000fc100000, 0x00000000fc100000, 0x00000000fc200000|  0%| F|  |TAMS 0x00000000fc100000| PB 0x00000000fc100000| Untracked |  0
|1986|0x00000000fc200000, 0x00000000fc200000, 0x00000000fc300000|  0%| F|  |TAMS 0x00000000fc200000| PB 0x00000000fc200000| Untracked |  0
|1987|0x00000000fc300000, 0x00000000fc300000, 0x00000000fc400000|  0%| F|  |TAMS 0x00000000fc300000| PB 0x00000000fc300000| Untracked |  0
|1988|0x00000000fc400000, 0x00000000fc400000, 0x00000000fc500000|  0%| F|  |TAMS 0x00000000fc400000| PB 0x00000000fc400000| Untracked |  0
|1989|0x00000000fc500000, 0x00000000fc500000, 0x00000000fc600000|  0%| F|  |TAMS 0x00000000fc500000| PB 0x00000000fc500000| Untracked |  0
|1990|0x00000000fc600000, 0x00000000fc600000, 0x00000000fc700000|  0%| F|  |TAMS 0x00000000fc600000| PB 0x00000000fc600000| Untracked |  0
|1991|0x00000000fc700000, 0x00000000fc700000, 0x00000000fc800000|  0%| F|  |TAMS 0x00000000fc700000| PB 0x00000000fc700000| Untracked |  0
|1992|0x00000000fc800000, 0x00000000fc800000, 0x00000000fc900000|  0%| F|  |TAMS 0x00000000fc800000| PB 0x00000000fc800000| Untracked |  0
|1993|0x00000000fc900000, 0x00000000fc900000, 0x00000000fca00000|  0%| F|  |TAMS 0x00000000fc900000| PB 0x00000000fc900000| Untracked |  0
|1994|0x00000000fca00000, 0x00000000fca00000, 0x00000000fcb00000|  0%| F|  |TAMS 0x00000000fca00000| PB 0x00000000fca00000| Untracked |  0
|1995|0x00000000fcb00000, 0x00000000fcc00000, 0x00000000fcc00000|100%| O|  |TAMS 0x00000000fcc00000| PB 0x00000000fcb00000| Untracked |  0
|1996|0x00000000fcc00000, 0x00000000fcc00000, 0x00000000fcd00000|  0%| F|  |TAMS 0x00000000fcc00000| PB 0x00000000fcc00000| Untracked |  0
|1997|0x00000000fcd00000, 0x00000000fcd00000, 0x00000000fce00000|  0%| F|  |TAMS 0x00000000fcd00000| PB 0x00000000fcd00000| Untracked |  0
|1998|0x00000000fce00000, 0x00000000fcf00000, 0x00000000fcf00000|100%| O|  |TAMS 0x00000000fcf00000| PB 0x00000000fce00000| Untracked |  0
|1999|0x00000000fcf00000, 0x00000000fcf00000, 0x00000000fd000000|  0%| F|  |TAMS 0x00000000fcf00000| PB 0x00000000fcf00000| Untracked |  0
|2000|0x00000000fd000000, 0x00000000fd000000, 0x00000000fd100000|  0%| F|  |TAMS 0x00000000fd000000| PB 0x00000000fd000000| Untracked |  0
|2001|0x00000000fd100000, 0x00000000fd100000, 0x00000000fd200000|  0%| F|  |TAMS 0x00000000fd100000| PB 0x00000000fd100000| Untracked |  0
|2002|0x00000000fd200000, 0x00000000fd200000, 0x00000000fd300000|  0%| F|  |TAMS 0x00000000fd200000| PB 0x00000000fd200000| Untracked |  0
|2003|0x00000000fd300000, 0x00000000fd300000, 0x00000000fd400000|  0%| F|  |TAMS 0x00000000fd300000| PB 0x00000000fd300000| Untracked |  0
|2004|0x00000000fd400000, 0x00000000fd400000, 0x00000000fd500000|  0%| F|  |TAMS 0x00000000fd400000| PB 0x00000000fd400000| Untracked |  0
|2005|0x00000000fd500000, 0x00000000fd500000, 0x00000000fd600000|  0%| F|  |TAMS 0x00000000fd500000| PB 0x00000000fd500000| Untracked |  0
|2006|0x00000000fd600000, 0x00000000fd600000, 0x00000000fd700000|  0%| F|  |TAMS 0x00000000fd600000| PB 0x00000000fd600000| Untracked |  0
|2007|0x00000000fd700000, 0x00000000fd700000, 0x00000000fd800000|  0%| F|  |TAMS 0x00000000fd700000| PB 0x00000000fd700000| Untracked |  0
|2008|0x00000000fd800000, 0x00000000fd800000, 0x00000000fd900000|  0%| F|  |TAMS 0x00000000fd800000| PB 0x00000000fd800000| Untracked |  0
|2009|0x00000000fd900000, 0x00000000fd900000, 0x00000000fda00000|  0%| F|  |TAMS 0x00000000fd900000| PB 0x00000000fd900000| Untracked |  0
|2010|0x00000000fda00000, 0x00000000fda00000, 0x00000000fdb00000|  0%| F|  |TAMS 0x00000000fda00000| PB 0x00000000fda00000| Untracked |  0
|2011|0x00000000fdb00000, 0x00000000fdb00000, 0x00000000fdc00000|  0%| F|  |TAMS 0x00000000fdb00000| PB 0x00000000fdb00000| Untracked |  0
|2012|0x00000000fdc00000, 0x00000000fdc00000, 0x00000000fdd00000|  0%| F|  |TAMS 0x00000000fdc00000| PB 0x00000000fdc00000| Untracked |  0
|2013|0x00000000fdd00000, 0x00000000fdd00000, 0x00000000fde00000|  0%| F|  |TAMS 0x00000000fdd00000| PB 0x00000000fdd00000| Untracked |  0
|2014|0x00000000fde00000, 0x00000000fde00000, 0x00000000fdf00000|  0%| F|  |TAMS 0x00000000fde00000| PB 0x00000000fde00000| Untracked |  0
|2015|0x00000000fdf00000, 0x00000000fdf00000, 0x00000000fe000000|  0%| F|  |TAMS 0x00000000fdf00000| PB 0x00000000fdf00000| Untracked |  0
|2016|0x00000000fe000000, 0x00000000fe000000, 0x00000000fe100000|  0%| F|  |TAMS 0x00000000fe000000| PB 0x00000000fe000000| Untracked |  0
|2017|0x00000000fe100000, 0x00000000fe100000, 0x00000000fe200000|  0%| F|  |TAMS 0x00000000fe100000| PB 0x00000000fe100000| Untracked |  0
|2018|0x00000000fe200000, 0x00000000fe200000, 0x00000000fe300000|  0%| F|  |TAMS 0x00000000fe200000| PB 0x00000000fe200000| Untracked |  0
|2019|0x00000000fe300000, 0x00000000fe300000, 0x00000000fe400000|  0%| F|  |TAMS 0x00000000fe300000| PB 0x00000000fe300000| Untracked |  0
|2020|0x00000000fe400000, 0x00000000fe400000, 0x00000000fe500000|  0%| F|  |TAMS 0x00000000fe400000| PB 0x00000000fe400000| Untracked |  0
|2021|0x00000000fe500000, 0x00000000fe500000, 0x00000000fe600000|  0%| F|  |TAMS 0x00000000fe500000| PB 0x00000000fe500000| Untracked |  0
|2022|0x00000000fe600000, 0x00000000fe600000, 0x00000000fe700000|  0%| F|  |TAMS 0x00000000fe600000| PB 0x00000000fe600000| Untracked |  0
|2023|0x00000000fe700000, 0x00000000fe700000, 0x00000000fe800000|  0%| F|  |TAMS 0x00000000fe700000| PB 0x00000000fe700000| Untracked |  0
|2024|0x00000000fe800000, 0x00000000fe800000, 0x00000000fe900000|  0%| F|  |TAMS 0x00000000fe800000| PB 0x00000000fe800000| Untracked |  0
|2025|0x00000000fe900000, 0x00000000fe900000, 0x00000000fea00000|  0%| F|  |TAMS 0x00000000fe900000| PB 0x00000000fe900000| Untracked |  0
|2026|0x00000000fea00000, 0x00000000fea00000, 0x00000000feb00000|  0%| F|  |TAMS 0x00000000fea00000| PB 0x00000000fea00000| Untracked |  0
|2027|0x00000000feb00000, 0x00000000feb00000, 0x00000000fec00000|  0%| F|  |TAMS 0x00000000feb00000| PB 0x00000000feb00000| Untracked |  0
|2028|0x00000000fec00000, 0x00000000fec00000, 0x00000000fed00000|  0%| F|  |TAMS 0x00000000fec00000| PB 0x00000000fec00000| Untracked |  0
|2029|0x00000000fed00000, 0x00000000fed00000, 0x00000000fee00000|  0%| F|  |TAMS 0x00000000fed00000| PB 0x00000000fed00000| Untracked |  0
|2030|0x00000000fee00000, 0x00000000fee00000, 0x00000000fef00000|  0%| F|  |TAMS 0x00000000fee00000| PB 0x00000000fee00000| Untracked |  0
|2031|0x00000000fef00000, 0x00000000ff000000, 0x00000000ff000000|100%| E|  |TAMS 0x00000000fef00000| PB 0x00000000fef00000| Complete |  0
|2032|0x00000000ff000000, 0x00000000ff100000, 0x00000000ff100000|100%| E|CS|TAMS 0x00000000ff000000| PB 0x00000000ff000000| Complete |  0
|2033|0x00000000ff100000, 0x00000000ff200000, 0x00000000ff200000|100%| E|CS|TAMS 0x00000000ff100000| PB 0x00000000ff100000| Complete |  0
|2034|0x00000000ff200000, 0x00000000ff300000, 0x00000000ff300000|100%| O|  |TAMS 0x00000000ff300000| PB 0x00000000ff200000| Untracked |  0
|2035|0x00000000ff300000, 0x00000000ff400000, 0x00000000ff400000|100%| E|CS|TAMS 0x00000000ff300000| PB 0x00000000ff300000| Complete |  0
|2036|0x00000000ff400000, 0x00000000ff500000, 0x00000000ff500000|100%| O|  |TAMS 0x00000000ff500000| PB 0x00000000ff400000| Untracked |  0
|2037|0x00000000ff500000, 0x00000000ff600000, 0x00000000ff600000|100%| O|  |TAMS 0x00000000ff600000| PB 0x00000000ff500000| Untracked |  0
|2038|0x00000000ff600000, 0x00000000ff700000, 0x00000000ff700000|100%| E|CS|TAMS 0x00000000ff600000| PB 0x00000000ff600000| Complete |  0
|2039|0x00000000ff700000, 0x00000000ff800000, 0x00000000ff800000|100%| E|CS|TAMS 0x00000000ff700000| PB 0x00000000ff700000| Complete |  0
|2040|0x00000000ff800000, 0x00000000ff900000, 0x00000000ff900000|100%| O|  |TAMS 0x00000000ff900000| PB 0x00000000ff800000| Untracked |  0
|2041|0x00000000ff900000, 0x00000000ffa00000, 0x00000000ffa00000|100%| O|  |TAMS 0x00000000ffa00000| PB 0x00000000ff900000| Untracked |  0
|2042|0x00000000ffa00000, 0x00000000ffb00000, 0x00000000ffb00000|100%| E|  |TAMS 0x00000000ffa00000| PB 0x00000000ffa00000| Complete |  0
|2043|0x00000000ffb00000, 0x00000000ffc00000, 0x00000000ffc00000|100%| O|  |TAMS 0x00000000ffc00000| PB 0x00000000ffb00000| Untracked |  0
|2044|0x00000000ffc00000, 0x00000000ffd00000, 0x00000000ffd00000|100%| O|  |TAMS 0x00000000ffd00000| PB 0x00000000ffc00000| Untracked |  0
|2045|0x00000000ffd00000, 0x00000000ffe00000, 0x00000000ffe00000|100%| E|CS|TAMS 0x00000000ffd00000| PB 0x00000000ffd00000| Complete |  0
|2046|0x00000000ffe00000, 0x00000000fff00000, 0x00000000fff00000|100%| O|  |TAMS 0x00000000fff00000| PB 0x00000000ffe00000| Untracked |  0
|2047|0x00000000fff00000, 0x0000000100000000, 0x0000000100000000|100%| O|  |TAMS 0x0000000100000000| PB 0x00000000fff00000| Untracked |  0

Card table byte_map: [0x00000253b4ea0000,0x00000253b52a0000] _byte_map_base: 0x00000253b4aa0000

Marking Bits: (CMBitMap*) 0x00000253a25e24a0
 Bits: [0x00000253b52a0000, 0x00000253b72a0000)

Polling page: 0x00000253a1d60000

Metaspace:
Metaspace        used 336703K, committed 339712K, reserved 1376256K
 class space     used 45592K, committed 47040K, reserved 1048576K

Usage:
  Non-class:    284.29 MB used.
      Class:     44.52 MB used.
       Both:    328.81 MB used.

Virtual space:
  Non-class space:      320.00 MB reserved,     285.81 MB ( 89%) committed,  5 nodes.
      Class space:        1.00 GB reserved,      45.94 MB (  4%) committed,  1 nodes.
             Both:        1.31 GB reserved,     331.75 MB ( 25%) committed. 

Chunk freelists:
   Non-Class:  1.62 MB
       Class:  1.90 MB
        Both:  3.53 MB

MaxMetaspaceSize: unlimited
CompressedClassSpaceSize: 1.00 GB
Initial GC threshold: 21.00 MB
Current GC threshold: 551.06 MB
CDS: off
 - commit_granule_bytes: 65536.
 - commit_granule_words: 8192.
 - virtual_space_node_default_size: 8388608.
 - enlarge_chunks_in_place: 1.
UseCompressedClassPointers 1, UseCompactObjectHeaders 0
Narrow klass pointer bits 32, Max shift 3
Narrow klass base: 0x0000000000000000, Narrow klass shift: 0
Encoding Range: [0x0000000000000000 - 0x0000000100000000), (4294967296 bytes)
Klass Range:    [0x000000003f000000 - 0x000000007f000000), (1073741824 bytes)
Klass ID Range:  [1056964608 - 2130706425) (1073741817)
No protection zone.


Internal statistics:

num_allocs_failed_limit: 6.
num_arena_births: 5684.
num_arena_deaths: 24.
num_vsnodes_births: 6.
num_vsnodes_deaths: 0.
num_space_committed: 5302.
num_space_uncommitted: 0.
num_chunks_returned_to_freelist: 44.
num_chunks_taken_from_freelist: 18526.
num_chunk_merges: 3.
num_chunk_splits: 13633.
num_chunks_enlarged: 10516.
num_inconsistent_stats: 0.

CodeHeap 'non-profiled nmethods': size=120064Kb used=16078Kb max_used=16078Kb free=103985Kb
 bounds [0x00000253ad560000, 0x00000253ae520000, 0x00000253b4aa0000]
CodeHeap 'profiled nmethods': size=120064Kb used=39429Kb max_used=40896Kb free=80634Kb
 bounds [0x00000253a5a80000, 0x00000253a8280000, 0x00000253acfc0000]
CodeHeap 'non-nmethods': size=5760Kb used=2600Kb max_used=2786Kb free=3159Kb
 bounds [0x00000253acfc0000, 0x00000253ad2a0000, 0x00000253ad560000]
CodeCache: size=245888Kb, used=58107Kb, max_used=59760Kb, free=187778Kb
 total_blobs=25639, nmethods=24247, adapters=1290, full_count=0
Compilation: enabled, stopped_count=0, restarted_count=0

Compilation events (20 events):
Event: 1274.634 Thread 0x00000253b98e5d90 53071       2       com.android.tools.r8.graph.j2$a::a (27 bytes)
Event: 1274.636 Thread 0x00000253b98e5d90 nmethod 53071 0x00000253a7a92e08 code [0x00000253a7a92f00, 0x00000253a7a93310]
Event: 1274.636 Thread 0x00000253b98e5d90 53072       3       com.android.tools.r8.graph.r4::a (10 bytes)
Event: 1274.637 Thread 0x00000253b98e5d90 nmethod 53072 0x00000253a7a92a08 code [0x00000253a7a92b00, 0x00000253a7a92d88]
Event: 1274.637 Thread 0x00000253b98e5d90 53073       2       com.android.tools.r8.graph.j2::c (6 bytes)
Event: 1274.637 Thread 0x00000253b98e5d90 nmethod 53073 0x00000253a7a92708 code [0x00000253a7a92800, 0x00000253a7a92920]
Event: 1274.637 Thread 0x00000253b98e5d90 53074       2       com.android.tools.r8.graph.j2$a::V (2 bytes)
Event: 1274.637 Thread 0x00000253b98e5d90 nmethod 53074 0x00000253a7a92408 code [0x00000253a7a92500, 0x00000253a7a92608]
Event: 1274.637 Thread 0x00000253b98e5d90 53075       2       com.android.tools.r8.graph.j2$a::a (34 bytes)
Event: 1274.637 Thread 0x00000253b98e5d90 nmethod 53075 0x00000253a7a92108 code [0x00000253a7a92200, 0x00000253a7a92360]
Event: 1274.638 Thread 0x00000253b98e5d90 53076       2       com.android.tools.r8.graph.j2$a$$Lambda/0x0000000041e17508::a (5 bytes)
Event: 1274.639 Thread 0x00000253b98e5d90 nmethod 53076 0x00000253a7a91b88 code [0x00000253a7a91c80, 0x00000253a7a920b8]
Event: 1274.644 Thread 0x00000253b98e5d90 53077       2       com.android.tools.r8.graph.e1::a (25 bytes)
Event: 1274.644 Thread 0x00000253b98e5d90 nmethod 53077 0x00000253a7a91888 code [0x00000253a7a91980, 0x00000253a7a91b58]
Event: 1274.647 Thread 0x00000253b98e5d90 53078       2       com.android.tools.r8.graph.g1::equals (53 bytes)
Event: 1274.647 Thread 0x00000253b98e5d90 nmethod 53078 0x00000253a7a91488 code [0x00000253a7a91580, 0x00000253a7a91830]
Event: 1274.650 Thread 0x00000253b98e5d90 53079       2       com.android.tools.r8.graph.x4$b::equals (31 bytes)
Event: 1274.650 Thread 0x00000253b98e5d90 nmethod 53079 0x00000253a7a91188 code [0x00000253a7a91280, 0x00000253a7a91478]
Event: 1274.653 Thread 0x00000253b98e5d90 53080       2       com.android.tools.r8.graph.j2$a::a (41 bytes)
Event: 1274.653 Thread 0x00000253b98e5d90 nmethod 53080 0x00000253a7a90e88 code [0x00000253a7a90f80, 0x00000253a7a910d8]

GC Heap Usage History (20 events):
Event: 1239.380 {heap Before GC invocations=118 (full 0):
 garbage-first heap   total reserved 2097152K, committed 565248K, used 530432K [0x0000000080000000, 0x0000000100000000)
  region size 1024K, 210 young (215040K), 4 survivors (4096K)
}
Event: 1239.410 {heap After GC invocations=119 (full 0):
 garbage-first heap   total reserved 2097152K, committed 565248K, used 316194K [0x0000000080000000, 0x0000000100000000)
  region size 1024K, 4 young (4096K), 4 survivors (4096K)
}
Event: 1241.504 {heap Before GC invocations=119 (full 0):
 garbage-first heap   total reserved 2097152K, committed 565248K, used 534306K [0x0000000080000000, 0x0000000100000000)
  region size 1024K, 218 young (223232K), 4 survivors (4096K)
}
Event: 1241.521 {heap After GC invocations=120 (full 0):
 garbage-first heap   total reserved 2097152K, committed 565248K, used 320512K [0x0000000080000000, 0x0000000100000000)
  region size 1024K, 8 young (8192K), 8 survivors (8192K)
}
Event: 1244.003 {heap Before GC invocations=121 (full 0):
 garbage-first heap   total reserved 2097152K, committed 565248K, used 537600K [0x0000000080000000, 0x0000000100000000)
  region size 1024K, 218 young (223232K), 8 survivors (8192K)
}
Event: 1244.031 {heap After GC invocations=122 (full 0):
 garbage-first heap   total reserved 2097152K, committed 565248K, used 332800K [0x0000000080000000, 0x0000000100000000)
  region size 1024K, 17 young (17408K), 17 survivors (17408K)
}
Event: 1246.278 {heap Before GC invocations=122 (full 0):
 garbage-first heap   total reserved 2097152K, committed 565248K, used 535552K [0x0000000080000000, 0x0000000100000000)
  region size 1024K, 215 young (220160K), 17 survivors (17408K)
}
Event: 1246.329 {heap After GC invocations=123 (full 0):
 garbage-first heap   total reserved 2097152K, committed 567296K, used 335999K [0x0000000080000000, 0x0000000100000000)
  region size 1024K, 21 young (21504K), 21 survivors (21504K)
}
Event: 1248.906 {heap Before GC invocations=123 (full 0):
 garbage-first heap   total reserved 2097152K, committed 567296K, used 535679K [0x0000000080000000, 0x0000000100000000)
  region size 1024K, 217 young (222208K), 21 survivors (21504K)
}
Event: 1248.963 {heap After GC invocations=124 (full 0):
 garbage-first heap   total reserved 2097152K, committed 567296K, used 333093K [0x0000000080000000, 0x0000000100000000)
  region size 1024K, 9 young (9216K), 9 survivors (9216K)
}
Event: 1255.442 {heap Before GC invocations=125 (full 0):
 garbage-first heap   total reserved 2097152K, committed 567296K, used 517413K [0x0000000080000000, 0x0000000100000000)
  region size 1024K, 208 young (212992K), 9 survivors (9216K)
}
Event: 1255.478 {heap After GC invocations=126 (full 0):
 garbage-first heap   total reserved 2097152K, committed 567296K, used 324389K [0x0000000080000000, 0x0000000100000000)
  region size 1024K, 21 young (21504K), 21 survivors (21504K)
}
Event: 1257.820 {heap Before GC invocations=126 (full 0):
 garbage-first heap   total reserved 2097152K, committed 567296K, used 542501K [0x0000000080000000, 0x0000000100000000)
  region size 1024K, 228 young (233472K), 21 survivors (21504K)
}
Event: 1257.862 {heap After GC invocations=127 (full 0):
 garbage-first heap   total reserved 2097152K, committed 569344K, used 318464K [0x0000000080000000, 0x0000000100000000)
  region size 1024K, 19 young (19456K), 19 survivors (19456K)
}
Event: 1263.376 {heap Before GC invocations=127 (full 0):
 garbage-first heap   total reserved 2097152K, committed 569344K, used 538624K [0x0000000080000000, 0x0000000100000000)
  region size 1024K, 235 young (240640K), 19 survivors (19456K)
}
Event: 1263.410 {heap After GC invocations=128 (full 0):
 garbage-first heap   total reserved 2097152K, committed 569344K, used 313770K [0x0000000080000000, 0x0000000100000000)
  region size 1024K, 15 young (15360K), 15 survivors (15360K)
}
Event: 1271.490 {heap Before GC invocations=129 (full 0):
 garbage-first heap   total reserved 2097152K, committed 569344K, used 538026K [0x0000000080000000, 0x0000000100000000)
  region size 1024K, 235 young (240640K), 15 survivors (15360K)
}
Event: 1271.520 {heap After GC invocations=130 (full 0):
 garbage-first heap   total reserved 2097152K, committed 569344K, used 314794K [0x0000000080000000, 0x0000000100000000)
  region size 1024K, 16 young (16384K), 16 survivors (16384K)
}
Event: 1273.288 {heap Before GC invocations=130 (full 0):
 garbage-first heap   total reserved 2097152K, committed 569344K, used 539050K [0x0000000080000000, 0x0000000100000000)
  region size 1024K, 235 young (240640K), 16 survivors (16384K)
}
Event: 1273.315 {heap After GC invocations=131 (full 0):
 garbage-first heap   total reserved 2097152K, committed 569344K, used 306688K [0x0000000080000000, 0x0000000100000000)
  region size 1024K, 16 young (16384K), 16 survivors (16384K)
}

Metaspace Usage History (20 events):
Event: 1239.380 {metaspace Before GC invocations=118 (full 0):
 Metaspace       used 321561K, committed 324544K, reserved 1376256K
  class space    used 44195K, committed 45568K, reserved 1048576K
}
Event: 1239.410 {metaspace After GC invocations=119 (full 0):
 Metaspace       used 321561K, committed 324544K, reserved 1376256K
  class space    used 44195K, committed 45568K, reserved 1048576K
}
Event: 1241.504 {metaspace Before GC invocations=119 (full 0):
 Metaspace       used 321770K, committed 324736K, reserved 1376256K
  class space    used 44197K, committed 45568K, reserved 1048576K
}
Event: 1241.521 {metaspace After GC invocations=120 (full 0):
 Metaspace       used 321770K, committed 324736K, reserved 1376256K
  class space    used 44197K, committed 45568K, reserved 1048576K
}
Event: 1244.003 {metaspace Before GC invocations=121 (full 0):
 Metaspace       used 322345K, committed 325312K, reserved 1376256K
  class space    used 44266K, committed 45632K, reserved 1048576K
}
Event: 1244.031 {metaspace After GC invocations=122 (full 0):
 Metaspace       used 322345K, committed 325312K, reserved 1376256K
  class space    used 44266K, committed 45632K, reserved 1048576K
}
Event: 1246.278 {metaspace Before GC invocations=122 (full 0):
 Metaspace       used 323165K, committed 326080K, reserved 1376256K
  class space    used 44375K, committed 45760K, reserved 1048576K
}
Event: 1246.329 {metaspace After GC invocations=123 (full 0):
 Metaspace       used 323165K, committed 326080K, reserved 1376256K
  class space    used 44375K, committed 45760K, reserved 1048576K
}
Event: 1248.906 {metaspace Before GC invocations=123 (full 0):
 Metaspace       used 323312K, committed 326272K, reserved 1376256K
  class space    used 44381K, committed 45760K, reserved 1048576K
}
Event: 1248.963 {metaspace After GC invocations=124 (full 0):
 Metaspace       used 323312K, committed 326272K, reserved 1376256K
  class space    used 44381K, committed 45760K, reserved 1048576K
}
Event: 1255.442 {metaspace Before GC invocations=125 (full 0):
 Metaspace       used 327248K, committed 330240K, reserved 1376256K
  class space    used 44721K, committed 46144K, reserved 1048576K
}
Event: 1255.478 {metaspace After GC invocations=126 (full 0):
 Metaspace       used 327248K, committed 330240K, reserved 1376256K
  class space    used 44721K, committed 46144K, reserved 1048576K
}
Event: 1257.820 {metaspace Before GC invocations=126 (full 0):
 Metaspace       used 329761K, committed 332800K, reserved 1376256K
  class space    used 44942K, committed 46400K, reserved 1048576K
}
Event: 1257.862 {metaspace After GC invocations=127 (full 0):
 Metaspace       used 329761K, committed 332800K, reserved 1376256K
  class space    used 44942K, committed 46400K, reserved 1048576K
}
Event: 1263.376 {metaspace Before GC invocations=127 (full 0):
 Metaspace       used 335451K, committed 338560K, reserved 1376256K
  class space    used 45491K, committed 46976K, reserved 1048576K
}
Event: 1263.410 {metaspace After GC invocations=128 (full 0):
 Metaspace       used 335451K, committed 338560K, reserved 1376256K
  class space    used 45491K, committed 46976K, reserved 1048576K
}
Event: 1271.491 {metaspace Before GC invocations=129 (full 0):
 Metaspace       used 335874K, committed 338944K, reserved 1376256K
  class space    used 45499K, committed 46976K, reserved 1048576K
}
Event: 1271.520 {metaspace After GC invocations=130 (full 0):
 Metaspace       used 335874K, committed 338944K, reserved 1376256K
  class space    used 45499K, committed 46976K, reserved 1048576K
}
Event: 1273.288 {metaspace Before GC invocations=130 (full 0):
 Metaspace       used 336136K, committed 339200K, reserved 1376256K
  class space    used 45519K, committed 46976K, reserved 1048576K
}
Event: 1273.315 {metaspace After GC invocations=131 (full 0):
 Metaspace       used 336136K, committed 339200K, reserved 1376256K
  class space    used 45519K, committed 46976K, reserved 1048576K
}

Dll operation events (3 events):
Event: 0.022 Loaded shared library C:\Program Files\Android\Android Studio\jbr\bin\java.dll
Event: 0.034 Loaded shared library C:\Program Files\Android\Android Studio\jbr\bin\zip.dll
Event: 1.650 Loaded shared library C:\Program Files\Android\Android Studio\jbr\bin\verify.dll

Deoptimization events (20 events):
Event: 1274.344 Thread 0x00000253c9addee0 Uncommon trap: trap_request=0xffffffc6 fr.pc=0x00000253ae4063d0 relative=0x0000000000000bd0
Event: 1274.344 Thread 0x00000253c9addee0 Uncommon trap: reason=bimorphic_or_optimized_type_check action=maybe_recompile pc=0x00000253ae4063d0 method=com.android.tools.r8.internal.ir2.a(Lcom/android/tools/r8/internal/jr3;)V @ 6 c2
Event: 1274.344 Thread 0x00000253c9addee0 DEOPT PACKING pc=0x00000253ae4063d0 sp=0x000000731e0f6b20
Event: 1274.344 Thread 0x00000253c9addee0 DEOPT UNPACKING pc=0x00000253ad0d2582 sp=0x000000731e0f6ad0 mode 2
Event: 1274.344 Thread 0x00000253c9addee0 Uncommon trap: trap_request=0xffffffc6 fr.pc=0x00000253ae4063d0 relative=0x0000000000000bd0
Event: 1274.344 Thread 0x00000253c9addee0 Uncommon trap: reason=bimorphic_or_optimized_type_check action=maybe_recompile pc=0x00000253ae4063d0 method=com.android.tools.r8.internal.ir2.a(Lcom/android/tools/r8/internal/jr3;)V @ 6 c2
Event: 1274.344 Thread 0x00000253c9addee0 DEOPT PACKING pc=0x00000253ae4063d0 sp=0x000000731e0f6b20
Event: 1274.344 Thread 0x00000253c9addee0 DEOPT UNPACKING pc=0x00000253ad0d2582 sp=0x000000731e0f6ad0 mode 2
Event: 1274.345 Thread 0x00000253c9addee0 Uncommon trap: trap_request=0xffffffc6 fr.pc=0x00000253ae4063d0 relative=0x0000000000000bd0
Event: 1274.345 Thread 0x00000253c9addee0 Uncommon trap: reason=bimorphic_or_optimized_type_check action=maybe_recompile pc=0x00000253ae4063d0 method=com.android.tools.r8.internal.ir2.a(Lcom/android/tools/r8/internal/jr3;)V @ 6 c2
Event: 1274.345 Thread 0x00000253c9addee0 DEOPT PACKING pc=0x00000253ae4063d0 sp=0x000000731e0f6b20
Event: 1274.345 Thread 0x00000253c9addee0 DEOPT UNPACKING pc=0x00000253ad0d2582 sp=0x000000731e0f6ad0 mode 2
Event: 1274.466 Thread 0x00000253c9addee0 Uncommon trap: trap_request=0xffffff45 fr.pc=0x00000253ad7bd958 relative=0x00000000000002d8
Event: 1274.466 Thread 0x00000253c9addee0 Uncommon trap: reason=unstable_if action=reinterpret pc=0x00000253ad7bd958 method=com.android.tools.r8.graph.r4.a(Lcom/android/tools/r8/graph/r4;)I @ 60 c2
Event: 1274.466 Thread 0x00000253c9addee0 DEOPT PACKING pc=0x00000253ad7bd958 sp=0x000000731e0f7060
Event: 1274.466 Thread 0x00000253c9addee0 DEOPT UNPACKING pc=0x00000253ad0d2582 sp=0x000000731e0f6f68 mode 2
Event: 1274.481 Thread 0x00000253c9ae1d60 Uncommon trap: trap_request=0xffffff45 fr.pc=0x00000253ae4d8460 relative=0x0000000000000e60
Event: 1274.481 Thread 0x00000253c9ae1d60 Uncommon trap: reason=unstable_if action=reinterpret pc=0x00000253ae4d8460 method=org.jetbrains.org.objectweb.asm.ClassReader.readElementValue(Lorg/jetbrains/org/objectweb/asm/AnnotationVisitor;ILjava/lang/String;[C)I @ 102 c2
Event: 1274.481 Thread 0x00000253c9ae1d60 DEOPT PACKING pc=0x00000253ae4d8460 sp=0x000000731e2f7310
Event: 1274.481 Thread 0x00000253c9ae1d60 DEOPT UNPACKING pc=0x00000253ad0d2582 sp=0x000000731e2f7270 mode 2

Classes loaded (20 events):
Event: 1256.532 Loading class javax/management/InstanceNotFoundException
Event: 1256.532 Loading class javax/management/InstanceNotFoundException done
Event: 1256.593 Loading class sun/reflect/misc/MethodUtil
Event: 1256.594 Loading class sun/reflect/misc/MethodUtil done
Event: 1256.594 Loading class sun/reflect/misc/MethodUtil$1
Event: 1256.594 Loading class sun/reflect/misc/MethodUtil$1 done
Event: 1257.200 Loading class java/nio/channels/Channels$WritableByteChannelImpl
Event: 1257.201 Loading class java/nio/channels/Channels$WritableByteChannelImpl done
Event: 1257.202 Loading class java/util/Collections$UnmodifiableSortedMap
Event: 1257.202 Loading class java/util/Collections$UnmodifiableSortedMap done
Event: 1257.417 Loading class java/lang/reflect/InaccessibleObjectException
Event: 1257.418 Loading class java/lang/reflect/InaccessibleObjectException done
Event: 1258.675 Loading class com/sun/xml/internal/stream/events/CommentEvent
Event: 1258.675 Loading class javax/xml/stream/events/Comment
Event: 1258.675 Loading class javax/xml/stream/events/Comment done
Event: 1258.675 Loading class com/sun/xml/internal/stream/events/CommentEvent done
Event: 1264.349 Loading class java/lang/StringUTF16$CodePointsSpliterator
Event: 1264.349 Loading class java/lang/StringUTF16$CodePointsSpliterator done
Event: 1273.249 Loading class com/sun/xml/internal/stream/util/ReadOnlyIterator
Event: 1273.249 Loading class com/sun/xml/internal/stream/util/ReadOnlyIterator done

Classes unloaded (20 events):
Event: 1227.739 Thread 0x00000253b9882e40 Unloading class 0x00000000417f4c38 '_BuildScript_$_run_closure1'
Event: 1227.739 Thread 0x00000253b9882e40 Unloading class 0x00000000417f4700 '_BuildScript_'
Event: 1227.739 Thread 0x00000253b9882e40 Unloading class 0x00000000417f42d8 'KotlinCoroutineJvmDebugArgumentsProvider$_asArguments_closure1'
Event: 1227.739 Thread 0x00000253b9882e40 Unloading class 0x00000000417f4000 'KotlinCoroutineJvmDebugArgumentsProvider'
Event: 1227.739 Thread 0x00000253b9882e40 Unloading class 0x00000000417e9c00 'Properties'
Event: 1227.739 Thread 0x00000253b9882e40 Unloading class 0x00000000417ea960 '_BuildScript_$_run_closure1$_closure2'
Event: 1227.739 Thread 0x00000253b9882e40 Unloading class 0x00000000417ea538 '_BuildScript_$_run_closure1'
Event: 1227.739 Thread 0x00000253b9882e40 Unloading class 0x00000000417ea000 '_BuildScript_'
Event: 1227.739 Thread 0x00000253b9882e40 Unloading class 0x00000000417e0430 '_BuildScript_$_run_closure1$_closure2$_closure4'
Event: 1227.739 Thread 0x00000253b9882e40 Unloading class 0x00000000417e0000 '_BuildScript_$_run_closure1$_closure2$_closure3'
Event: 1227.739 Thread 0x00000253b9882e40 Unloading class 0x00000000417dc960 '_BuildScript_$_run_closure1$_closure2'
Event: 1227.739 Thread 0x00000253b9882e40 Unloading class 0x00000000417dc538 '_BuildScript_$_run_closure1'
Event: 1227.739 Thread 0x00000253b9882e40 Unloading class 0x00000000417dc000 '_BuildScript_'
Event: 1227.739 Thread 0x00000253b9882e40 Unloading class 0x00000000417d4428 '_BuildScript_$_run_closure1$_closure2'
Event: 1227.739 Thread 0x00000253b9882e40 Unloading class 0x00000000417d4000 '_BuildScript_$_run_closure1'
Event: 1227.739 Thread 0x00000253b9882e40 Unloading class 0x00000000417cc000 '_BuildScript_'
Event: 1227.739 Thread 0x00000253b9882e40 Unloading class 0x00000000416a5000 'java/lang/invoke/LambdaForm$MH+0x00000000416a5000'
Event: 1242.801 Thread 0x00000253b9882e40 Unloading class 0x0000000041b60400 'java/lang/invoke/LambdaForm$DMH+0x0000000041b60400'
Event: 1242.801 Thread 0x00000253b9882e40 Unloading class 0x0000000041b48400 'java/lang/invoke/LambdaForm$DMH+0x0000000041b48400'
Event: 1242.801 Thread 0x00000253b9882e40 Unloading class 0x0000000041b18400 'java/lang/invoke/LambdaForm$DMH+0x0000000041b18400'

Classes redefined (0 events):
No events

Internal exceptions (20 events):
Event: 1274.430 Thread 0x00000253c9addee0 Exception <a 'sun/nio/fs/WindowsException'{0x000000009a8d2810}> (0x000000009a8d2810) 
thrown [s\src\hotspot\share\prims\jni.cpp, line 535]
Event: 1274.438 Thread 0x00000253c3e44e90 Exception <a 'sun/nio/fs/WindowsException'{0x000000009a841bf8}> (0x000000009a841bf8) 
thrown [s\src\hotspot\share\prims\jni.cpp, line 535]
Event: 1274.438 Thread 0x00000253c9ae1d60 Exception <a 'sun/nio/fs/WindowsException'{0x000000009abb8f28}> (0x000000009abb8f28) 
thrown [s\src\hotspot\share\prims\jni.cpp, line 535]
Event: 1274.449 Thread 0x00000253c9ae1d60 Exception <a 'sun/nio/fs/WindowsException'{0x000000009a710370}> (0x000000009a710370) 
thrown [s\src\hotspot\share\prims\jni.cpp, line 535]
Event: 1274.451 Thread 0x00000253c9ae1d60 Exception <a 'sun/nio/fs/WindowsException'{0x000000009a7195f0}> (0x000000009a7195f0) 
thrown [s\src\hotspot\share\prims\jni.cpp, line 535]
Event: 1274.453 Thread 0x00000253c9ae1d60 Exception <a 'sun/nio/fs/WindowsException'{0x000000009a721b78}> (0x000000009a721b78) 
thrown [s\src\hotspot\share\prims\jni.cpp, line 535]
Event: 1274.455 Thread 0x00000253c9ae1d60 Exception <a 'sun/nio/fs/WindowsException'{0x000000009a72b108}> (0x000000009a72b108) 
thrown [s\src\hotspot\share\prims\jni.cpp, line 535]
Event: 1274.455 Thread 0x00000253c9ae1d60 Exception <a 'sun/nio/fs/WindowsException'{0x000000009a72c280}> (0x000000009a72c280) 
thrown [s\src\hotspot\share\prims\jni.cpp, line 535]
Event: 1274.455 Thread 0x00000253c9ae1d60 Exception <a 'sun/nio/fs/WindowsException'{0x000000009a72eb78}> (0x000000009a72eb78) 
thrown [s\src\hotspot\share\prims\jni.cpp, line 535]
Event: 1274.456 Thread 0x00000253c9ae1d60 Exception <a 'sun/nio/fs/WindowsException'{0x000000009a72ff70}> (0x000000009a72ff70) 
thrown [s\src\hotspot\share\prims\jni.cpp, line 535]
Event: 1274.457 Thread 0x00000253c3e44e90 Exception <a 'sun/nio/fs/WindowsException'{0x000000009a84a040}> (0x000000009a84a040) 
thrown [s\src\hotspot\share\prims\jni.cpp, line 535]
Event: 1274.471 Thread 0x00000253c9ae1d60 Exception <a 'sun/nio/fs/WindowsException'{0x000000009a739398}> (0x000000009a739398) 
thrown [s\src\hotspot\share\prims\jni.cpp, line 535]
Event: 1274.471 Thread 0x00000253c9ae1d60 Exception <a 'sun/nio/fs/WindowsException'{0x000000009a73aa80}> (0x000000009a73aa80) 
thrown [s\src\hotspot\share\prims\jni.cpp, line 535]
Event: 1274.611 Thread 0x00000253c9ae1d60 Exception <a 'sun/nio/fs/WindowsException'{0x000000009a337cd0}> (0x000000009a337cd0) 
thrown [s\src\hotspot\share\prims\jni.cpp, line 535]
Event: 1274.612 Thread 0x00000253bf472890 Exception <a 'sun/nio/fs/WindowsException'{0x000000009a619f88}> (0x000000009a619f88) 
thrown [s\src\hotspot\share\prims\jni.cpp, line 535]
Event: 1274.616 Thread 0x00000253c3e44e90 Exception <a 'sun/nio/fs/WindowsException'{0x000000009a852dc0}> (0x000000009a852dc0) 
thrown [s\src\hotspot\share\prims\jni.cpp, line 535]
Event: 1274.616 Thread 0x00000253c3e44e90 Exception <a 'sun/nio/fs/WindowsException'{0x000000009a853728}> (0x000000009a853728) 
thrown [s\src\hotspot\share\prims\jni.cpp, line 535]
Event: 1274.616 Thread 0x00000253c3e44e90 Exception <a 'sun/nio/fs/WindowsException'{0x000000009a855000}> (0x000000009a855000) 
thrown [s\src\hotspot\share\prims\jni.cpp, line 535]
Event: 1274.617 Thread 0x00000253c3e44e90 Exception <a 'sun/nio/fs/WindowsException'{0x000000009a855be8}> (0x000000009a855be8) 
thrown [s\src\hotspot\share\prims\jni.cpp, line 535]
Event: 1274.657 Thread 0x00000253c3e44e90 Exception <a 'sun/nio/fs/WindowsException'{0x000000009a85e7f8}> (0x000000009a85e7f8) 
thrown [s\src\hotspot\share\prims\jni.cpp, line 535]

VM Operations (20 events):
Event: 1258.724 Executing non-safepoint VM operation: HandshakeAllThreads (Deoptimize)
Event: 1258.729 Executing non-safepoint VM operation: HandshakeAllThreads (Deoptimize) done
Event: 1263.376 Executing safepoint VM operation: G1CollectForAllocation (G1 Evacuation Pause)
Event: 1263.410 Executing safepoint VM operation: G1CollectForAllocation (G1 Evacuation Pause) done
Event: 1264.285 Executing non-safepoint VM operation: HandshakeAllThreads (HandshakeForDeflation)
Event: 1264.285 Executing non-safepoint VM operation: HandshakeAllThreads (HandshakeForDeflation) done
Event: 1264.285 Executing non-safepoint VM operation: RendezvousGCThreads
Event: 1264.285 Executing non-safepoint VM operation: RendezvousGCThreads done
Event: 1264.517 Executing safepoint VM operation: G1PauseRemark
Event: 1264.546 Executing safepoint VM operation: G1PauseRemark done
Event: 1265.955 Executing safepoint VM operation: G1PauseCleanup
Event: 1266.120 Executing safepoint VM operation: G1PauseCleanup done
Event: 1271.490 Executing safepoint VM operation: G1CollectForAllocation (G1 Evacuation Pause)
Event: 1271.520 Executing safepoint VM operation: G1CollectForAllocation (G1 Evacuation Pause) done
Event: 1273.287 Executing safepoint VM operation: G1CollectForAllocation (G1 Evacuation Pause)
Event: 1273.315 Executing safepoint VM operation: G1CollectForAllocation (G1 Evacuation Pause) done
Event: 1273.557 Executing non-safepoint VM operation: HandshakeAllThreads (Deoptimize)
Event: 1273.605 Executing non-safepoint VM operation: HandshakeAllThreads (Deoptimize) done
Event: 1274.119 Executing non-safepoint VM operation: HandshakeAllThreads (Deoptimize)
Event: 1274.120 Executing non-safepoint VM operation: HandshakeAllThreads (Deoptimize) done

Memory protections (0 events):
No events

Nmethod flushes (20 events):
Event: 1264.541 Thread 0x00000253b9882e40 flushing  nmethod 0x00000253a75c8f08
Event: 1264.541 Thread 0x00000253b9882e40 flushing  nmethod 0x00000253a75c9488
Event: 1264.541 Thread 0x00000253b9882e40 flushing  nmethod 0x00000253a75c9f88
Event: 1264.541 Thread 0x00000253b9882e40 flushing  nmethod 0x00000253a7651308
Event: 1264.541 Thread 0x00000253b9882e40 flushing  nmethod 0x00000253a77e3408
Event: 1264.541 Thread 0x00000253b9882e40 flushing  nmethod 0x00000253a7815b08
Event: 1264.541 Thread 0x00000253b9882e40 flushing  nmethod 0x00000253a7d66a08
Event: 1264.541 Thread 0x00000253b9882e40 flushing  nmethod 0x00000253a7d77388
Event: 1264.541 Thread 0x00000253b9882e40 flushing  nmethod 0x00000253a7d77f88
Event: 1264.541 Thread 0x00000253b9882e40 flushing  nmethod 0x00000253a7db3088
Event: 1264.541 Thread 0x00000253b9882e40 flushing  nmethod 0x00000253a7db4488
Event: 1264.541 Thread 0x00000253b9882e40 flushing  nmethod 0x00000253a7dc0108
Event: 1264.541 Thread 0x00000253b9882e40 flushing  nmethod 0x00000253a7e08388
Event: 1264.541 Thread 0x00000253b9882e40 flushing  nmethod 0x00000253a7ef3c08
Event: 1264.541 Thread 0x00000253b9882e40 flushing  nmethod 0x00000253a7fb9888
Event: 1264.541 Thread 0x00000253b9882e40 flushing  nmethod 0x00000253a801e788
Event: 1264.541 Thread 0x00000253b9882e40 flushing  nmethod 0x00000253a8050988
Event: 1264.541 Thread 0x00000253b9882e40 flushing  nmethod 0x00000253a8116d08
Event: 1264.541 Thread 0x00000253b9882e40 flushing  nmethod 0x00000253a8117a08
Event: 1264.541 Thread 0x00000253b9882e40 flushing  nmethod 0x00000253a8205988

Events (20 events):
Event: 1236.252 Thread 0x00000253c9adee80 Thread added: 0x00000253c9ae9290
Event: 1236.253 Thread 0x00000253c9adee80 Thread added: 0x00000253d9eb59e0
Event: 1236.256 Thread 0x00000253c9adee80 Thread added: 0x00000253d9eafc20
Event: 1236.294 Thread 0x00000253c9ae9290 Thread added: 0x00000253d9ebafd0
Event: 1237.521 Thread 0x00000253d9eafc20 Thread exited: 0x00000253d9eafc20
Event: 1237.521 Thread 0x00000253c9ae9290 Thread exited: 0x00000253c9ae9290
Event: 1237.521 Thread 0x00000253d9ebafd0 Thread exited: 0x00000253d9ebafd0
Event: 1237.522 Thread 0x00000253d9eb59e0 Thread exited: 0x00000253d9eb59e0
Event: 1239.303 Thread 0x00000253b9b469f0 Thread exited: 0x00000253b9b469f0
Event: 1240.105 Thread 0x00000253b98e5d90 Thread added: 0x00000253bfa47130
Event: 1241.759 Thread 0x00000253bfa47130 Thread exited: 0x00000253bfa47130
Event: 1243.679 Thread 0x00000253b98e5d90 Thread added: 0x00000253c4430690
Event: 1249.448 Thread 0x00000253c4430690 Thread exited: 0x00000253c4430690
Event: 1251.000 Thread 0x00000253b98e5d90 Thread added: 0x00000253c141d860
Event: 1253.229 Thread 0x00000253c141d860 Thread exited: 0x00000253c141d860
Event: 1254.392 Thread 0x00000253b98e5d90 Thread added: 0x00000253bf381840
Event: 1255.995 Thread 0x00000253b9dc7aa0 Thread added: 0x00000253c2c6b770
Event: 1258.492 Thread 0x00000253c25f0d60 Thread exited: 0x00000253c25f0d60
Event: 1266.406 Thread 0x00000253bf381840 Thread exited: 0x00000253bf381840
Event: 1266.632 Thread 0x00000253b98e5d90 Thread added: 0x00000253ca45d7c0


Dynamic libraries:
0x00007ff6498f0000 - 0x00007ff6498fa000 	C:\Program Files\Android\Android Studio\jbr\bin\java.exe
0x00007ff860b70000 - 0x00007ff860d69000 	C:\WINDOWS\SYSTEM32\ntdll.dll
0x00007ff85fa80000 - 0x00007ff85fb42000 	C:\WINDOWS\System32\KERNEL32.DLL
0x00007ff85e790000 - 0x00007ff85ea87000 	C:\WINDOWS\System32\KERNELBASE.dll
0x00007ff85e5e0000 - 0x00007ff85e6e0000 	C:\WINDOWS\System32\ucrtbase.dll
0x00007ff8526c0000 - 0x00007ff8526d6000 	C:\Program Files\Android\Android Studio\jbr\bin\jli.dll
0x00007ff85fef0000 - 0x00007ff86008d000 	C:\WINDOWS\System32\USER32.dll
0x00007ff85e510000 - 0x00007ff85e532000 	C:\WINDOWS\System32\win32u.dll
0x00007ff8600f0000 - 0x00007ff86011b000 	C:\WINDOWS\System32\GDI32.dll
0x00007ff85e210000 - 0x00007ff85e32a000 	C:\WINDOWS\System32\gdi32full.dll
0x00007ff85e540000 - 0x00007ff85e5dd000 	C:\WINDOWS\System32\msvcp_win.dll
0x00007ff85c270000 - 0x00007ff85c28b000 	C:\Program Files\Android\Android Studio\jbr\bin\VCRUNTIME140.dll
0x00007ff85d660000 - 0x00007ff85d8fb000 	C:\WINDOWS\WinSxS\amd64_microsoft.windows.common-controls_6595b64144ccf1df_6.0.19041.6926_none_60b5a53971f8f7e6\COMCTL32.dll
0x00007ff85f2a0000 - 0x00007ff85f33e000 	C:\WINDOWS\System32\msvcrt.dll
0x00007ff85fc80000 - 0x00007ff85fcaf000 	C:\WINDOWS\System32\IMM32.DLL
0x00007ff85c320000 - 0x00007ff85c32c000 	C:\Program Files\Android\Android Studio\jbr\bin\vcruntime140_1.dll
0x00007ff8559e0000 - 0x00007ff855a6d000 	C:\Program Files\Android\Android Studio\jbr\bin\msvcp140.dll
0x00007ff82e280000 - 0x00007ff82f15d000 	C:\Program Files\Android\Android Studio\jbr\bin\server\jvm.dll
0x00007ff85fbc0000 - 0x00007ff85fc71000 	C:\WINDOWS\System32\ADVAPI32.dll
0x00007ff85f420000 - 0x00007ff85f4bf000 	C:\WINDOWS\System32\sechost.dll
0x00007ff85f170000 - 0x00007ff85f296000 	C:\WINDOWS\System32\RPCRT4.dll
0x00007ff85e1e0000 - 0x00007ff85e207000 	C:\WINDOWS\System32\bcrypt.dll
0x00007ff85fb50000 - 0x00007ff85fbbb000 	C:\WINDOWS\System32\WS2_32.dll
0x00007ff85ddc0000 - 0x00007ff85de0b000 	C:\WINDOWS\SYSTEM32\POWRPROF.dll
0x00007ff85aad0000 - 0x00007ff85aada000 	C:\WINDOWS\SYSTEM32\VERSION.dll
0x00007ff848f70000 - 0x00007ff848f97000 	C:\WINDOWS\SYSTEM32\WINMM.dll
0x00007ff85d920000 - 0x00007ff85d932000 	C:\WINDOWS\SYSTEM32\UMPDC.dll
0x00007ff85b1e0000 - 0x00007ff85b1f2000 	C:\WINDOWS\SYSTEM32\kernel.appcore.dll
0x00007ff85c260000 - 0x00007ff85c26a000 	C:\Program Files\Android\Android Studio\jbr\bin\jimage.dll
0x00007ff85dbb0000 - 0x00007ff85ddb1000 	C:\WINDOWS\SYSTEM32\DBGHELP.DLL
0x00007ff85daf0000 - 0x00007ff85db24000 	C:\WINDOWS\SYSTEM32\dbgcore.DLL
0x00007ff85eae0000 - 0x00007ff85eb62000 	C:\WINDOWS\System32\bcryptPrimitives.dll
0x00007ff858300000 - 0x00007ff85830e000 	C:\Program Files\Android\Android Studio\jbr\bin\instrument.dll
0x00007ff85c220000 - 0x00007ff85c23e000 	C:\Program Files\Android\Android Studio\jbr\bin\java.dll
0x00007ff85f4c0000 - 0x00007ff85f5eb000 	C:\WINDOWS\System32\ole32.dll
0x00007ff85f700000 - 0x00007ff85fa53000 	C:\WINDOWS\System32\combase.dll
0x00007ff8602d0000 - 0x00007ff860a41000 	C:\WINDOWS\System32\SHELL32.dll
0x00007ff85c1a0000 - 0x00007ff85c1b6000 	C:\Program Files\Android\Android Studio\jbr\bin\zip.dll
0x00007ff85b4e0000 - 0x00007ff85bc86000 	C:\WINDOWS\SYSTEM32\windows.storage.dll
0x00007ff85d3f0000 - 0x00007ff85d41b000 	C:\WINDOWS\SYSTEM32\Wldp.dll
0x00007ff85f340000 - 0x00007ff85f416000 	C:\WINDOWS\System32\OLEAUT32.dll
0x00007ff85fe40000 - 0x00007ff85feed000 	C:\WINDOWS\System32\SHCORE.dll
0x00007ff85f5f0000 - 0x00007ff85f64b000 	C:\WINDOWS\System32\shlwapi.dll
0x00007ff85e100000 - 0x00007ff85e124000 	C:\WINDOWS\SYSTEM32\profapi.dll
0x00007ff85c250000 - 0x00007ff85c260000 	C:\Program Files\Android\Android Studio\jbr\bin\net.dll
0x00007ff85d1a0000 - 0x00007ff85d20a000 	C:\WINDOWS\system32\mswsock.dll
0x00007ff85c180000 - 0x00007ff85c196000 	C:\Program Files\Android\Android Studio\jbr\bin\nio.dll
0x00007ff85bcf0000 - 0x00007ff85bd00000 	C:\Program Files\Android\Android Studio\jbr\bin\verify.dll
0x00007ff858260000 - 0x00007ff858287000 	D:\AndroidStudio-cache-emuladores\Gradlecache\native\660c5614fbf4a5f2a75b1949f50a0caf5cd603558e7d8a26e50b933a0cfb79d1\windows-amd64\native-platform.dll
0x00007ff826ec0000 - 0x00007ff826f37000 	D:\AndroidStudio-cache-emuladores\Gradlecache\native\0.2.8\x86_64-windows-gnu\gradle-fileevents.dll
0x00007ff85c140000 - 0x00007ff85c149000 	C:\Program Files\Android\Android Studio\jbr\bin\management.dll
0x00007ff85c130000 - 0x00007ff85c13b000 	C:\Program Files\Android\Android Studio\jbr\bin\management_ext.dll
0x00007ff85f160000 - 0x00007ff85f168000 	C:\WINDOWS\System32\PSAPI.DLL
0x00007ff85cea0000 - 0x00007ff85cedb000 	C:\WINDOWS\SYSTEM32\IPHLPAPI.DLL
0x00007ff85fd40000 - 0x00007ff85fd48000 	C:\WINDOWS\System32\NSI.dll
0x00007ff85c150000 - 0x00007ff85c159000 	C:\Program Files\Android\Android Studio\jbr\bin\extnet.dll
0x00007ff85df40000 - 0x00007ff85df58000 	C:\WINDOWS\SYSTEM32\CRYPTSP.dll
0x00007ff85cb40000 - 0x00007ff85cb78000 	C:\WINDOWS\system32\rsaenh.dll
0x00007ff85e080000 - 0x00007ff85e0ae000 	C:\WINDOWS\SYSTEM32\USERENV.dll
0x00007ff85d360000 - 0x00007ff85d36c000 	C:\WINDOWS\SYSTEM32\CRYPTBASE.dll
0x00007ff85c210000 - 0x00007ff85c217000 	C:\WINDOWS\system32\wshunix.dll
0x00007ff85cee0000 - 0x00007ff85cfab000 	C:\WINDOWS\SYSTEM32\DNSAPI.dll
0x00007ff855e60000 - 0x00007ff855e6a000 	C:\Windows\System32\rasadhlp.dll
0x00007ff84e960000 - 0x00007ff84e9e0000 	C:\WINDOWS\System32\fwpuclnt.dll
0x00007ff85df00000 - 0x00007ff85df33000 	C:\WINDOWS\SYSTEM32\ntmarta.dll

JVMTI agents:
D:\AndroidStudio-cache-emuladores\Gradlecache\wrapper\dists\gradle-9.6.0-bin\42k10rwplmzkhuboz9kdazi7s\gradle-9.6.0\lib\agents\gradle-instrumentation-agent-9.6.0.jar path:C:\Program Files\Android\Android Studio\jbr\bin\instrument.dll, loaded, initialized, instrumentlib options:none

dbghelp: loaded successfully - version: 4.0.5 - missing functions: none
symbol engine: initialized successfully - sym options: 0x614 - pdb path: .;C:\Program Files\Android\Android Studio\jbr\bin;C:\WINDOWS\SYSTEM32;C:\WINDOWS\WinSxS\amd64_microsoft.windows.common-controls_6595b64144ccf1df_6.0.19041.6926_none_60b5a53971f8f7e6;C:\Program Files\Android\Android Studio\jbr\bin\server;D:\AndroidStudio-cache-emuladores\Gradlecache\native\660c5614fbf4a5f2a75b1949f50a0caf5cd603558e7d8a26e50b933a0cfb79d1\windows-amd64;D:\AndroidStudio-cache-emuladores\Gradlecache\native\0.2.8\x86_64-windows-gnu

VM Arguments:
jvm_args: --add-opens=java.base/java.lang=ALL-UNNAMED --add-opens=java.base/java.lang.invoke=ALL-UNNAMED --add-opens=java.base/java.util=ALL-UNNAMED --add-opens=java.prefs/java.util.prefs=ALL-UNNAMED --add-exports=jdk.compiler/com.sun.tools.javac.api=ALL-UNNAMED --add-exports=jdk.compiler/com.sun.tools.javac.util=ALL-UNNAMED --add-opens=java.base/java.nio.charset=ALL-UNNAMED --add-opens=java.base/java.net=ALL-UNNAMED --add-opens=java.base/java.util.concurrent=ALL-UNNAMED --add-opens=java.base/java.util.concurrent.atomic=ALL-UNNAMED --add-opens=java.xml/javax.xml.namespace=ALL-UNNAMED --add-opens=java.base/java.time=ALL-UNNAMED --enable-native-access=ALL-UNNAMED -Xmx2048m -Dfile.encoding=UTF-8 -Duser.country=ES -Duser.language=es -Duser.variant -javaagent:D:\AndroidStudio-cache-emuladores\Gradlecache\wrapper\dists\gradle-9.6.0-bin\42k10rwplmzkhuboz9kdazi7s\gradle-9.6.0\lib\agents\gradle-instrumentation-agent-9.6.0.jar 
java_command: org.gradle.launcher.daemon.bootstrap.GradleDaemon 9.6.0
java_class_path (initial): D:\AndroidStudio-cache-emuladores\Gradlecache\wrapper\dists\gradle-9.6.0-bin\42k10rwplmzkhuboz9kdazi7s\gradle-9.6.0\lib\gradle-daemon-main-9.6.0.jar
Launcher Type: SUN_STANDARD

[Global flags]
     intx CICompilerCount                          = 3                                         {product} {ergonomic}
     uint ConcGCThreads                            = 1                                         {product} {ergonomic}
     uint G1ConcRefinementThreads                  = 4                                         {product} {ergonomic}
   size_t G1HeapRegionSize                         = 1048576                                   {product} {ergonomic}
   size_t InitialHeapSize                          = 132120576                                 {product} {ergonomic}
   size_t MarkStackSize                            = 4194304                                   {product} {ergonomic}
   size_t MarkStackSizeMax                         = 536870912                                 {product} {ergonomic}
   size_t MaxHeapSize                              = 2147483648                                {product} {command line}
   size_t MaxNewSize                               = 1287651328                                {product} {ergonomic}
   size_t MinHeapDeltaBytes                        = 1048576                                   {product} {ergonomic}
   size_t MinHeapSize                              = 8388608                                   {product} {ergonomic}
    uintx NonNMethodCodeHeapSize                   = 5898240                                {pd product} {ergonomic}
    uintx NonProfiledCodeHeapSize                  = 122945536                              {pd product} {ergonomic}
    uintx ProfiledCodeHeapSize                     = 122945536                              {pd product} {ergonomic}
    uintx ReservedCodeCacheSize                    = 251789312                              {pd product} {ergonomic}
     bool SegmentedCodeCache                       = true                                      {product} {ergonomic}
   size_t SoftMaxHeapSize                          = 2147483648                             {manageable} {ergonomic}
     bool UseCompressedOops                        = true                           {product lp64_product} {ergonomic}
     bool UseG1GC                                  = true                                      {product} {ergonomic}
     bool UseLargePagesIndividualAllocation        = false                                  {pd product} {ergonomic}

Logging:
Log output configuration:
 #0: stdout all=warning uptime,level,tags foldmultilines=false
 #1: stderr all=off uptime,level,tags foldmultilines=false

Release file:
JAVA_VERSION="25.0.3" 
MODULES="java.base java.compiler java.datatransfer java.xml java.prefs java.desktop java.instrument java.logging java.management java.security.sasl java.naming java.rmi java.management.rmi java.net.http java.scripting java.security.jgss java.transaction.xa java.sql java.sql.rowset java.xml.crypto java.se java.smartcardio jdk.accessibility jdk.internal.jvmstat jdk.attach jdk.charsets jdk.internal.opt jdk.zipfs jdk.compiler jdk.crypto.cryptoki jdk.crypto.ec jdk.dynalink jdk.hotspot.agent jdk.httpserver jdk.internal.ed jdk.internal.le jdk.internal.md jdk.internal.vm.ci jdk.jartool jdk.javadoc jdk.jcmd jdk.jdeps jdk.jdwp.agent jdk.jdi jdk.jfr jdk.jlink jdk.localedata jdk.management jdk.management.agent jdk.management.jfr jdk.naming.dns jdk.naming.rmi jdk.net jdk.sctp jdk.security.auth jdk.security.jgss jdk.unsupported jdk.unsupported.desktop jdk.xml.dom" 
IMPLEMENTOR="JetBrains s.r.o." 
JAVA_RUNTIME_VERSION="25.0.3+-15898627-b508.16" 
LIBC="default" 
OS_ARCH="x86_64" 
OS_NAME="Windows" 
SOURCE=".:git:a8b1dba3234f" 

Environment Variables:
PATH=C:\Program Files\ImageMagick-7.1.1-Q16-HDRI;C:\Program Files\Common Files\Oracle\Java\javapath;C:\Python27\;C:\Python27\Scripts;C:\ProgramData\Oracle\Java\javapath;C:\WINDOWS\system32;C:\WINDOWS;C:\WINDOWS\System32\Wbem;C:\WINDOWS\System32\WindowsPowerShell\v1.0\;C:\PROGRA~2\PICC;C:\Program Files (x86)\Microchip\MPLAB C32 Suite\bin;C:\WINDOWS\System32\OpenSSH\;%JAVA_HOME%\bin;C:\Program Files\Git\cmd;C:\Program Files\nodejs\;C:\Program Files\AutoFirma\AutoFirma;C:\Program Files\Calibre2\;C:\Program Files\GitHub CLI\;C:\Users\clase\AppData\Local\Microsoft\WindowsApps;C:\Program Files (x86)\Mozilla Firefox;C:\Program Files\Mozilla Firefox;;C:\Users\clase\AppData\Local\Programs\Microsoft VS Code\bin;C:\Users\clase\AppData\Roaming\npm
USERNAME=clase
OS=Windows_NT
PROCESSOR_IDENTIFIER=Intel64 Family 6 Model 58 Stepping 9, GenuineIntel
TMP=C:\Users\clase\AppData\Local\Temp
TEMP=C:\Users\clase\AppData\Local\Temp




Compilation memory statistics disabled.

Periodic native trim disabled

JNI global refs:
JNI global refs: 23, weak refs: 26

JNI global refs memory usage: 835, weak refs: 833

Process memory usage:
Resident Set Size: 1123284K (13% of 8243808K total physical memory with 427028K free physical memory)

OOME stack traces (most recent first):
Classloader memory used:
Loader org.gradle.internal.classloader.VisitableURLClassLoader                         : 127 M
Loader org.gradle.internal.classloader.VisitableURLClassLoader$InstrumentingVisitableURLClassLoader: 122 M
Loader bootstrap                                                                       : 38157 K
Loader org.gradle.initialization.MixInLegacyTypesClassLoader                           : 18052 K
Loader org.gradle.internal.classloader.VisitableURLClassLoader                         : 8989 K
Loader jdk.internal.loader.ClassLoaders$AppClassLoader                                 : 8253 K
Loader java.net.URLClassLoader                                                         : 5169 K
Loader jdk.internal.loader.ClassLoaders$PlatformClassLoader                            : 624 K
Loader jdk.internal.jrtfs.JrtFileSystemProvider$JrtFsLoader                            : 329 K
Loader org.gradle.groovy.scripts.internal.DefaultScriptCompilationHandler$ScriptClassLoader: 301 K
Loader sun.reflect.misc.MethodUtil                                                     : 2968 B

Classes loaded by more than one classloader:
Class Program                                                                         : loaded 11 times (x 74B)
Class Build_gradle                                                                    : loaded 9 times (x 128B)
Class com.google.common.collect.Iterators$ArrayItr                                    : loaded 6 times (x 99B)
Class com.google.common.collect.Iterators$5                                           : loaded 6 times (x 84B)
Class com.google.common.collect.ImmutableCollection                                   : loaded 6 times (x 127B)
Class com.google.common.collect.Iterators$1                                           : loaded 6 times (x 83B)
Class com.google.common.collect.UnmodifiableIterator                                  : loaded 6 times (x 82B)
Class com.google.common.collect.Iterators$SingletonIterator                           : loaded 6 times (x 83B)
Class com.google.common.collect.Iterators$4                                           : loaded 6 times (x 84B)
Class com.google.common.collect.ImmutableList                                         : loaded 6 times (x 208B)
Class com.google.common.collect.Iterators$9                                           : loaded 6 times (x 83B)
Class com.google.common.base.Preconditions                                            : loaded 6 times (x 73B)
Class com.google.common.collect.Iterators                                             : loaded 6 times (x 73B)
Class com.google.common.collect.PeekingIterator                                       : loaded 6 times (x 72B)
Class com.google.common.collect.Lists$StringAsImmutableList                           : loaded 6 times (x 209B)
Class org.gradle.kotlin.dsl.VersionCatalogAccessorsKt                                 : loaded 6 times (x 73B)
Class com.google.common.collect.Iterators$MergingIterator                             : loaded 6 times (x 83B)
Class com.google.common.collect.Lists                                                 : loaded 6 times (x 73B)
Class com.google.common.collect.AbstractIndexedListIterator                           : loaded 6 times (x 98B)
Class com.google.common.collect.AbstractIterator                                      : loaded 6 times (x 84B)
Class com.google.common.collect.UnmodifiableListIterator                              : loaded 6 times (x 97B)
Class com.google.common.base.CharMatcher$And                                          : loaded 5 times (x 114B)
Class com.google.common.base.CharMatcher$1                                            : loaded 5 times (x 115B)
Class com.google.common.base.CharMatcher$NamedFastMatcher                             : loaded 5 times (x 114B)
Class com.google.common.collect.ImmutableSet                                          : loaded 5 times (x 147B)
Class com.google.common.collect.RegularImmutableSet                                   : loaded 5 times (x 150B)
Class org.jetbrains.kotlin.build.report.metrics.BuildMetricsReporter                  : loaded 5 times (x 72B)
Class com.google.common.base.CharMatcher                                              : loaded 5 times (x 113B)
Class com.google.common.base.CharMatcher$BitSetMatcher                                : loaded 5 times (x 114B)
Class com.google.common.base.CharMatcher$InRange                                      : loaded 5 times (x 113B)
Class com.google.common.base.Joiner$1                                                 : loaded 5 times (x 83B)
Class com.google.common.collect.Multimap                                              : loaded 5 times (x 72B)
Class com.google.common.collect.RegularImmutableAsList                                : loaded 5 times (x 219B)
Class com.google.common.base.CharMatcher$FastMatcher                                  : loaded 5 times (x 113B)
Class com.google.common.collect.ImmutableList$Builder                                 : loaded 5 times (x 79B)
Class com.google.common.collect.SingletonImmutableList                                : loaded 5 times (x 209B)
Class com.google.common.base.CharMatcher$Is                                           : loaded 5 times (x 113B)
Class com.google.common.base.CharMatcher$Negated                                      : loaded 5 times (x 115B)
Class com.google.common.collect.ImmutableList$ReverseImmutableList                    : loaded 5 times (x 211B)
Class com.google.common.base.CharMatcher$Or                                           : loaded 5 times (x 114B)
Class com.google.common.collect.SingletonImmutableSet                                 : loaded 5 times (x 148B)
Class com.google.common.collect.ImmutableList$SubList                                 : loaded 5 times (x 211B)
Class com.google.common.base.Joiner                                                   : loaded 5 times (x 82B)
Class com.google.common.collect.ImmutableCollection$Builder                           : loaded 5 times (x 78B)
Class com.google.common.base.CharMatcher$ForPredicate                                 : loaded 5 times (x 114B)
Class com.google.common.base.CharMatcher$AnyOf                                        : loaded 5 times (x 114B)
Class com.google.common.collect.ImmutableSet$SetBuilderImpl                           : loaded 5 times (x 78B)
Class com.google.common.collect.ImmutableList$1                                       : loaded 5 times (x 99B)
Class com.google.common.collect.ImmutableSet$RegularSetBuilderImpl                    : loaded 5 times (x 78B)
Class com.google.common.base.Joiner$2                                                 : loaded 5 times (x 82B)
Class com.google.common.collect.ImmutableSet$CachingAsList                            : loaded 5 times (x 150B)
Class com.google.common.collect.ForwardingObject                                      : loaded 5 times (x 74B)
Class com.google.common.collect.ImmutableAsList                                       : loaded 5 times (x 211B)
Class com.google.common.base.Predicate                                                : loaded 5 times (x 72B)
Class com.google.common.base.CharMatcher$IsNot                                        : loaded 5 times (x 113B)
Class com.google.common.base.CharMatcher$IsEither                                     : loaded 5 times (x 113B)
Class com.google.common.base.Function                                                 : loaded 5 times (x 72B)
Class com.google.common.collect.RegularImmutableList                                  : loaded 5 times (x 215B)
Class com.google.common.base.CharMatcher$NegatedFastMatcher                           : loaded 5 times (x 115B)
Class com.google.common.collect.Lists$ReverseList$1                                   : loaded 4 times (x 101B)
Class com.google.common.collect.Maps$8                                                : loaded 4 times (x 84B)
Class com.google.gson.JsonIOException                                                 : loaded 4 times (x 84B)
Class [Lorg.objectweb.asm.AnnotationWriter;                                           : loaded 4 times (x 71B)
Class com.google.common.base.PairwiseEquivalence                                      : loaded 4 times (x 85B)
Class com.google.common.base.Equivalence$Identity                                     : loaded 4 times (x 84B)
Class com.google.gson.internal.bind.ObjectTypeAdapter$1                               : loaded 4 times (x 78B)
Class com.google.gson.internal.reflect.ReflectionHelper$RecordNotSupportedHelper      : loaded 4 times (x 80B)
Class com.google.common.collect.RegularImmutableMap$KeySet                            : loaded 4 times (x 154B)
Class [Lcom.android.builder.model.v2.ide.TestInfo$Execution;                          : loaded 4 times (x 71B)
Class com.android.builder.model.v2.dsl.ProductFlavor                                  : loaded 4 times (x 72B)
Class com.google.common.cache.LocalCache                                              : loaded 4 times (x 188B)
Class com.google.common.cache.CacheBuilder$2                                          : loaded 4 times (x 81B)
Class com.google.common.collect.Sets$SetView                                          : loaded 4 times (x 141B)
Class com.google.gson.internal.bind.TypeAdapters$21                                   : loaded 4 times (x 77B)
Class com.google.gson.FieldNamingPolicy$1                                             : loaded 4 times (x 85B)
Class com.google.gson.internal.bind.ReflectiveTypeAdapterFactory$RecordAdapter        : loaded 4 times (x 79B)
Class kotlinx.coroutines.internal.Symbol                                              : loaded 4 times (x 74B)
Class com.google.common.base.Platform                                                 : loaded 4 times (x 73B)
Class org.jetbrains.kotlin.cli.common.arguments.K2JVMCompilerArguments                : loaded 4 times (x 77B)
Class com.google.common.cache.LocalCache$LoadingValueReference                        : loaded 4 times (x 98B)
Class com.google.common.collect.Lists$RandomAccessReverseList                         : loaded 4 times (x 202B)
Class org.jetbrains.kotlin.build.report.metrics.BuildPerformanceMetric                : loaded 4 times (x 72B)
Class [Lcom.google.common.collect.ImmutableEntry;                                     : loaded 4 times (x 71B)
Class com.google.gson.internal.sql.SqlDateTypeAdapter                                 : loaded 4 times (x 76B)
Class com.google.common.collect.ArrayListMultimap                                     : loaded 4 times (x 173B)
Class com.google.common.cache.CacheBuilder$3                                          : loaded 4 times (x 74B)
Class com.google.gson.internal.bind.TypeAdapters$22                                   : loaded 4 times (x 77B)
Class com.google.gson.FieldNamingPolicy$2                                             : loaded 4 times (x 85B)
Class com.google.gson.internal.Excluder$1                                             : loaded 4 times (x 76B)
Class [Lcom.google.common.collect.AbstractMapEntry;                                   : loaded 4 times (x 71B)
Class com.google.common.collect.ImmutableEntry                                        : loaded 4 times (x 84B)
Class com.android.builder.model.v2.ide.AndroidLibraryData                             : loaded 4 times (x 72B)
Class com.android.builder.model.v2.ide.ApiVersion                                     : loaded 4 times (x 72B)
Class com.google.common.collect.Maps                                                  : loaded 4 times (x 73B)
Class com.google.common.util.concurrent.LazyLogger                                    : loaded 4 times (x 74B)
Class com.android.builder.model.v2.dsl.BaseConfig                                     : loaded 4 times (x 72B)
Class com.android.builder.model.v2.ide.ProjectType                                    : loaded 4 times (x 81B)
Class org.jetbrains.kotlin.tooling.core.HasExtras                                     : loaded 4 times (x 72B)
Class com.google.common.util.concurrent.Uninterruptibles                              : loaded 4 times (x 73B)
Class com.android.ide.common.gradle.Version                                           : loaded 4 times (x 77B)
Class com.android.builder.model.v2.ide.ComponentInfo                                  : loaded 4 times (x 72B)
Class com.google.gson.internal.bind.TypeAdapters$23                                   : loaded 4 times (x 77B)
Class com.google.gson.FieldNamingPolicy$3                                             : loaded 4 times (x 85B)
Class com.google.common.collect.CollectPreconditions                                  : loaded 4 times (x 73B)
Class com.google.gson.JsonParseException                                              : loaded 4 times (x 84B)
Class com.google.common.cache.CacheBuilder$OneWeigher                                 : loaded 4 times (x 84B)
Class com.google.common.cache.LocalCache$StrongValueReference                         : loaded 4 times (x 92B)
Class com.android.builder.model.v2.models.Versions$Version                            : loaded 4 times (x 72B)
Class com.android.builder.model.v2.ide.JavaCompileOptions                             : loaded 4 times (x 72B)
Class com.google.common.collect.ImmutableMapEntry$NonTerminalImmutableMapEntry        : loaded 4 times (x 87B)
Class org.jetbrains.kotlin.tooling.core.Extras                                        : loaded 4 times (x 72B)
Class com.google.gson.internal.bind.TypeAdapters$9                                    : loaded 4 times (x 77B)
Class com.google.common.base.Equivalence                                              : loaded 4 times (x 84B)
Class [Lorg.jetbrains.kotlin.build.report.metrics.BuildPerformanceMetric;             : loaded 4 times (x 71B)
Class com.android.builder.model.v2.ide.TestInfo                                       : loaded 4 times (x 72B)
Class com.google.common.collect.ImmutableMultimap                                     : loaded 4 times (x 148B)
Class com.google.gson.internal.bind.TypeAdapters$24                                   : loaded 4 times (x 77B)
Class com.google.gson.FieldNamingPolicy$4                                             : loaded 4 times (x 85B)
Class com.google.common.collect.SortedMapDifference                                   : loaded 4 times (x 72B)
Class org.jetbrains.kotlin.cli.common.arguments.CommonCompilerArguments               : loaded 4 times (x 76B)
Class com.google.common.collect.ImmutableMapEntry                                     : loaded 4 times (x 87B)
Class com.google.gson.internal.bind.TypeAdapters$8                                    : loaded 4 times (x 77B)
Class com.google.gson.internal.bind.CollectionTypeAdapterFactory$Adapter              : loaded 4 times (x 76B)
Class org.objectweb.asm.commons.InstructionAdapter                                    : loaded 4 times (x 190B)
Class org.jetbrains.kotlin.build.report.metrics.BuildTime                             : loaded 4 times (x 72B)
Class com.google.gson.internal.bind.TypeAdapters$7                                    : loaded 4 times (x 77B)
Class com.google.common.math.IntMath                                                  : loaded 4 times (x 73B)
Class com.google.common.collect.AbstractMapBasedMultimap$KeySet                       : loaded 4 times (x 139B)
Class com.google.gson.annotations.SerializedName                                      : loaded 4 times (x 72B)
Class com.google.common.collect.Streams                                               : loaded 4 times (x 73B)
Class com.google.common.cache.LocalCache$EntryFactory                                 : loaded 4 times (x 85B)
Class com.google.gson.internal.bind.TypeAdapters$25                                   : loaded 4 times (x 77B)
Class com.google.gson.FieldNamingPolicy$5                                             : loaded 4 times (x 85B)
Class com.google.gson.internal.bind.TypeAdapters$6                                    : loaded 4 times (x 77B)
Class com.google.gson.internal.bind.TypeAdapters$19                                   : loaded 4 times (x 77B)
Class com.google.common.collect.ImmutableMap                                          : loaded 4 times (x 122B)
Class com.google.gson.internal.bind.ReflectiveTypeAdapterFactory$FieldReflectionAdapter: loaded 4 times (x 79B)
Class kotlinx.coroutines.flow.internal.FusibleFlow                                    : loaded 4 times (x 72B)
Class com.google.gson.internal.bind.TypeAdapters$20                                   : loaded 4 times (x 77B)
Class com.google.common.cache.LocalCache$LocalManualCache                             : loaded 4 times (x 101B)
Class [Lorg.jetbrains.kotlin.build.report.metrics.ValueType;                          : loaded 4 times (x 71B)
Class com.google.common.base.CommonPattern                                            : loaded 4 times (x 76B)
Class org.jetbrains.kotlin.cli.common.arguments.CommonCompilerArgumentsConfigurator   : loaded 4 times (x 76B)
Class com.google.gson.ReflectionAccessFilter$FilterResult                             : loaded 4 times (x 81B)
Class com.android.builder.model.v2.ide.LibraryInfo                                    : loaded 4 times (x 72B)
Class com.google.gson.internal.bind.TypeAdapters$5                                    : loaded 4 times (x 77B)
Class com.google.gson.internal.bind.TypeAdapters$18                                   : loaded 4 times (x 77B)
Class com.google.gson.internal.bind.SerializationDelegatingTypeAdapter                : loaded 4 times (x 76B)
Class com.google.gson.internal.ConstructorConstructor                                 : loaded 4 times (x 74B)
Class [Lcom.google.common.cache.LocalCache$EntryFactory;                              : loaded 4 times (x 71B)
Class com.google.common.collect.Lists$ReverseList                                     : loaded 4 times (x 202B)
Class com.google.gson.Gson$4                                                          : loaded 4 times (x 78B)
Class com.google.gson.internal.bind.DefaultDateTypeAdapter$1                          : loaded 4 times (x 77B)
Class com.google.gson.annotations.JsonAdapter                                         : loaded 4 times (x 72B)
Class com.google.common.collect.Maps$EntryTransformer                                 : loaded 4 times (x 72B)
Class com.google.gson.internal.bind.TypeAdapters$4                                    : loaded 4 times (x 77B)
Class com.google.gson.internal.bind.TypeAdapters$17                                   : loaded 4 times (x 77B)
Class com.google.common.cache.LocalCache$AbstractReferenceEntry                       : loaded 4 times (x 109B)
Class [Lcom.android.ide.common.gradle.Separator;                                      : loaded 4 times (x 71B)
Class org.jetbrains.kotlin.tooling.core.HasMutableExtras                              : loaded 4 times (x 72B)
Class com.google.gson.internal.bind.ArrayTypeAdapter                                  : loaded 4 times (x 76B)
Class com.google.gson.internal.bind.TypeAdapters$26                                   : loaded 4 times (x 77B)
Class com.google.gson.FieldNamingPolicy$6                                             : loaded 4 times (x 85B)
Class com.android.builder.model.v2.models.VariantDependenciesAdjacencyList            : loaded 4 times (x 72B)
Class com.google.gson.internal.bind.TypeAdapters$3                                    : loaded 4 times (x 77B)
Class com.google.gson.internal.bind.TypeAdapters$16                                   : loaded 4 times (x 77B)
Class com.google.gson.internal.sql.SqlTypesSupport$2                                  : loaded 4 times (x 76B)
Class com.google.common.cache.CacheLoader$SupplierToCacheLoader                       : loaded 4 times (x 77B)
Class org.objectweb.asm.RecordComponentVisitor                                        : loaded 4 times (x 79B)
Class com.google.gson.internal.reflect.ReflectionHelper                               : loaded 4 times (x 73B)
Class com.google.common.collect.ImmutableMultiset                                     : loaded 4 times (x 165B)
Class com.android.builder.model.v2.models.VariantDependencies                         : loaded 4 times (x 72B)
Class com.google.gson.internal.bind.TypeAdapters$15                                   : loaded 4 times (x 77B)
Class com.google.gson.internal.bind.TypeAdapters$2                                    : loaded 4 times (x 77B)
Class com.google.gson.internal.sql.SqlTypesSupport$1                                  : loaded 4 times (x 76B)
Class com.google.gson.Strictness                                                      : loaded 4 times (x 81B)
Class com.google.common.base.FunctionalEquivalence                                    : loaded 4 times (x 85B)
Class com.google.common.cache.CacheBuilder$1                                          : loaded 4 times (x 87B)
Class [Lcom.google.common.cache.LocalCache$Strength;                                  : loaded 4 times (x 71B)
Class com.google.common.util.concurrent.AbstractFuture                                : loaded 4 times (x 108B)
Class com.google.common.collect.AbstractMapBasedMultimap                              : loaded 4 times (x 140B)
Class [Lcom.android.builder.model.v2.ide.CodeShrinker;                                : loaded 4 times (x 71B)
Class [Lcom.google.common.cache.LocalCache$Segment;                                   : loaded 4 times (x 71B)
Class com.google.common.base.Converter                                                : loaded 4 times (x 92B)
Class com.google.gson.internal.bind.TypeAdapters$14                                   : loaded 4 times (x 77B)
Class com.google.gson.internal.bind.TypeAdapters$1                                    : loaded 4 times (x 77B)
Class com.google.gson.internal.bind.NumberTypeAdapter$1                               : loaded 4 times (x 78B)
Class com.google.common.cache.ReferenceEntry                                          : loaded 4 times (x 72B)
Class com.google.common.util.concurrent.ListenableFuture                              : loaded 4 times (x 72B)
Class org.objectweb.asm.Type                                                          : loaded 4 times (x 74B)
Class org.objectweb.asm.SymbolTable                                                   : loaded 4 times (x 74B)
Class com.google.common.collect.ImmutableEnumSet                                      : loaded 4 times (x 148B)
Class com.google.gson.LongSerializationPolicy$1                                       : loaded 4 times (x 82B)
Class com.google.common.cache.CacheLoader$InvalidCacheLoadException                   : loaded 4 times (x 84B)
Class com.google.gson.internal.bind.TypeAdapters$27                                   : loaded 4 times (x 77B)
Class com.google.gson.FieldNamingPolicy$7                                             : loaded 4 times (x 85B)
Class com.android.builder.model.v2.models.ndk.NativeModelBuilderParameter             : loaded 4 times (x 72B)
Class org.jetbrains.kotlin.build.report.metrics.GradleBuildTime$Companion             : loaded 4 times (x 73B)
Class com.android.builder.model.v2.ide.TestedTargetVariant                            : loaded 4 times (x 72B)
Class com.android.builder.model.v2.ide.AndroidGradlePluginProjectFlags                : loaded 4 times (x 72B)
Class com.google.gson.internal.bind.TypeAdapters$13                                   : loaded 4 times (x 77B)
Class com.google.common.util.concurrent.ExecutionError                                : loaded 4 times (x 84B)
Class kotlinx.coroutines.flow.internal.AbstractSharedFlow                             : loaded 4 times (x 76B)
Class kotlinx.coroutines.flow.CancellableFlow                                         : loaded 4 times (x 72B)
Class [Lcom.android.builder.model.v2.ide.AndroidGradlePluginProjectFlags$BooleanFlag; : loaded 4 times (x 71B)
Class com.android.builder.model.v2.models.ModelBuilderParameter                       : loaded 4 times (x 72B)
Class com.google.gson.JsonObject                                                      : loaded 4 times (x 95B)
Class [Lcom.google.gson.ToNumberStrategy;                                             : loaded 4 times (x 71B)
Class com.google.gson.internal.bind.TypeAdapters$12                                   : loaded 4 times (x 77B)
Class com.android.builder.model.v2.ide.BasicVariant                                   : loaded 4 times (x 72B)
Class com.google.common.cache.LocalCache$LocalManualCache$1                           : loaded 4 times (x 77B)
Class com.google.common.cache.LocalCache$StrongEntry                                  : loaded 4 times (x 110B)
Class com.google.common.util.concurrent.AbstractFuture$TrustedFuture                  : loaded 4 times (x 116B)
Class com.android.builder.model.v2.ide.Installation                                   : loaded 4 times (x 72B)
Class com.google.common.collect.ImmutableMultimap$Values                              : loaded 4 times (x 128B)
Class com.google.common.cache.LoadingCache                                            : loaded 4 times (x 72B)
Class [Lcom.google.gson.LongSerializationPolicy;                                      : loaded 4 times (x 71B)
Class com.android.ide.common.repository.AgpVersion$PreviewKind$Companion              : loaded 4 times (x 73B)
Class [Lcom.google.gson.FieldNamingPolicy;                                            : loaded 4 times (x 71B)
Class com.google.gson.internal.bind.TypeAdapters$11                                   : loaded 4 times (x 77B)
Class com.google.common.math.IntMath$1                                                : loaded 4 times (x 73B)
Class com.google.common.collect.Iterables                                             : loaded 4 times (x 73B)
Class com.google.common.util.concurrent.internal.InternalFutureFailureAccess          : loaded 4 times (x 74B)
Class com.google.common.collect.ImmutableSet$JdkBackedSetBuilderImpl                  : loaded 4 times (x 78B)
Class com.google.common.collect.ImmutableBiMap                                        : loaded 4 times (x 145B)
Class com.google.gson.internal.bind.TypeAdapters$10                                   : loaded 4 times (x 77B)
Class com.android.builder.model.v2.ide.AndroidArtifact                                : loaded 4 times (x 72B)
Class com.google.gson.internal.bind.ReflectiveTypeAdapterFactory$Adapter              : loaded 4 times (x 79B)
Class com.google.common.cache.CacheLoader                                             : loaded 4 times (x 76B)
Class org.objectweb.asm.ByteVector                                                    : loaded 4 times (x 81B)
Class [Lorg.objectweb.asm.SymbolTable$Entry;                                          : loaded 4 times (x 71B)
Class com.google.common.collect.AbstractListMultimap                                  : loaded 4 times (x 173B)
Class com.android.builder.model.v2.models.ndk.NativeModule                            : loaded 4 times (x 72B)
Class [Lcom.google.common.cache.CacheBuilder$NullListener;                            : loaded 4 times (x 71B)
Class [Lcom.google.common.cache.Weigher;                                              : loaded 4 times (x 71B)
Class com.google.gson.internal.bind.MapTypeAdapterFactory                             : loaded 4 times (x 77B)
Class com.google.gson.internal.bind.TypeAdapters$29                                   : loaded 4 times (x 77B)
Class com.google.gson.JsonNull                                                        : loaded 4 times (x 94B)
Class kotlinx.coroutines.flow.MutableSharedFlow                                       : loaded 4 times (x 72B)
Class com.google.common.cache.LocalCache$Segment                                      : loaded 4 times (x 155B)
Class com.android.builder.model.v2.models.Versions                                    : loaded 4 times (x 72B)
Class com.google.common.collect.RegularImmutableMap$BucketOverflowException           : loaded 4 times (x 84B)
Class com.google.common.collect.ImmutableMultimap$1                                   : loaded 4 times (x 84B)
Class com.android.builder.model.v2.ide.ArtifactDependenciesAdjacencyList              : loaded 4 times (x 72B)
Class com.android.builder.model.v2.ide.Library                                        : loaded 4 times (x 72B)
Class com.google.common.collect.ImmutableMap$IteratorBasedImmutableMap                : loaded 4 times (x 128B)
Class com.google.gson.internal.sql.SqlDateTypeAdapter$1                               : loaded 4 times (x 77B)
Class com.google.common.cache.LocalCache$ComputingValueReference                      : loaded 4 times (x 98B)
Class com.google.gson.LongSerializationPolicy$2                                       : loaded 4 times (x 82B)
Class com.android.builder.model.v2.ide.SyncIssue                                      : loaded 4 times (x 72B)
Class com.android.ide.common.gradle.Version$Companion$ParseState$EMPTY                : loaded 4 times (x 76B)
Class com.google.gson.internal.sql.SqlTimestampTypeAdapter                            : loaded 4 times (x 78B)
Class com.google.gson.internal.bind.ReflectiveTypeAdapterFactory                      : loaded 4 times (x 77B)
Class com.google.common.base.Suppliers$SupplierOfInstance                             : loaded 4 times (x 81B)
Class [Lorg.jetbrains.kotlin.build.report.metrics.GradleBuildTime;                    : loaded 4 times (x 71B)
Class org.objectweb.asm.Edge                                                          : loaded 4 times (x 74B)
Class com.google.common.collect.ImmutableMultimap$2                                   : loaded 4 times (x 83B)
Class com.android.builder.model.v2.ide.Variant                                        : loaded 4 times (x 72B)
Class com.android.ide.common.repository.AgpVersion$Companion$WhenMappings             : loaded 4 times (x 73B)
Class org.objectweb.asm.SymbolTable$Entry                                             : loaded 4 times (x 75B)
Class org.jetbrains.kotlin.cli.common.arguments.Freezable                             : loaded 4 times (x 74B)
Class com.google.common.collect.RegularImmutableBiMap                                 : loaded 4 times (x 150B)
Class com.android.builder.model.v2.ide.BundleInfo                                     : loaded 4 times (x 72B)
Class com.google.common.base.JdkPattern                                               : loaded 4 times (x 77B)
Class com.google.common.cache.LocalCache$ValueReference                               : loaded 4 times (x 72B)
Class com.google.gson.internal.sql.SqlTimeTypeAdapter                                 : loaded 4 times (x 76B)
Class com.google.gson.stream.MalformedJsonException                                   : loaded 4 times (x 84B)
Class com.google.common.collect.RegularImmutableMap                                   : loaded 4 times (x 122B)
Class com.google.common.collect.ImmutableMap$MapViewOfValuesAsSingletonSets           : loaded 4 times (x 128B)
Class com.android.builder.model.v2.ide.SourceProvider                                 : loaded 4 times (x 72B)
Class com.google.gson.internal.bind.DefaultDateTypeAdapter$DateType$1                 : loaded 4 times (x 75B)
Class com.google.gson.internal.bind.JsonTreeWriter                                    : loaded 4 times (x 100B)
Class com.google.gson.internal.bind.ArrayTypeAdapter$1                                : loaded 4 times (x 77B)
Class com.google.common.cache.CacheBuilder                                            : loaded 4 times (x 74B)
Class org.objectweb.asm.Symbol                                                        : loaded 4 times (x 75B)
Class com.android.builder.model.v2.AndroidModel                                       : loaded 4 times (x 72B)
Class com.android.builder.model.v2.models.AndroidProject                              : loaded 4 times (x 72B)
Class com.android.builder.model.v2.ide.ProjectInfo                                    : loaded 4 times (x 72B)
Class org.jetbrains.kotlin.cli.common.arguments.CommonToolArguments                   : loaded 4 times (x 75B)
Class com.android.builder.model.v2.dsl.SigningConfig                                  : loaded 4 times (x 72B)
Class org.jetbrains.kotlin.cli.common.arguments.K2JVMCompilerArgumentsConfigurator    : loaded 4 times (x 76B)
Class com.google.gson.internal.bind.TreeTypeAdapter                                   : loaded 4 times (x 77B)
Class com.google.common.base.PatternCompiler                                          : loaded 4 times (x 72B)
Class com.google.common.base.Supplier                                                 : loaded 4 times (x 72B)
Class com.google.common.util.concurrent.AbstractFuture$Failure                        : loaded 4 times (x 74B)
Class com.google.common.base.Equivalence$Equals                                       : loaded 4 times (x 84B)
Class com.android.builder.model.v2.ide.AaptOptions$Namespacing                        : loaded 4 times (x 81B)
Class com.google.gson.internal.LazilyParsedNumber                                     : loaded 4 times (x 80B)
Class com.google.common.collect.Hashing                                               : loaded 4 times (x 73B)
Class com.google.common.base.Ticker                                                   : loaded 4 times (x 74B)
Class com.android.builder.model.v2.dsl.DependenciesInfo                               : loaded 4 times (x 72B)
Class com.android.ide.common.gradle.Version$Companion                                 : loaded 4 times (x 73B)
Class com.google.common.primitives.IntsMethodsForWeb                                  : loaded 4 times (x 73B)
Class com.android.builder.model.v2.ide.JavaArtifact                                   : loaded 4 times (x 72B)
Class com.google.common.collect.ImmutableMultimap$Keys                                : loaded 4 times (x 168B)
Class org.objectweb.asm.Handler                                                       : loaded 4 times (x 74B)
Class com.google.gson.ToNumberPolicy                                                  : loaded 4 times (x 85B)
Class com.android.utils.FileUtils                                                     : loaded 4 times (x 73B)
Class [Lcom.google.gson.ToNumberPolicy;                                               : loaded 4 times (x 71B)
Class com.google.common.cache.RemovalListener                                         : loaded 4 times (x 72B)
Class org.objectweb.asm.Label                                                         : loaded 4 times (x 75B)
Class org.objectweb.asm.CurrentFrame                                                  : loaded 4 times (x 75B)
Class org.objectweb.asm.ClassTooLargeException                                        : loaded 4 times (x 84B)
Class com.google.common.collect.Sets                                                  : loaded 4 times (x 73B)
Class [Lcom.google.gson.Strictness;                                                   : loaded 4 times (x 71B)
Class com.google.gson.stream.JsonReader                                               : loaded 4 times (x 99B)
Class com.google.common.collect.ImmutableMap$Builder                                  : loaded 4 times (x 84B)
Class com.google.common.util.concurrent.AbstractFuture$Cancellation                   : loaded 4 times (x 74B)
Class com.google.gson.internal.reflect.ReflectionHelper$RecordSupportedHelper         : loaded 4 times (x 80B)
Class com.google.gson.reflect.TypeToken                                               : loaded 4 times (x 77B)
Class com.android.builder.model.v2.models.ProjectGraph                                : loaded 4 times (x 72B)
Class com.google.common.cache.Cache                                                   : loaded 4 times (x 72B)
Class com.google.common.cache.LocalCache$Strength                                     : loaded 4 times (x 83B)
Class com.google.common.base.Stopwatch                                                : loaded 4 times (x 74B)
Class com.google.common.collect.RegularImmutableMap$Values                            : loaded 4 times (x 209B)
Class kotlinx.coroutines.flow.Flow                                                    : loaded 4 times (x 72B)
Class com.google.common.cache.Weigher                                                 : loaded 4 times (x 72B)
Class org.objectweb.asm.Frame                                                         : loaded 4 times (x 75B)
Class org.objectweb.asm.MethodVisitor                                                 : loaded 4 times (x 107B)
Class com.google.common.collect.ImmutableMapEntrySet                                  : loaded 4 times (x 154B)
Class com.google.gson.internal.ObjectConstructor                                      : loaded 4 times (x 72B)
Class com.android.ide.common.gradle.Version$Companion$ParseState$NUMERIC              : loaded 4 times (x 76B)
Class com.google.common.cache.LocalCache$EntryFactory$1                               : loaded 4 times (x 85B)
Class [Lcom.google.common.cache.RemovalListener;                                      : loaded 4 times (x 71B)
Class com.google.common.base.Strings                                                  : loaded 4 times (x 73B)
Class org.objectweb.asm.AnnotationWriter                                              : loaded 4 times (x 80B)
Class [Lorg.objectweb.asm.Symbol;                                                     : loaded 4 times (x 71B)
Class org.objectweb.asm.ClassVisitor                                                  : loaded 4 times (x 90B)
Class kotlinx.coroutines.flow.SharedFlow                                              : loaded 4 times (x 72B)
Class com.android.ide.common.repository.AgpVersion$PreviewKind                        : loaded 4 times (x 81B)
Class com.google.gson.Gson$FutureTypeAdapter                                          : loaded 4 times (x 78B)
Class com.google.common.collect.ArrayListMultimapGwtSerializationDependencies         : loaded 4 times (x 173B)
Class com.google.common.collect.Multiset                                              : loaded 4 times (x 72B)
Class com.google.common.math.MathPreconditions                                        : loaded 4 times (x 73B)
Class com.google.common.collect.ObjectArrays                                          : loaded 4 times (x 73B)
Class com.android.builder.model.v2.models.ProjectSyncIssues                           : loaded 4 times (x 72B)
Class com.android.ide.common.repository.AgpVersion                                    : loaded 4 times (x 77B)
Class com.google.common.cache.CacheStats                                              : loaded 4 times (x 73B)
Class com.google.gson.internal.sql.SqlTimestampTypeAdapter$1                          : loaded 4 times (x 77B)
Class com.google.common.primitives.Ints                                               : loaded 4 times (x 73B)
Class com.google.gson.internal.bind.TypeAdapters$30                                   : loaded 4 times (x 78B)
Class com.google.gson.internal.bind.JsonTreeReader                                    : loaded 4 times (x 99B)
Class com.google.gson.TypeAdapterFactory                                              : loaded 4 times (x 72B)
Class com.android.builder.model.v2.CustomSourceDirectory                              : loaded 4 times (x 72B)
Class com.google.common.cache.LocalCache$EntryFactory$2                               : loaded 4 times (x 85B)
Class com.google.gson.internal.bind.JsonAdapterAnnotationTypeAdapterFactory           : loaded 4 times (x 77B)
Class com.google.common.collect.BiMap                                                 : loaded 4 times (x 72B)
Class com.google.common.collect.ImmutableMap$1                                        : loaded 4 times (x 83B)
Class com.google.common.collect.IndexedImmutableSet                                   : loaded 4 times (x 154B)
Class com.google.gson.TypeAdapter                                                     : loaded 4 times (x 75B)
Class com.google.gson.Gson$3                                                          : loaded 4 times (x 77B)
Class com.google.gson.ToNumberStrategy                                                : loaded 4 times (x 72B)
Class com.google.gson.internal.bind.ReflectiveTypeAdapterFactory$BoundField           : loaded 4 times (x 77B)
Class org.objectweb.asm.FieldVisitor                                                  : loaded 4 times (x 79B)
Class com.google.gson.internal.bind.ReflectiveTypeAdapterFactory$2                    : loaded 4 times (x 80B)
Class com.google.gson.JsonPrimitive                                                   : loaded 4 times (x 95B)
Class com.google.common.cache.CacheLoader$UnsupportedLoadingOperationException        : loaded 4 times (x 84B)
Class com.android.ide.common.gradle.Separator                                         : loaded 4 times (x 81B)
Class [Lcom.android.builder.model.v2.ide.BytecodeTransformation;                      : loaded 4 times (x 71B)
Class com.google.common.collect.ImmutableMultisetGwtSerializationDependencies         : loaded 4 times (x 127B)
Class org.objectweb.asm.ClassWriter                                                   : loaded 4 times (x 107B)
Class com.google.common.collect.AbstractMapBasedMultimap$KeySet$1                     : loaded 4 times (x 84B)
Class org.objectweb.asm.ModuleWriter                                                  : loaded 4 times (x 83B)
Class com.android.builder.model.v2.ide.AndroidGradlePluginProjectFlags$BooleanFlag    : loaded 4 times (x 81B)
Class com.google.common.cache.LocalCache$EntryFactory$3                               : loaded 4 times (x 85B)
Class com.google.common.base.Ticker$1                                                 : loaded 4 times (x 74B)
Class com.google.gson.internal.bind.NumberTypeAdapter                                 : loaded 4 times (x 76B)
Class com.google.common.collect.Maps$BiMapConverter                                   : loaded 4 times (x 92B)
Class com.google.common.collect.ImmutableMapEntrySet$RegularEntrySet                  : loaded 4 times (x 154B)
Class com.google.gson.internal.bind.ReflectiveTypeAdapterFactory$1                    : loaded 4 times (x 76B)
Class com.android.builder.model.v2.ide.VectorDrawablesOptions                         : loaded 4 times (x 72B)
Class com.android.ide.common.gradle.Part                                              : loaded 4 times (x 79B)
Class com.google.gson.internal.bind.DefaultDateTypeAdapter$DateType                   : loaded 4 times (x 75B)
Class com.google.common.util.concurrent.UncheckedExecutionException                   : loaded 4 times (x 84B)
Class com.android.builder.model.v2.ide.AaptOptions                                    : loaded 4 times (x 72B)
Class com.google.common.collect.ImmutableSet$Builder                                  : loaded 4 times (x 87B)
Class com.google.common.base.Platform$JdkPatternCompiler                              : loaded 4 times (x 77B)
Class com.android.builder.model.v2.ide.LibraryType                                    : loaded 4 times (x 81B)
Class [Lcom.android.builder.model.v2.ide.LibraryType;                                 : loaded 4 times (x 71B)
Class org.jetbrains.kotlin.tooling.core.KotlinToolingVersion                          : loaded 4 times (x 77B)
Class [Lorg.jetbrains.kotlin.build.report.metrics.BuildTime;                          : loaded 4 times (x 71B)
Class com.google.common.cache.LocalCache$EntryFactory$4                               : loaded 4 times (x 85B)
Class com.android.ide.common.repository.AgpVersion$Companion                          : loaded 4 times (x 73B)
Class com.google.gson.ToNumberPolicy$1                                                : loaded 4 times (x 85B)
Class [Lcom.google.gson.FieldNamingStrategy;                                          : loaded 4 times (x 71B)
Class com.google.gson.internal.Excluder                                               : loaded 4 times (x 77B)
Class com.android.builder.model.v2.ide.Edge                                           : loaded 4 times (x 72B)
Class kotlinx.coroutines.flow.FlowCollector                                           : loaded 4 times (x 72B)
Class com.google.common.util.concurrent.AbstractFuture$Trusted                        : loaded 4 times (x 72B)
Class com.google.gson.internal.ReflectionAccessFilterHelper                           : loaded 4 times (x 73B)
Class org.objectweb.asm.MethodTooLargeException                                       : loaded 4 times (x 84B)
Class com.google.gson.internal.reflect.ReflectionHelper$RecordHelper                  : loaded 4 times (x 77B)
Class com.android.builder.model.v2.models.VariantDependenciesFlatList                 : loaded 4 times (x 72B)
Class com.google.gson.internal.sql.SqlTimeTypeAdapter$1                               : loaded 4 times (x 77B)
Class com.google.gson.internal.bind.MapTypeAdapterFactory$Adapter                     : loaded 4 times (x 76B)
Class [Lcom.google.gson.ReflectionAccessFilter$FilterResult;                          : loaded 4 times (x 71B)
Class org.jetbrains.kotlin.build.report.metrics.ValueType                             : loaded 4 times (x 81B)
Class com.android.builder.model.v2.ide.CodeShrinker                                   : loaded 4 times (x 81B)
Class com.google.common.cache.LocalCache$2                                            : loaded 4 times (x 144B)
Class com.google.common.collect.AbstractMultimap                                      : loaded 4 times (x 125B)
Class [Lcom.google.common.cache.CacheBuilder$OneWeigher;                              : loaded 4 times (x 71B)
Class com.google.common.base.Suppliers                                                : loaded 4 times (x 73B)
Class org.objectweb.asm.RecordComponentWriter                                         : loaded 4 times (x 79B)
Class com.google.common.collect.Sets$ImprovedAbstractSet                              : loaded 4 times (x 137B)
Class com.google.gson.internal.bind.JsonAdapterAnnotationTypeAdapterFactory$DummyTypeAdapterFactory: loaded 4 times (x 77B)
Class com.google.gson.internal.bind.TypeAdapters$31                                   : loaded 4 times (x 78B)
Class com.google.gson.JsonSyntaxException                                             : loaded 4 times (x 84B)
Class com.google.common.cache.LocalCache$EntryFactory$5                               : loaded 4 times (x 85B)
Class com.android.builder.model.v2.ide.BytecodeTransformation                         : loaded 4 times (x 81B)
Class com.google.gson.ToNumberPolicy$2                                                : loaded 4 times (x 85B)
Class com.google.common.util.concurrent.AbstractFuture$Listener                       : loaded 4 times (x 74B)
Class com.android.builder.model.v2.ide.SourceSetContainer                             : loaded 4 times (x 72B)
Class com.google.gson.internal.bind.ReflectiveTypeAdapterFactory$FieldsData           : loaded 4 times (x 74B)
Class com.google.common.collect.AbstractMapEntry                                      : loaded 4 times (x 83B)
Class com.google.gson.internal.bind.TypeAdapterRuntimeTypeWrapper                     : loaded 4 times (x 76B)
Class com.google.common.cache.LocalCache$1                                            : loaded 4 times (x 91B)
Class com.android.builder.model.v2.ide.ViewBindingOptions                             : loaded 4 times (x 72B)
Class com.google.common.collect.SingletonImmutableBiMap                               : loaded 4 times (x 145B)
Class com.google.common.base.Ascii                                                    : loaded 4 times (x 73B)
Class [Lcom.android.builder.model.v2.ide.ProjectType;                                 : loaded 4 times (x 71B)
Class com.google.gson.stream.JsonWriter                                               : loaded 4 times (x 100B)
Class [Lorg.objectweb.asm.Type;                                                       : loaded 4 times (x 71B)
Class com.google.common.collect.Platform                                              : loaded 4 times (x 73B)
Class com.google.gson.internal.Primitives                                             : loaded 4 times (x 73B)
Class com.android.builder.model.v2.ide.TestInfo$Execution                             : loaded 4 times (x 81B)
Class org.jetbrains.kotlin.build.report.metrics.GradleBuildTime                       : loaded 4 times (x 88B)
Class com.google.common.cache.LocalCache$EntryFactory$6                               : loaded 4 times (x 85B)
Class com.google.gson.GsonBuilder                                                     : loaded 4 times (x 74B)
Class com.google.gson.internal.bind.DefaultDateTypeAdapter                            : loaded 4 times (x 76B)
Class com.google.common.base.MoreObjects                                              : loaded 4 times (x 73B)
Class com.google.gson.Gson$5                                                          : loaded 4 times (x 78B)
Class com.google.gson.ToNumberPolicy$3                                                : loaded 4 times (x 85B)
Class com.google.common.collect.ImmutableMultimap$Builder                             : loaded 4 times (x 88B)
Class com.google.common.collect.BaseImmutableMultimap                                 : loaded 4 times (x 125B)
Class com.google.common.collect.EmptyImmutableListMultimap                            : loaded 4 times (x 178B)
Class com.android.builder.model.v2.ide.LintOptions                                    : loaded 4 times (x 72B)
Class com.google.gson.JsonElement                                                     : loaded 4 times (x 94B)
Class com.google.common.cache.CacheLoader$FunctionToCacheLoader                       : loaded 4 times (x 77B)
Class [Lcom.android.builder.model.v2.ide.AaptOptions$Namespacing;                     : loaded 4 times (x 71B)
Class com.google.common.collect.Maps$KeySet                                           : loaded 4 times (x 139B)
Class com.google.common.collect.ImmutableListMultimap                                 : loaded 4 times (x 178B)
Class com.google.gson.LongSerializationPolicy                                         : loaded 4 times (x 82B)
Class com.google.common.cache.CacheBuilder$NullListener                               : loaded 4 times (x 84B)
Class org.objectweb.asm.FieldWriter                                                   : loaded 4 times (x 79B)
Class com.google.common.collect.ImmutableSet$EmptySetBuilderImpl                      : loaded 4 times (x 78B)
Class com.google.common.cache.LocalCache$EntryFactory$7                               : loaded 4 times (x 85B)
Class com.google.gson.ToNumberPolicy$4                                                : loaded 4 times (x 85B)
Class org.objectweb.asm.Attribute                                                     : loaded 4 times (x 79B)
Class com.google.common.collect.MapDifference                                         : loaded 4 times (x 72B)
Class com.google.common.cache.LocalCache$Strength$3                                   : loaded 4 times (x 83B)
Class com.google.common.collect.ImmutableMultimap$EntryCollection                     : loaded 4 times (x 130B)
Class com.android.builder.model.v2.ide.AbstractArtifact                               : loaded 4 times (x 72B)
Class com.android.builder.model.v2.ide.BasicArtifact                                  : loaded 4 times (x 72B)
Class org.jetbrains.kotlin.util.capitalizeDecapitalize.CapitalizeDecapitalizeKt       : loaded 4 times (x 73B)
Class com.google.common.cache.LocalCache$Strength$2                                   : loaded 4 times (x 83B)
Class com.google.common.util.concurrent.SettableFuture                                : loaded 4 times (x 116B)
Class com.google.common.cache.LocalCache$Strength$1                                   : loaded 4 times (x 83B)
Class org.objectweb.asm.ModuleVisitor                                                 : loaded 4 times (x 83B)
Class com.google.common.collect.Sets$4                                                : loaded 4 times (x 143B)
Class com.android.ide.common.gradle.Version$Companion$ParseState                      : loaded 4 times (x 72B)
Class com.google.common.cache.LocalCache$EntryFactory$8                               : loaded 4 times (x 85B)
Class com.google.gson.internal.sql.SqlTypesSupport                                    : loaded 4 times (x 73B)
Class com.google.gson.Gson                                                            : loaded 4 times (x 74B)
Class com.google.common.cache.LocalCache$LocalLoadingCache                            : loaded 4 times (x 136B)
Class com.google.common.collect.Sets$3                                                : loaded 4 times (x 143B)
Class [Lorg.objectweb.asm.AnnotationVisitor;                                          : loaded 4 times (x 71B)
Class org.objectweb.asm.MethodWriter                                                  : loaded 4 times (x 107B)
Class com.google.gson.FieldNamingStrategy                                             : loaded 4 times (x 72B)
Class com.google.gson.JsonArray                                                       : loaded 4 times (x 102B)
Class com.google.common.collect.Sets$2                                                : loaded 4 times (x 143B)
Class com.google.gson.internal.bind.TypeAdapters$32                                   : loaded 4 times (x 78B)
Class com.android.builder.model.v2.models.BasicAndroidProject                         : loaded 4 times (x 72B)
Class com.google.common.cache.CacheLoader$1                                           : loaded 4 times (x 77B)
Class com.google.gson.internal.bind.CollectionTypeAdapterFactory                      : loaded 4 times (x 77B)
Class com.google.gson.Gson$1                                                          : loaded 4 times (x 78B)
Class com.google.gson.FieldNamingPolicy                                               : loaded 4 times (x 85B)
Class com.google.gson.FormattingStyle                                                 : loaded 4 times (x 80B)
Class com.google.gson.internal.bind.TypeAdapters                                      : loaded 4 times (x 73B)
Class com.android.ide.common.gradle.Numeric                                           : loaded 4 times (x 79B)
Class org.objectweb.asm.AnnotationVisitor                                             : loaded 4 times (x 80B)
Class com.google.common.collect.Sets$1                                                : loaded 4 times (x 143B)
Class org.jetbrains.kotlin.buildtools.api.jvm.ClassSnapshotGranularity                : loaded 4 times (x 81B)
Class com.google.common.collect.ImmutableEnumMap                                      : loaded 4 times (x 128B)
Class com.google.common.collect.ListMultimap                                          : loaded 4 times (x 72B)
Class com.android.builder.model.v2.models.AndroidDsl                                  : loaded 4 times (x 72B)
Class com.android.utils.StringHelper                                                  : loaded 4 times (x 73B)
Class com.google.common.cache.AbstractCache$StatsCounter                              : loaded 4 times (x 72B)
Class [Lcom.android.ide.common.repository.AgpVersion$PreviewKind;                     : loaded 4 times (x 71B)
Class com.android.builder.model.v2.dsl.BuildType                                      : loaded 4 times (x 72B)
Class [Lcom.google.common.collect.ImmutableMapEntry;                                  : loaded 4 times (x 71B)
Class com.google.gson.internal.bind.ObjectTypeAdapter                                 : loaded 4 times (x 76B)
Class com.google.gson.Gson$2                                                          : loaded 4 times (x 78B)
Class com.android.ide.common.blame.SourceFilePositionJsonSerializer                   : loaded 3 times (x 79B)
Class org.jetbrains.kotlin.build.report.metrics.BuildPerformanceMetrics               : loaded 3 times (x 74B)
Class javax.xml.bind.DatatypeConverterInterface                                       : loaded 3 times (x 72B)
Class [Lcom.sun.xml.bind.v2.runtime.property.Property;                                : loaded 3 times (x 71B)
Class com.sun.xml.bind.v2.runtime.reflect.Utils                                       : loaded 3 times (x 73B)
Class javax.xml.bind.annotation.XmlEnum                                               : loaded 3 times (x 72B)
Class com.sun.xml.bind.v2.runtime.JAXBContextImpl$2                                   : loaded 3 times (x 80B)
Class com.android.repository.impl.meta.RemotePackageImpl$ChannelRef                   : loaded 3 times (x 75B)
Class com.android.sdklib.repository.meta.DetailsTypes$ApiDetailsType                  : loaded 3 times (x 72B)
Class org.jetbrains.kotlin.gradle.dsl.KotlinTargetContainerWithJsPresetFunctions      : loaded 3 times (x 72B)
Class com.android.build.gradle.internal.api.ApplicationVariantImpl                    : loaded 3 times (x 264B)
Class com.android.build.gradle.internal.tasks.factory.BootClasspathConfigImpl$fullBootClasspathProvider$2$1: loaded 3 times (x 133B)
Class com.android.build.gradle.internal.dependency.DexingOutputSplitTransform         : loaded 3 times (x 80B)
Class com.android.build.gradle.internal.DependencyConfigurator$configureGeneralTransforms$4: loaded 3 times (x 77B)
Class com.android.build.gradle.internal.cxx.configure.ExperimentalPropertyExtensionsKt: loaded 3 times (x 73B)
Class com.android.build.gradle.internal.SdkComponentsBuildService$Parameters$Inject_  : loaded 3 times (x 122B)
Class com.android.build.gradle.tasks.AnalyzeDependenciesTask                          : loaded 3 times (x 344B)
Class com.android.build.gradle.tasks.factory.AndroidUnitTest$CreationAction           : loaded 3 times (x 93B)
Class com.android.build.gradle.internal.tasks.OptimizeResourcesTask$CreateAction      : loaded 3 times (x 95B)
Class com.android.build.gradle.internal.scope.InternalArtifactType$DEX_NUMBER_OF_BUCKETS_FILE: loaded 3 times (x 76B)
Class com.android.build.gradle.internal.scope.InternalArtifactType$GLOBAL_SYNTHETICS_DEX: loaded 3 times (x 76B)
Class com.android.build.gradle.internal.tasks.MergeFileTask                           : loaded 3 times (x 337B)
Class [Lorg.jetbrains.kotlin.gradle.plugin.KotlinCompilation;                         : loaded 3 times (x 71B)
Class org.jetbrains.kotlin.gradle.plugin.mpp.compilationImpl.KotlinCompilationLanguageSettingsConfigurator: loaded 3 times (x 76B)
Class com.android.build.gradle.internal.instrumentation.AsmClassVisitorsFactoryRegistry: loaded 3 times (x 74B)
Class com.android.build.api.component.impl.features.ShadersCreationConfigImpl         : loaded 3 times (x 78B)
Class com.android.build.api.variant.UnitTest                                          : loaded 3 times (x 72B)
Class com.android.build.gradle.internal.core.dsl.features.NativeBuildDslInfo          : loaded 3 times (x 72B)
Class com.android.build.gradle.internal.tasks.factory.GlobalTaskCreationAction        : loaded 3 times (x 91B)
Class com.android.build.gradle.internal.TaskManager$Companion$createTasksBeforeEvaluate$3: loaded 3 times (x 76B)
Class com.android.build.gradle.LintLifecycleExtensionImpl_Decorated                   : loaded 3 times (x 126B)
Class com.android.build.gradle.internal.dsl.BundleOptionsStoreArchive$AgpDecorated_Decorated: loaded 3 times (x 127B)
Class com.android.builder.model.LintOptions                                           : loaded 3 times (x 72B)
Class com.android.build.gradle.internal.api.DefaultAndroidSourceSet_Decorated         : loaded 3 times (x 274B)
Class com.google.common.base.Enums$StringConverter                                    : loaded 3 times (x 92B)
Class com.android.build.gradle.internal.dsl.ConfigurableFilesImpl                     : loaded 3 times (x 82B)
Class com.android.build.gradle.internal.dsl.LibraryPublishingImpl                     : loaded 3 times (x 88B)
Class com.android.build.gradle.internal.dsl.SplitOptions                              : loaded 3 times (x 90B)
Class com.android.build.gradle.internal.dsl.decorator.SupportedPropertyType$Collection$Map: loaded 3 times (x 76B)
Class com.android.build.gradle.internal.variant.AbstractVariantInputManager$Companion : loaded 3 times (x 73B)
Class org.jetbrains.kotlin.gradle.plugin.mpp.KotlinAndroidTargetVariantDslImpl        : loaded 3 times (x 77B)
Class org.jetbrains.kotlin.gradle.plugin.mpp.KotlinTargetComponentWithPublication     : loaded 3 times (x 72B)
Class org.jetbrains.kotlin.gradle.report.ReportingSettings$Companion                  : loaded 3 times (x 73B)
Class org.jetbrains.kotlin.gradle.report.ConfigureReporingKt                          : loaded 3 times (x 73B)
Class org.jetbrains.kotlin.gradle.plugin.AndroidGradlePluginVersionKt                 : loaded 3 times (x 73B)
Class org.jetbrains.kotlin.tooling.core.TypeUtils                                     : loaded 3 times (x 73B)
Class com.google.wireless.android.sdk.stats.GradleBuildProfile$Builder                : loaded 3 times (x 349B)
Class com.google.protobuf.UnknownFieldSet                                             : loaded 3 times (x 89B)
Class com.android.build.gradle.TestPlugin                                             : loaded 3 times (x 78B)
Class com.google.gson.internal.bind.TypeAdapters$33                                   : loaded 3 times (x 78B)
Class com.android.build.gradle.options.SyncOptions$EvaluationMode                     : loaded 3 times (x 81B)
Class com.android.build.gradle.internal.ide.dependencies.Graph$AdjacencyList          : loaded 3 times (x 74B)
Class com.android.build.gradle.internal.ide.v2.VectorDrawableOptionsImpl$Companion    : loaded 3 times (x 73B)
Class org.gradle.accessors.dm.LibrariesForLibsInPluginsBlock$PluginAccessors          : loaded 3 times (x 77B)
Class com.android.tools.analytics.Environment$SystemProperty                          : loaded 3 times (x 81B)
Class com.android.tools.analytics.Environment$Companion                               : loaded 3 times (x 73B)
Class com.android.tools.analytics.Environment$Companion$SYSTEM$1                      : loaded 3 times (x 75B)
Class com.android.build.gradle.internal.profile.NoOpAnalyticsConfiguratorService$RegistrationAction: loaded 3 times (x 76B)
Class com.google.protobuf.Message                                                     : loaded 3 times (x 72B)
Class org.objectweb.asm.Context                                                       : loaded 3 times (x 74B)
Class com.google.wireless.android.sdk.stats.JavaProcessStats                          : loaded 3 times (x 208B)
Class com.android.prefs.PathLocator$WhenMappings                                      : loaded 3 times (x 73B)
Class kotlin.text.StringsKt__AppendableKt                                             : loaded 3 times (x 73B)
Class org.jetbrains.kotlin.gradle.plugin.mpp.AbstractKotlinCompilation                : loaded 3 times (x 193B)
Class org.jetbrains.kotlin.gradle.utils.Future                                        : loaded 3 times (x 72B)
Class com.android.build.gradle.internal.services.BuiltInKotlinServices$Companion      : loaded 3 times (x 73B)
Class com.android.build.gradle.internal.utils.KgpUtils                                : loaded 3 times (x 73B)
Class org.objectweb.asm.tree.ClassNode                                                : loaded 3 times (x 92B)
Class com.android.build.api.dsl.DependenciesInfo                                      : loaded 3 times (x 72B)
Class com.android.build.gradle.internal.scope.BootClasspathBuilder$computeAdditionalAndRequestedOptionalLibraries$5: loaded 3 times (x 82B)
Class com.google.common.util.concurrent.AbstractFuture$SetFuture                      : loaded 3 times (x 77B)
Class com.google.common.base.Converter$IdentityConverter                              : loaded 3 times (x 92B)
Class com.android.resources.ResourceEnum                                              : loaded 3 times (x 72B)
Class [Lcom.android.tools.lint.model.LintModelSeverity;                               : loaded 3 times (x 71B)
Class com.sun.xml.bind.v2.runtime.unmarshaller.TagName                                : loaded 3 times (x 77B)
Class javax.xml.bind.PropertyException                                                : loaded 3 times (x 87B)
Class com.sun.xml.bind.v2.runtime.reflect.ListTransducedAccessorImpl                  : loaded 3 times (x 82B)
Class com.sun.xml.bind.v2.model.impl.RuntimeBuiltinLeafInfoImpl$StringImplImpl        : loaded 3 times (x 138B)
Class com.sun.xml.bind.v2.runtime.Transducer                                          : loaded 3 times (x 72B)
Class com.sun.xml.bind.v2.model.impl.RuntimeClassInfoImpl                             : loaded 3 times (x 164B)
Class com.sun.istack.Pool$Impl                                                        : loaded 3 times (x 79B)
Class com.sun.xml.bind.v2.runtime.JAXBContextImpl$3                                   : loaded 3 times (x 76B)
Class com.android.repository.impl.generated.v2.LocalPackage                           : loaded 3 times (x 142B)
Class com.android.repository.impl.meta.PackageDisplayNameQualifier                    : loaded 3 times (x 72B)
Class com.android.build.gradle.tasks.PackageAndroidArtifact$CreationAction$finalConfigure$1$1: loaded 3 times (x 76B)
Class com.android.build.gradle.internal.scope.ArtifactPublishingUtil$publishArtifactToConfiguration$1: loaded 3 times (x 77B)
Class com.android.build.gradle.internal.tasks.factory.BootClasspathConfigImpl$fullBootClasspathProvider$2$2: loaded 3 times (x 133B)
Class com.android.build.gradle.internal.DependencyConfigurator$configureGeneralTransforms$5: loaded 3 times (x 77B)
Class com.android.build.gradle.internal.SdkComponentsBuildService$sdkDirectoryProvider$1: loaded 3 times (x 77B)
Class com.android.build.gradle.internal.tasks.FinalizeBundleTask$CreationAction$handleProvider$bundleNameProvider$1: loaded 3 times (x 77B)
Class com.android.build.gradle.internal.scope.InternalArtifactType$APP_METADATA       : loaded 3 times (x 76B)
Class com.android.build.api.variant.impl.SigningConfigImpl$enableV3Signing$1          : loaded 3 times (x 77B)
Class org.jetbrains.kotlin.gradle.plugin.mpp.compilationImpl.DefaultKotlinCompilationConfigurationsContainer: loaded 3 times (x 86B)
Class org.jetbrains.kotlin.gradle.plugin.diagnostics.ToolingDiagnostic                : loaded 3 times (x 74B)
Class org.jetbrains.kotlin.gradle.tasks.TasksProviderKt                               : loaded 3 times (x 73B)
Class com.android.build.gradle.internal.component.ComponentBasedBuiltInKotlinCreationConfig: loaded 3 times (x 113B)
Class com.android.build.gradle.internal.component.MergeSourceSetFoldersCreationConfig : loaded 3 times (x 72B)
Class com.android.build.gradle.internal.tasks.CheckManifest$CreationAction            : loaded 3 times (x 92B)
Class com.android.build.gradle.internal.scope.UnitTestBuildFeatureValuesImpl          : loaded 3 times (x 89B)
Class com.android.build.gradle.internal.services.BuiltInKotlinSupportMode             : loaded 3 times (x 73B)
Class com.android.build.api.variant.impl.DependenciesInfoImpl                         : loaded 3 times (x 79B)
Class com.android.build.api.variant.impl.ApkPackagingImpl                             : loaded 3 times (x 91B)
Class com.android.build.gradle.internal.TaskManager$Companion$createTasksBeforeEvaluate$4: loaded 3 times (x 77B)
Class com.android.build.gradle.internal.services.TaskCreationServicesImpl             : loaded 3 times (x 104B)
Class com.android.build.gradle.options.SigningOptions                                 : loaded 3 times (x 74B)
Class com.google.wireless.android.sdk.stats.ProjectApiUse                             : loaded 3 times (x 199B)
Class com.android.build.gradle.internal.dsl.BundleOptions$AgpDecorated                : loaded 3 times (x 141B)
Class com.android.build.gradle.internal.ide.dependencies.LocalJarCacheImpl$cache$1$jarFiles$1: loaded 3 times (x 76B)
Class com.android.build.api.dsl.ExternalNativeBuildFlags                              : loaded 3 times (x 72B)
Class com.android.build.api.dsl.LibraryAndroidResources                               : loaded 3 times (x 72B)
Class org.jetbrains.kotlin.gradle.plugin.sources.DefaultKotlinSourceSetFactory        : loaded 3 times (x 82B)
Class com.google.protobuf.Internal                                                    : loaded 3 times (x 73B)
Class com.google.gson.internal.bind.TypeAdapters$34                                   : loaded 3 times (x 78B)
Class javax.xml.bind.annotation.DomHandler                                            : loaded 3 times (x 72B)
Class com.android.build.gradle.options.FutureStage                                    : loaded 3 times (x 74B)
Class com.android.build.gradle.internal.plugins.AppPlugin                             : loaded 3 times (x 99B)
Class org.gradle.accessors.dm.LibrariesForLibs                                        : loaded 3 times (x 83B)
Class com.android.build.gradle.internal.CompileOptions$AgpDecorated_Decorated         : loaded 3 times (x 147B)
Class com.android.build.gradle.api.TestVariant                                        : loaded 3 times (x 72B)
Class com.android.build.gradle.internal.variant.DimensionCombinationImpl              : loaded 3 times (x 78B)
Class com.android.build.gradle.internal.dsl.ModulePropertyKey$BooleanWithDefault$Companion: loaded 3 times (x 73B)
Class com.android.build.gradle.internal.testsuites.impl.TestSuiteBuilderImpl          : loaded 3 times (x 88B)
Class com.android.build.gradle.tasks.ProcessPackagedManifestTask$CreationAction$handleProvider$2: loaded 3 times (x 133B)
Class com.android.build.api.variant.impl.JniLibsPackagingImpl$pickFirsts$1            : loaded 3 times (x 77B)
Class org.jetbrains.kotlin.gradle.plugin.mpp.KotlinCompilationFactory                 : loaded 3 times (x 72B)
Class com.android.build.gradle.internal.scope.InternalArtifactType$GENERATED_PROGUARD_FILE: loaded 3 times (x 76B)
Class com.android.build.gradle.internal.tasks.factory.features.DexingTaskCreationActionImpl: loaded 3 times (x 77B)
Class com.android.build.gradle.internal.scope.InternalArtifactType$DEVICE_SPEC_PATH_MAP: loaded 3 times (x 76B)
Class com.android.build.gradle.internal.SdkComponentsBuildService$Environment         : loaded 3 times (x 75B)
Class com.android.build.gradle.internal.DependencyConfigurator$configureGeneralTransforms$8$1: loaded 3 times (x 76B)
Class com.android.build.gradle.internal.scope.InternalArtifactType$VARIANT_CODE_COVERAGE_DATA: loaded 3 times (x 76B)
Class org.jetbrains.kotlin.gradle.tasks.KotlinCompile$createCompilerArguments$1$2$1   : loaded 3 times (x 81B)
Class com.android.build.gradle.internal.ide.v2.LibraryInfoImpl$Companion              : loaded 3 times (x 73B)
Class com.android.build.gradle.internal.scope.InternalArtifactType$GLOBAL_SYNTHETICS_MERGED: loaded 3 times (x 76B)
Class com.android.build.gradle.internal.scope.InternalArtifactType$LINT_VITAL_PARTIAL_RESULTS: loaded 3 times (x 76B)
Class com.android.build.gradle.internal.SdkComponentsBuildService$VersionedSdkLoader$sdkLoadStrategy$2$1$1: loaded 3 times (x 81B)
Class com.android.build.gradle.internal.PlatformToolsComponents$Companion             : loaded 3 times (x 73B)
Class com.android.repository.api.SchemaModule$SchemaModuleVersion                     : loaded 3 times (x 78B)
Class com.android.repository.impl.generated.v2.CompleteType                           : loaded 3 times (x 86B)
Class org.jetbrains.kotlin.incremental.ClasspathChanges                               : loaded 3 times (x 73B)
Class com.android.build.gradle.internal.dependency.JdkImageTransform$Parameters_Decorated: loaded 3 times (x 140B)
Class com.android.build.gradle.internal.scope.BootClasspathBuilder$CacheKey           : loaded 3 times (x 74B)
Class com.sun.xml.bind.v2.model.impl.AttributePropertyInfoImpl                        : loaded 3 times (x 126B)
Class com.sun.xml.bind.v2.model.impl.RuntimeMapPropertyInfoImpl                       : loaded 3 times (x 139B)
Class com.sun.xml.bind.v2.model.impl.MapPropertyInfoImpl                              : loaded 3 times (x 121B)
Class com.sun.xml.bind.v2.model.impl.DummyPropertyInfo                                : loaded 3 times (x 72B)
Class com.android.sdklib.repository.generated.repository.v4.PlatformDetailsType       : loaded 3 times (x 131B)
Class com.sun.xml.bind.v2.model.core.Element                                          : loaded 3 times (x 72B)
Class com.android.sdklib.repository.legacy.FileOp                                     : loaded 3 times (x 79B)
Class com.android.build.gradle.internal.publishing.PublishingSpecsKt                  : loaded 3 times (x 73B)
Class com.android.build.gradle.internal.tasks.factory.BootClasspathConfigImpl$fullBootClasspathProvider$2$3: loaded 3 times (x 133B)
Class com.android.build.gradle.internal.tasks.factory.BootClasspathConfigImpl$sam$org_gradle_api_Transformer$0: loaded 3 times (x 77B)
Class com.android.build.gradle.internal.cxx.logging.ThreadLoggingEnvironment$Companion$BottomLoggingEnvironment: loaded 3 times (x 82B)
Class com.android.build.api.component.impl.DefaultSourcesProviderImpl$getKotlin$1     : loaded 3 times (x 133B)
Class com.android.build.gradle.internal.tasks.SigningConfigWriterTask                 : loaded 3 times (x 339B)
Class com.android.build.gradle.internal.scope.InternalMultipleArtifactType            : loaded 3 times (x 76B)
Class org.jetbrains.kotlin.gradle.ExternalKotlinTargetApi                             : loaded 3 times (x 72B)
Class com.sun.xml.bind.v2.runtime.property.PropertyFactory                            : loaded 3 times (x 73B)
Class com.android.build.api.variant.JniLibsApkPackaging                               : loaded 3 times (x 72B)
Class com.android.build.api.variant.impl.JniLibsPackagingImpl$excludes$1              : loaded 3 times (x 77B)
Class com.android.build.api.artifact.InAndOutDirectoryOperationRequest                : loaded 3 times (x 72B)
Class com.android.build.api.variant.impl.BundleConfigImpl                             : loaded 3 times (x 78B)
Class com.android.build.gradle.internal.component.TestComponentCreationConfig         : loaded 3 times (x 72B)
Class com.android.build.gradle.internal.publishing.AndroidArtifacts$PublishedConfigType: loaded 3 times (x 81B)
Class com.android.build.gradle.internal.core.dsl.impl.features.RenderscriptDslInfoImpl: loaded 3 times (x 81B)
Class com.android.build.gradle.internal.TaskManager$Companion$createTasksBeforeEvaluate$5: loaded 3 times (x 76B)
Class com.android.build.api.artifact.impl.InternalScopedArtifacts$InternalScope       : loaded 3 times (x 81B)
Class com.android.build.api.variant.LintLifecycleExtension                            : loaded 3 times (x 72B)
Class com.android.build.gradle.internal.dsl.OptimizationImpl$AgpDecorated_Decorated   : loaded 3 times (x 139B)
Class com.sun.xml.bind.v2.model.impl.ElementInfoImpl$PropertyImpl                     : loaded 3 times (x 135B)
Class javax.activation.DataSource                                                     : loaded 3 times (x 72B)
Class com.sun.xml.bind.v2.model.runtime.RuntimeBuiltinLeafInfo                        : loaded 3 times (x 72B)
Class org.jetbrains.kotlin.gradle.utils.ProviderApiUtilsKt$mapOrNull$1                : loaded 3 times (x 77B)
Class org.jetbrains.kotlin.gradle.targets.native.toolchain.KotlinNativeBundleBuildService$Companion$registerIfAbsent$1: loaded 3 times (x 77B)
Class org.jetbrains.kotlin.gradle.plugin.PropertiesProvider$kotlinExperimentalTryNext$1: loaded 3 times (x 77B)
Class org.jetbrains.kotlin.gradle.fus.BuildUidService$Companion                       : loaded 3 times (x 73B)
Class org.jetbrains.kotlin.gradle.plugin.VariantImplementationFactoriesConfigurator$Companion$getProvider$1: loaded 3 times (x 76B)
Class com.android.sdklib.repository.generated.sysimg.v4.package-info                  : loaded 3 times (x 72B)
Class com.android.sdklib.repository.meta.DetailsTypes$ExtraDetailsType                : loaded 3 times (x 72B)
Class com.android.build.gradle.internal.SdkComponentsBuildService$VersionedSdkLoader$aidlFrameworkProvider$1: loaded 3 times (x 77B)
Class com.android.build.gradle.internal.services.BaseServicesImpl                     : loaded 3 times (x 85B)
Class com.android.build.gradle.internal.dsl.CommonExtensionImpl                       : loaded 3 times (x 210B)
Class javax.xml.bind.annotation.XmlElementDecl                                        : loaded 3 times (x 72B)
Class [Ljavax.xml.bind.annotation.XmlAccessType;                                      : loaded 3 times (x 71B)
Class com.sun.xml.bind.v2.model.impl.ClassInfoImpl$DuplicateException                 : loaded 3 times (x 84B)
Class com.sun.xml.bind.v2.model.core.Adapter                                          : loaded 3 times (x 74B)
Class com.android.sdklib.repository.generated.repository.v3.PlatformDetailsType       : loaded 3 times (x 128B)
Class javax.xml.bind.UnmarshallerHandler                                              : loaded 3 times (x 72B)
Class com.android.build.gradle.internal.scope.BootClasspathBuilder$computeAdditionalAndRequestedOptionalLibraries$4: loaded 3 times (x 81B)
Class com.android.build.gradle.internal.tasks.VariantTask$ConfigureAction             : loaded 3 times (x 73B)
Class com.android.build.api.variant.impl.FlatSourceDirectoriesImpl$getAsFileTrees$1   : loaded 3 times (x 77B)
Class com.google.common.io.ByteSource                                                 : loaded 3 times (x 86B)
Class kotlin.sequences.Sequence                                                       : loaded 3 times (x 72B)
Class kotlin.text.StringsKt__StringNumberConversionsJVMKt                             : loaded 3 times (x 73B)
Class kotlin.collections.CollectionsKt                                                : loaded 3 times (x 73B)
Class kotlin.io.NoSuchFileException                                                   : loaded 3 times (x 84B)
Class com.android.build.api.extension.impl.ApplicationAndroidComponentsExtensionImpl  : loaded 3 times (x 116B)
Class com.android.build.gradle.internal.ide.dependencies.FullDependencyGraphBuilder   : loaded 3 times (x 74B)
Class com.android.build.api.dsl.TargetSdkSpec                                         : loaded 3 times (x 72B)
Class com.android.build.gradle.internal.SdkComponentsBuildService$VersionedSdkLoader$androidJarProvider$1: loaded 3 times (x 77B)
Class com.android.build.gradle.internal.plugins.AbstractAppPlugin                     : loaded 3 times (x 96B)
Class com.android.builder.profile.Recorder$VoidBlock                                  : loaded 3 times (x 72B)
Class com.android.build.gradle.options.BooleanOption                                  : loaded 3 times (x 90B)
Class com.android.build.gradle.internal.scope.InternalArtifactType$BUILT_IN_KAPT_GENERATED_JAVA_SOURCES: loaded 3 times (x 76B)
Class [Lcom.android.build.gradle.internal.ProguardFileType;                           : loaded 3 times (x 71B)
Class com.android.build.gradle.internal.EmulatorComponents$Companion$build$fileExists$1: loaded 3 times (x 77B)
Class com.sun.xml.bind.v2.runtime.property.PropertyFactory$1                          : loaded 3 times (x 73B)
Class com.sun.xml.bind.v2.runtime.property.ArrayProperty                              : loaded 3 times (x 104B)
Class com.android.sdklib.repository.generated.addon.v3.MavenType                      : loaded 3 times (x 82B)
Class com.sun.xml.bind.v2.model.core.ID                                               : loaded 3 times (x 81B)
Class com.sun.xml.bind.v2.model.impl.ClassInfoImpl$PropertyGroup                      : loaded 3 times (x 81B)
Class com.sun.xml.bind.v2.model.runtime.RuntimeValuePropertyInfo                      : loaded 3 times (x 72B)
Class com.sun.xml.bind.v2.runtime.JAXBContextImpl$5                                   : loaded 3 times (x 76B)
Class com.android.repository.impl.generated.v2.DependencyType                         : loaded 3 times (x 83B)
Class [Lcom.android.build.gradle.options.IntegerOption;                               : loaded 3 times (x 71B)
Class com.android.build.gradle.internal.scope.InternalArtifactType$FEATURE_PUBLISHED_DEX: loaded 3 times (x 76B)
Class com.android.build.gradle.internal.tasks.factory.BootClasspathConfigImpl$fullBootClasspathProvider$2$4: loaded 3 times (x 133B)
Class com.android.build.gradle.internal.tasks.factory.BootClasspathConfigImpl$filteredBootClasspath$2$1: loaded 3 times (x 133B)
Class com.android.build.gradle.internal.DependencyConfigurator$configureGeneralTransforms$7: loaded 3 times (x 77B)
Class com.android.build.gradle.internal.dependency.ExtractAarTransform                : loaded 3 times (x 80B)
Class com.android.build.gradle.internal.cxx.logging.ThreadLoggingEnvironment$Companion$LoggerStack: loaded 3 times (x 74B)
Class com.android.build.api.variant.impl.SourceType                                   : loaded 3 times (x 81B)
Class com.android.build.gradle.internal.tasks.ParseIntegrityConfigTask$CreationAction : loaded 3 times (x 92B)
Class com.android.build.gradle.internal.tasks.DexMergingTask$CreationAction$handleProvider$1: loaded 3 times (x 133B)
Class com.android.build.gradle.internal.scope.InternalArtifactType$SUB_PROJECT_DEX_ARCHIVE: loaded 3 times (x 76B)
Class com.android.build.api.artifact.OutOperationRequest                              : loaded 3 times (x 72B)
Class com.android.build.gradle.internal.scope.InternalArtifactType$PACKAGED_MANIFESTS : loaded 3 times (x 76B)
Class com.android.build.gradle.tasks.ProcessPackagedManifestTask                      : loaded 3 times (x 338B)
Class com.android.build.api.variant.AndroidVersion                                    : loaded 3 times (x 72B)
Class com.android.build.gradle.internal.TaskManager$Companion$createTasksBeforeEvaluate$6: loaded 3 times (x 76B)
Class com.android.build.gradle.internal.tasks.factory.TaskFactoryUtils                : loaded 3 times (x 73B)
Class com.android.build.gradle.internal.api.artifact.SourceArtifactType$ASSETS        : loaded 3 times (x 76B)
Class com.android.build.gradle.internal.api.artifact.SourceArtifactType$JAVA_SOURCES  : loaded 3 times (x 76B)
Class com.android.build.gradle.internal.dsl.KeepRulesImpl$AgpDecorated_Decorated      : loaded 3 times (x 144B)
Class com.android.build.gradle.internal.profile.AnalyticsService                      : loaded 3 times (x 112B)
Class com.google.common.base.CaseFormat$1                                             : loaded 3 times (x 85B)
Class org.jetbrains.kotlin.gradle.plugin.VariantImplementationFactories$Companion$getProvider$2$1: loaded 3 times (x 81B)
Class com.android.tools.analytics.HostDataKt                                          : loaded 3 times (x 73B)
Class com.google.protobuf.AbstractMessage                                             : loaded 3 times (x 166B)
Class com.android.build.gradle.internal.lint.AndroidLintInputs                        : loaded 3 times (x 73B)
Class com.google.wireless.android.sdk.stats.GarbageCollectionStatsOrBuilder           : loaded 3 times (x 72B)
Class com.android.utils.EnvironmentProvider$DirectEnvironmentProvider                 : loaded 3 times (x 82B)
Class com.android.build.gradle.internal.component.ApplicationCreationConfig           : loaded 3 times (x 72B)
Class com.android.build.gradle.internal.errors.SyncIssueReporterImpl                  : loaded 3 times (x 79B)
Class com.android.build.gradle.internal.dsl.ApplicationExtensionImpl                  : loaded 3 times (x 389B)
Class com.android.build.api.variant.DslLifecycle                                      : loaded 3 times (x 72B)
Class org.gradle.accessors.dm.LibrariesForLibs$BundleAccessors                        : loaded 3 times (x 75B)
Class com.android.build.gradle.internal.ide.v2.GlobalSyncService$Parameters           : loaded 3 times (x 72B)
Class com.android.build.gradle.internal.services.SymbolTableBuildService              : loaded 3 times (x 81B)
Class org.jetbrains.kotlin.gradle.report.BuildMetricsService                          : loaded 3 times (x 88B)
Class org.jetbrains.kotlin.gradle.plugin.KotlinCompilation                            : loaded 3 times (x 72B)
Class org.jetbrains.kotlin.tooling.core.Extras$Type$Companion                         : loaded 3 times (x 73B)
Class org.jetbrains.kotlin.gradle.targets.native.internal.PlatformLibrariesGenerator  : loaded 3 times (x 74B)
Class com.android.builder.core.AbstractProductFlavor                                  : loaded 3 times (x 196B)
Class com.android.build.api.dsl.BundleDeviceTier                                      : loaded 3 times (x 72B)
Class com.android.build.api.dsl.BundleCountrySet                                      : loaded 3 times (x 72B)
Class com.android.build.api.dsl.BundleLanguage                                        : loaded 3 times (x 72B)
Class com.android.build.gradle.internal.dsl.JniLibsPackagingImpl                      : loaded 3 times (x 91B)
Class com.android.build.gradle.internal.dsl.ApplicationAndroidResourcesImpl           : loaded 3 times (x 126B)
Class com.google.wireless.android.sdk.stats.GradleBuildProjectMetrics                 : loaded 3 times (x 201B)
Class com.android.build.gradle.internal.tasks.DeviceSerialTestTask                    : loaded 3 times (x 323B)
Class com.android.build.gradle.internal.services.VariantBuilderServicesImpl$ValueImpl : loaded 3 times (x 78B)
Class com.android.build.gradle.internal.tasks.ExtractNativeDebugMetadataTask$FullCreationAction: loaded 3 times (x 93B)
Class com.android.build.gradle.tasks.ProcessPackagedManifestTask$CreationAction$handleProvider$1: loaded 3 times (x 133B)
Class com.android.build.gradle.internal.tasks.factory.features.AndroidResourcesTaskCreationAction: loaded 3 times (x 72B)
Class org.jetbrains.kotlin.cli.common.arguments.Argument                              : loaded 3 times (x 72B)
Class org.jetbrains.kotlin.gradle.plugin.CreateCompilerArgumentsContextImpl           : loaded 3 times (x 77B)
Class com.android.build.gradle.internal.ide.dependencies.GraphEdgeCacheImpl$getEdge$1$1: loaded 3 times (x 81B)
Class com.android.build.gradle.tasks.PackageAndroidArtifactKt$getPageSize$2           : loaded 3 times (x 76B)
Class com.android.build.gradle.internal.ide.dependencies.LocalJarCache                : loaded 3 times (x 72B)
Class com.android.build.api.variant.impl.ApplicationMultiOutputHandler                : loaded 3 times (x 97B)
Class org.jetbrains.kotlin.gradle.plugin.diagnostics.ToolingDiagnosticRenderingOptionsKt: loaded 3 times (x 73B)
Class org.jetbrains.kotlin.gradle.plugin.mpp.compilationImpl.factory.KotlinCompilationImplFactory$KotlinCompilerOptionsFactory$Options: loaded 3 times (x 74B)
Class org.jetbrains.kotlin.gradle.plugin.KotlinTargetConfiguratorKt                   : loaded 3 times (x 73B)
Class org.jetbrains.kotlin.gradle.plugin.sources.DefaultKotlinSourceSet$special$$inlined$Iterable$1: loaded 3 times (x 81B)
Class com.android.build.gradle.internal.tasks.R8VersionCheckException                 : loaded 3 times (x 84B)
Class com.android.build.gradle.internal.tasks.featuresplit.PackagedDependenciesWriterTask: loaded 3 times (x 337B)
Class com.android.build.gradle.internal.scope.InternalArtifactType$MERGED_STARTUP_PROFILE: loaded 3 times (x 76B)
Class com.android.build.gradle.internal.scope.InternalArtifactType$RESOURCES_CONFIG_MAP_FILE: loaded 3 times (x 76B)
Class org.jetbrains.kotlin.gradle.tasks.KotlinJvmCompile$DefaultImpls                 : loaded 3 times (x 73B)
Class org.jetbrains.kotlin.gradle.tasks.CacheableTasksKt                              : loaded 3 times (x 73B)
Class com.sun.xml.bind.v2.runtime.property.SingleMapNodeProperty                      : loaded 3 times (x 104B)
Class com.sun.xml.bind.v2.model.runtime.RuntimeTypeRef                                : loaded 3 times (x 72B)
Class com.sun.xml.bind.v2.runtime.JAXBContextImpl$6                                   : loaded 3 times (x 93B)
Class com.android.sdklib.repository.generated.repository.v2.LayoutlibType             : loaded 3 times (x 76B)
Class com.android.repository.api.ConsoleProgressIndicator                             : loaded 3 times (x 110B)
Class com.android.build.gradle.internal.SupportToolsComponents$Companion$build$fileExists$1: loaded 3 times (x 77B)
Class com.android.build.gradle.internal.SdkComponentsBuildService$VersionedSdkLoader$targetAndroidVersionProvider$1: loaded 3 times (x 77B)
Class com.android.build.gradle.internal.scope.InternalArtifactType$AAR_METADATA       : loaded 3 times (x 76B)
Class com.android.build.gradle.internal.dependency.RecalculateStackFramesTransform$Companion$registerRecalculateStackFramesTransform$1: loaded 3 times (x 77B)
Class com.android.build.gradle.internal.tasks.factory.BootClasspathConfigImpl$fullBootClasspathProvider$2$5: loaded 3 times (x 133B)
Class com.android.build.gradle.internal.utils.DesugarLibConfigExtractor               : loaded 3 times (x 80B)
Class com.android.build.gradle.internal.tasks.factory.BootClasspathConfigImpl$filteredBootClasspath$2$2: loaded 3 times (x 133B)
Class com.android.build.gradle.internal.DependencyConfigurator$configureGeneralTransforms$8: loaded 3 times (x 77B)
Class com.android.build.gradle.internal.cxx.configure.GradleLocalPropertiesKt         : loaded 3 times (x 73B)
Class com.android.build.gradle.internal.tasks.creationconfig.BaseDexMergingCreationConfig: loaded 3 times (x 126B)
Class com.android.build.gradle.internal.services.BuiltInKaptSupportMode$SupportedForTestFixturesAndScreenshotTest: loaded 3 times (x 73B)
Class com.android.build.gradle.internal.tasks.creationconfig.JavaPreCompileTaskCreationConfig: loaded 3 times (x 72B)
Class com.android.build.gradle.tasks.ProcessManifestForMetadataFeatureTask$CreationAction: loaded 3 times (x 92B)
Class com.android.build.api.variant.impl.VariantOutputList$Companion                  : loaded 3 times (x 73B)
Class com.android.build.api.variant.impl.VariantBuilderImpl                           : loaded 3 times (x 142B)
Class com.android.build.gradle.tasks.JavaCompileUtils                                 : loaded 3 times (x 73B)
Class org.jetbrains.kotlin.compose.compiler.gradle.ComposeCompilerGradlePluginExtension$featureFlags$1: loaded 3 times (x 78B)
Class com.android.build.api.variant.DslExtension                                      : loaded 3 times (x 74B)
Class org.jetbrains.kotlin.gradle.plugin.PropertiesProvider$classLoaderCacheTimeoutInSeconds$1: loaded 3 times (x 77B)
Class com.android.build.gradle.internal.dsl.BundleOptionsTexture$AgpDecorated_Decorated: loaded 3 times (x 132B)
Class com.android.build.api.dsl.ManagedDevices                                        : loaded 3 times (x 72B)
Class [Lcom.android.repository.Revision$Precision;                                    : loaded 3 times (x 71B)
Class com.android.build.gradle.internal.dsl.ApplicationExtensionImpl$AgpDecorated     : loaded 3 times (x 390B)
Class com.android.build.gradle.internal.dsl.BaseFlavor                                : loaded 3 times (x 429B)
Class com.google.common.base.CaseFormat$2                                             : loaded 3 times (x 85B)
Class com.android.build.api.dsl.ConsumerKeepRules                                     : loaded 3 times (x 72B)
Class com.android.build.gradle.internal.dsl.decorator.LockableSet                     : loaded 3 times (x 147B)
Class com.android.builder.model.SigningConfig                                         : loaded 3 times (x 72B)
Class com.android.build.gradle.api.AndroidSourceSet                                   : loaded 3 times (x 72B)
Class [Lcom.android.builder.core.ComponentTypeImpl;                                   : loaded 3 times (x 71B)
Class org.jetbrains.kotlin.build.report.metrics.GradleBuildPerformanceMetric          : loaded 3 times (x 94B)
Class org.jetbrains.kotlin.gradle.internal.properties.PropertiesBuildService$NullableBooleanGradleProperty: loaded 3 times (x 78B)
Class com.google.wireless.android.sdk.stats.GarbageCollectionStats$1                  : loaded 3 times (x 153B)
Class com.android.build.gradle.internal.dsl.SigningConfigFactory                      : loaded 3 times (x 79B)
Class [Lcom.android.build.gradle.options.StringOption;                                : loaded 3 times (x 71B)
Class com.android.build.gradle.options.ApiStage                                       : loaded 3 times (x 74B)
Class com.android.build.api.variant.HasUnitTest                                       : loaded 3 times (x 72B)
Class com.android.build.gradle.internal.component.ConsumableCreationConfig            : loaded 3 times (x 72B)
Class com.android.ide.common.workers.WorkerExecutorFacade                             : loaded 3 times (x 72B)
Class com.android.build.gradle.internal.utils.ConsoleProgressIndicatorFactory$IsTerminalSmartValueSource$Inject_: loaded 3 times (x 111B)
Class [Lcom.android.repository.api.SchemaModule;                                      : loaded 3 times (x 71B)
Class com.android.repository.impl.meta.Archive                                        : loaded 3 times (x 86B)
Class com.android.repository.api.Dependency                                           : loaded 3 times (x 79B)
Class com.sun.xml.bind.v2.model.impl.TypeRefImpl                                      : loaded 3 times (x 89B)
Class com.android.build.gradle.internal.scope.BootClasspathBuilder$computeAdditionalAndRequestedOptionalLibraries$3: loaded 3 times (x 79B)
Class com.android.build.gradle.internal.ide.v2.BasicVariantImpl$Companion             : loaded 3 times (x 73B)
Class org.jetbrains.kotlin.gradle.tasks.KotlinCompilerExecutionStrategy               : loaded 3 times (x 81B)
Class com.android.build.gradle.internal.VariantManager                                : loaded 3 times (x 74B)
Class com.android.build.gradle.internal.dsl.ShaderOptions                             : loaded 3 times (x 89B)
Class org.jetbrains.kotlin.gradle.plugin.KotlinPluginWrapper                          : loaded 3 times (x 88B)
Class com.android.build.api.variant.impl.BuiltArtifactsImpl                           : loaded 3 times (x 88B)
Class com.android.build.gradle.internal.ide.v2.BundleInfoImpl                         : loaded 3 times (x 80B)
Class com.google.common.io.ByteArrayDataInput                                         : loaded 3 times (x 72B)
Class com.android.build.gradle.internal.cxx.model.CxxAbiModel                         : loaded 3 times (x 74B)
Class com.android.build.gradle.internal.errors.SyncIssueReporterImpl$GlobalSyncIssueService$Parameters_Decorated: loaded 3 times (x 141B)
Class com.google.protobuf.ProtocolStringList                                          : loaded 3 times (x 72B)
Class com.android.build.gradle.internal.TaskManager$Companion$createTasksBeforeEvaluate$2: loaded 3 times (x 76B)
Class com.android.builder.profile.AnalyticsProfileWriter$Companion                    : loaded 3 times (x 73B)
Class com.android.build.api.variant.impl.ApplicationAndroidResourcesBuilderImpl       : loaded 3 times (x 77B)
Class org.jetbrains.kotlin.gradle.dsl.KaptExtensionConfig                             : loaded 3 times (x 72B)
Class org.jetbrains.kotlin.gradle.plugin.internal.ProjectIsolationStartParameterAccessorKt: loaded 3 times (x 73B)
Class org.jetbrains.kotlin.gradle.plugin.internal.DefaultProjectIsolationStartParameterAccessor_Decorated: loaded 3 times (x 123B)
Class org.jetbrains.kotlin.gradle.tasks.KotlinCompile$ScriptFilterSpec                : loaded 3 times (x 77B)
Class com.android.build.gradle.internal.ide.v2.SourceProviderImpl$Companion           : loaded 3 times (x 73B)
Class com.android.build.gradle.internal.ide.v2.ConvertersKt                           : loaded 3 times (x 73B)
Class com.sun.xml.bind.v2.runtime.FilterTransducer                                    : loaded 3 times (x 90B)
Class com.android.sdklib.repository.generated.addon.v2.ExtraDetailsType               : loaded 3 times (x 87B)
Class com.sun.xml.bind.annotation.XmlLocation                                         : loaded 3 times (x 72B)
Class com.sun.xml.bind.v2.model.annotation.XmlSchemaQuick                             : loaded 3 times (x 97B)
Class com.sun.xml.bind.v2.runtime.JAXBContextImpl$JAXBContextBuilder                  : loaded 3 times (x 88B)
Class com.android.repository.impl.meta.RevisionType                                   : loaded 3 times (x 82B)
Class com.android.sdklib.repository.generated.repository.v1.ObjectFactory             : loaded 3 times (x 81B)
Class com.android.build.gradle.internal.FileExistsValueSource$Params_Decorated        : loaded 3 times (x 132B)
Class com.android.build.api.variant.impl.ArtifactMetadataProcessor                    : loaded 3 times (x 73B)
Class com.android.build.gradle.internal.api.ApkVariantOutputImpl_Decorated            : loaded 3 times (x 178B)
Class com.android.build.gradle.internal.tasks.NdkTask                                 : loaded 3 times (x 342B)
Class com.android.build.gradle.internal.tasks.factory.BootClasspathConfigImpl$filteredBootClasspath$2$3: loaded 3 times (x 133B)
Class com.android.build.gradle.internal.scope.InternalArtifactType$DEVICE_PROVIDER_ANDROID_TEST_ADDITIONAL_OUTPUT: loaded 3 times (x 76B)
Class com.android.build.gradle.internal.AndroidTestTaskManager$createTasks$1          : loaded 3 times (x 77B)
Class com.android.build.gradle.internal.tasks.DexMergingTask$CreationAction$handleProvider$3: loaded 3 times (x 133B)
Class com.android.build.gradle.internal.tasks.MergeArtProfileTask$CreationAction      : loaded 3 times (x 92B)
Class com.android.build.gradle.internal.tasks.creationconfig.JavaPreCompileTaskCreationConfigKt: loaded 3 times (x 73B)
Class com.android.build.gradle.tasks.ProcessMultiApkApplicationManifest               : loaded 3 times (x 347B)
Class com.android.build.gradle.internal.tasks.VariantTask                             : loaded 3 times (x 72B)
Class android.databinding.tool.writer.JavaFileWriter                                  : loaded 3 times (x 76B)
Class com.android.build.gradle.internal.core.dsl.impl.HostTestComponentDslInfoImpl    : loaded 3 times (x 130B)
Class org.jetbrains.kotlin.compose.compiler.gradle.ComposeCompilerGradlePluginExtension$featureFlags$2: loaded 3 times (x 78B)
Class com.android.build.gradle.internal.TaskManager$Companion$createTasksBeforeEvaluate$8: loaded 3 times (x 76B)
Class com.google.wireless.android.sdk.stats.GradleBuildVariant                        : loaded 3 times (x 283B)
Class com.android.build.gradle.internal.dsl.decorator.LockableSet$LockableIterator    : loaded 3 times (x 83B)
Class com.android.builder.model.TestOptions$Execution                                 : loaded 3 times (x 81B)
Class com.android.build.api.dsl.AdbOptions                                            : loaded 3 times (x 72B)
Class com.android.build.gradle.internal.api.DefaultAndroidSourceDirectorySet          : loaded 3 times (x 121B)
Class com.android.build.gradle.internal.core.dsl.impl.VariantDslInfoImpl$namespace$1  : loaded 3 times (x 77B)
Class com.android.build.gradle.internal.dsl.ExternalNativeNdkBuildOptions_Decorated   : loaded 3 times (x 154B)
Class com.google.common.base.CaseFormat$3                                             : loaded 3 times (x 85B)
Class org.objectweb.asm.commons.GeneratorAdapter                                      : loaded 3 times (x 188B)
Class com.android.build.api.artifact.Artifact$Appendable                              : loaded 3 times (x 72B)
Class com.android.build.api.dsl.LibraryKeepRules                                      : loaded 3 times (x 72B)
Class org.jetbrains.kotlin.gradle.targets.android.internal.InternalKotlinTargetPreset : loaded 3 times (x 72B)
Class org.jetbrains.kotlin.gradle.dsl.KotlinSingleTargetExtension                     : loaded 3 times (x 126B)
Class org.jetbrains.kotlin.gradle.internal.properties.NativePropertiesLoader$kotlinNativeVersion$1: loaded 3 times (x 77B)
Class org.jetbrains.kotlin.gradle.plugin.mpp.AbstractKotlinTarget                     : loaded 3 times (x 152B)
Class com.android.build.gradle.internal.AvdComponentsBuildService$Parameters          : loaded 3 times (x 72B)
Class com.android.build.api.artifact.impl.ArtifactTransformationRequestImpl           : loaded 3 times (x 78B)
Class com.android.build.gradle.internal.profile.AnalyticsResourceManager              : loaded 3 times (x 74B)
Class com.google.wireless.android.sdk.stats.GradleBuildProjectOrBuilder               : loaded 3 times (x 72B)
Class com.android.tools.analytics.AnalyticsSettingsData                               : loaded 3 times (x 74B)
Class com.android.build.gradle.internal.lint.LintFromMaven$Companion$from$configuration$1: loaded 3 times (x 76B)
Class com.android.build.gradle.internal.errors.DeprecationReporterImpl$Companion      : loaded 3 times (x 73B)
Class com.android.ide.common.blame.MessageReceiver                                    : loaded 3 times (x 72B)
Class [Lcom.android.build.gradle.options.Option;                                      : loaded 3 times (x 71B)
Class com.google.common.annotations.VisibleForTesting                                 : loaded 3 times (x 72B)
Class com.android.build.api.dsl.Lint                                                  : loaded 3 times (x 72B)
Class com.android.build.gradle.internal.variant.LegacyVariantInputManager             : loaded 3 times (x 99B)
Class com.android.build.api.dsl.DefaultConfig                                         : loaded 3 times (x 72B)
Class com.android.build.gradle.internal.api.LazyAndroidSourceSet                      : loaded 3 times (x 74B)
Class com.android.build.api.dsl.JacocoOptions                                         : loaded 3 times (x 72B)
Class com.google.wireless.android.sdk.stats.GradlePluginData                          : loaded 3 times (x 201B)
Class com.android.build.gradle.internal.cxx.gradle.generator.CxxMetadataGenerator     : loaded 3 times (x 72B)
Class com.android.build.gradle.internal.tasks.GlobalTask                              : loaded 3 times (x 72B)
Class com.android.build.gradle.internal.profile.ProfilingMode                         : loaded 3 times (x 81B)
Class com.android.build.gradle.internal.variant.ApplicationVariantData                : loaded 3 times (x 78B)
Class com.google.wireless.android.sdk.stats.GradleTransformExecution                  : loaded 3 times (x 202B)
Class com.android.build.api.variant.impl.ApplicationVariantImpl_Decorated             : loaded 3 times (x 695B)
Class com.android.build.gradle.internal.tasks.StripDebugSymbolsTask$CreationAction    : loaded 3 times (x 92B)
Class com.android.build.gradle.internal.scope.InternalArtifactType$COMPILE_MANIFEST_JAR: loaded 3 times (x 76B)
Class com.android.build.gradle.tasks.ProcessApplicationManifest$CreationAction        : loaded 3 times (x 92B)
Class com.android.build.gradle.internal.res.LinkAndroidResForBundleTask$CreationAction$handleProvider$1: loaded 3 times (x 133B)
Class com.android.build.gradle.internal.scope.InternalArtifactType$MERGED_NATIVE_LIBS_BLAME: loaded 3 times (x 76B)
Class com.android.build.gradle.tasks.JavaPreCompileTask                               : loaded 3 times (x 337B)
Class com.android.build.gradle.internal.scope.InternalArtifactType$GENERATED_RES      : loaded 3 times (x 76B)
Class org.jetbrains.kotlin.gradle.plugin.mpp.KotlinCompilationsKt$addSourcesToKotlinCompileTask$configureAction$2: loaded 3 times (x 81B)
Class com.sun.xml.bind.v2.runtime.unmarshaller.DefaultIDResolver                      : loaded 3 times (x 78B)
Class com.android.repository.impl.generated.v2.PatchType                              : loaded 3 times (x 90B)
Class javax.xml.bind.annotation.XmlID                                                 : loaded 3 times (x 72B)
Class com.android.repository.impl.meta.TypeDetails                                    : loaded 3 times (x 77B)
Class com.sun.xml.bind.v2.model.impl.RuntimeArrayInfoImpl                             : loaded 3 times (x 109B)
Class com.android.sdklib.repository.generated.common.v1.IdDisplayType                 : loaded 3 times (x 85B)
Class com.android.sdklib.repository.generated.addon.v4.LibrariesType                  : loaded 3 times (x 77B)
Class com.android.build.gradle.api.ApkVariantOutput                                   : loaded 3 times (x 72B)
Class com.android.build.gradle.internal.tasks.factory.BootClasspathConfigImpl$filteredBootClasspath$2$4: loaded 3 times (x 133B)
Class com.android.build.gradle.internal.dependency.ExtractNavigationXmlTransform      : loaded 3 times (x 80B)
Class com.android.build.gradle.internal.dependency.IdentityTransform$Parameters       : loaded 3 times (x 72B)
Class com.android.build.gradle.internal.attribution.CheckJetifierBuildService$RegistrationAction: loaded 3 times (x 76B)
Class com.android.ide.common.workers.ExecutorServiceAdapter                           : loaded 3 times (x 89B)
Class com.android.build.gradle.internal.tasks.MergeArtProfileTask                     : loaded 3 times (x 341B)
Class com.android.build.gradle.tasks.PackageApplication$Companion                     : loaded 3 times (x 73B)
Class com.android.build.api.variant.impl.SigningConfigImpl$enableV2Signing$1          : loaded 3 times (x 77B)
Class org.jetbrains.kotlin.compose.compiler.gradle.internal.ComposeWithAgpConfig$AgpVersionProvider: loaded 3 times (x 72B)
Class org.jetbrains.kotlin.gradle.plugin.mpp.compilationImpl.KotlinCompilationTaskNamesContainer: loaded 3 times (x 74B)
Class org.jetbrains.kotlin.gradle.plugin.LanguageSettingsBuilder                      : loaded 3 times (x 72B)
Class org.jetbrains.kotlin.gradle.plugin.mpp.compilationImpl.factory.KotlinCompilationImplFactory$KotlinCompilerOptionsFactory: loaded 3 times (x 72B)
Class com.android.build.gradle.internal.dependency.VariantDependencies$Companion$getComponentFilter$3: loaded 3 times (x 76B)
Class com.android.build.gradle.internal.tasks.AndroidVariantTask                      : loaded 3 times (x 334B)
Class com.android.build.gradle.tasks.ExtractDeepLinksTask$CreationAction              : loaded 3 times (x 95B)
Class com.android.build.gradle.internal.tasks.CheckDynamicFeatureVariantsTask$CreationAction: loaded 3 times (x 92B)
Class com.android.build.gradle.internal.component.features.ShadersCreationConfig      : loaded 3 times (x 72B)
Class com.android.build.gradle.internal.VariantManager$createVariant$pathHelper$1     : loaded 3 times (x 131B)
Class com.android.build.gradle.internal.core.dsl.features.DexingDslInfo               : loaded 3 times (x 72B)
Class com.android.build.gradle.internal.TaskManager$Companion$createTasksBeforeEvaluate$9: loaded 3 times (x 76B)
Class com.android.build.api.extension.impl.VariantSelectorImpl                        : loaded 3 times (x 94B)
Class com.android.build.api.dsl.TestFixtures                                          : loaded 3 times (x 72B)
Class com.android.build.gradle.internal.VariantDimensionData                          : loaded 3 times (x 74B)
Class com.google.common.base.CaseFormat$4                                             : loaded 3 times (x 85B)
Class com.android.build.api.dsl.Shaders                                               : loaded 3 times (x 72B)
Class com.android.build.api.artifact.Artifact$Multiple                                : loaded 3 times (x 76B)
Class org.jetbrains.kotlin.compilerRunner.CompilerSystemPropertiesService$Parameters_Decorated: loaded 3 times (x 132B)
Class com.google.protobuf.ExtensionRegistry                                           : loaded 3 times (x 89B)
Class com.android.build.gradle.internal.profile.AnalyticsConfiguratorService          : loaded 3 times (x 84B)
Class com.android.build.gradle.internal.services.RunOnceBuildServiceImpl              : loaded 3 times (x 84B)
Class com.android.build.gradle.internal.component.BuiltInKotlinCreationConfig         : loaded 3 times (x 72B)
Class org.jetbrains.kotlin.compilerRunner.CompilerSystemPropertiesService$Companion$registerIfAbsent$1: loaded 3 times (x 77B)
Class org.jetbrains.kotlin.gradle.plugin.mpp.compilationImpl.KotlinAndroidCompilationAssociator: loaded 3 times (x 76B)
Class org.jetbrains.kotlin.gradle.plugin.diagnostics.UsesKotlinToolingDiagnosticsParameters: loaded 3 times (x 72B)
Class com.android.build.gradle.internal.tasks.PackageBundleTask$CreationAction        : loaded 3 times (x 92B)
Class com.android.build.gradle.internal.api.BaseVariantImpl                           : loaded 3 times (x 217B)
Class com.android.build.gradle.internal.FileExistsValueSource$Params$Inject_          : loaded 3 times (x 108B)
Class com.android.sdklib.repository.generated.repository.v3.package-info              : loaded 3 times (x 72B)
Class javax.xml.bind.annotation.XmlAttribute                                          : loaded 3 times (x 72B)
Class kotlin.collections.ArraysKt___ArraysJvmKt                                       : loaded 3 times (x 73B)
Class kotlin.collections.CollectionsKt__CollectionsKt                                 : loaded 3 times (x 73B)
Class kotlin.text.StringsKt__RegexExtensionsJVMKt                                     : loaded 3 times (x 73B)
Class [Lcom.sun.xml.bind.v2.model.core.ID;                                            : loaded 3 times (x 71B)
Class com.android.repository.impl.generated.v1.PatchesType                            : loaded 3 times (x 77B)
Class com.android.build.gradle.internal.scope.BootClasspathBuilder$computeAdditionalAndRequestedOptionalLibraries$2: loaded 3 times (x 82B)
Class org.jetbrains.kotlin.gradle.plugin.diagnostics.ToolingDiagnosticRenderingOptions: loaded 3 times (x 74B)
Class [Lcom.android.ide.common.caching.CreatingCache$State;                           : loaded 3 times (x 71B)
Class com.android.build.gradle.internal.dependency.GenericTransformParameters$Inject_ : loaded 3 times (x 108B)
Class com.android.build.gradle.internal.tasks.BundleToApkTask_Decorated               : loaded 3 times (x 388B)
Class com.google.common.io.ByteStreams                                                : loaded 3 times (x 73B)
Class [Lorg.jetbrains.kotlin.gradle.dsl.KotlinVersion;                                : loaded 3 times (x 71B)
Class org.jetbrains.kotlin.gradle.tasks.K2MultiplatformStructure$Fragment             : loaded 3 times (x 74B)
Class org.jetbrains.kotlin.gradle.tasks.KotlinCompile$scriptExtensions$1              : loaded 3 times (x 81B)
Class org.jetbrains.kotlin.gradle.tasks.configuration.BaseKotlinCompileConfig$1$1$1   : loaded 3 times (x 77B)
Class com.android.build.gradle.internal.ide.v2.ApiVersionImpl                         : loaded 3 times (x 78B)
Class com.google.wireless.android.sdk.stats.AndroidStudioEvent$Builder                : loaded 3 times (x 1084B)
Class com.android.build.gradle.internal.ide.dependencies.LibraryCache                 : loaded 3 times (x 72B)
Class org.jetbrains.kotlin.gradle.plugin.KotlinTargetWithTests                        : loaded 3 times (x 72B)
Class org.jetbrains.kotlin.gradle.plugin.KotlinCompilerArgumentsProducer$ArgumentType : loaded 3 times (x 81B)
Class com.android.build.gradle.internal.plugins.TestPlugin                            : loaded 3 times (x 99B)
Class org.jetbrains.kotlin.gradle.tasks.KotlinJavaToolchain$JdkSetter                 : loaded 3 times (x 72B)
Class javax.xml.bind.annotation.XmlAnyElement                                         : loaded 3 times (x 72B)
Class com.android.repository.impl.generated.v2.RevisionType                           : loaded 3 times (x 84B)
Class com.android.repository.impl.generated.v2.ObjectFactory                          : loaded 3 times (x 110B)
Class com.android.sdklib.repository.meta.DetailsTypes$AddonDetailsType$Libraries      : loaded 3 times (x 74B)
Class com.android.build.gradle.internal.SdkComponentsBuildService$VersionedSdkLoader$coreLambdaStubsProvider$1: loaded 3 times (x 77B)
Class com.android.build.gradle.internal.scope.InternalArtifactType$VARIANT_TEST_RESULTS: loaded 3 times (x 76B)
Class com.android.build.gradle.internal.tasks.factory.BootClasspathConfigImpl$filteredBootClasspath$2$5: loaded 3 times (x 133B)
Class com.android.build.gradle.internal.dependency.AarToClassTransform$Params_Decorated: loaded 3 times (x 135B)
Class com.android.build.api.variant.impl.LayeredSourceDirectoriesImpl$static$1        : loaded 3 times (x 76B)
Class com.android.build.gradle.internal.dependency.SubtractingArtifactCollection$SubtractingArtifactResult: loaded 3 times (x 74B)
Class com.android.build.gradle.internal.tasks.AppMetadataTask$CreationAction          : loaded 3 times (x 92B)
Class com.android.build.gradle.internal.tasks.MergeJavaResourceTask$CreationAction    : loaded 3 times (x 92B)
Class org.jetbrains.kotlin.gradle.plugin.KotlinBaseApiPlugin$registerKotlinJvmCompileTask$3: loaded 3 times (x 77B)
Class com.android.build.gradle.tasks.ProcessManifestForBundleTask$CreationAction$handleProvider$1: loaded 3 times (x 133B)
Class com.android.build.gradle.internal.dependency.VariantDependencies$Companion$getComponentFilter$4: loaded 3 times (x 76B)
Class com.android.build.gradle.internal.component.features.ManifestPlaceholdersCreationConfig: loaded 3 times (x 72B)
Class com.android.build.gradle.internal.VariantManager$createVariant$pathHelper$2     : loaded 3 times (x 131B)
Class com.android.build.gradle.internal.core.dsl.features.BuildConfigDslInfo          : loaded 3 times (x 72B)
Class com.android.build.gradle.internal.tasks.factory.TaskConfigurationActions        : loaded 3 times (x 77B)
Class com.android.build.gradle.internal.VariantManager$Companion                      : loaded 3 times (x 73B)
Class com.android.build.gradle.internal.packaging.PackagingOptionsUtilsKt             : loaded 3 times (x 73B)
Class com.google.common.base.CaseFormat$5                                             : loaded 3 times (x 85B)
Class com.android.builder.model.ClassField                                            : loaded 3 times (x 72B)
Class com.android.build.api.dsl.DataBinding                                           : loaded 3 times (x 72B)
Class org.jetbrains.kotlin.gradle.plugin.mpp.KotlinUsages$KotlinCinteropDisambiguation: loaded 3 times (x 78B)
Class org.jetbrains.kotlin.gradle.report.BuildReportType$Companion                    : loaded 3 times (x 73B)
Class org.jetbrains.kotlin.gradle.plugin.KotlinPluginInMultipleProjectsHolder         : loaded 3 times (x 74B)
Class com.google.protobuf.InvalidProtocolBufferException$InvalidWireTypeException     : loaded 3 times (x 89B)
Class com.android.build.gradle.internal.tasks.DexArchiveBuilderTask$CreationAction    : loaded 3 times (x 95B)
Class com.google.protobuf.Internal$BooleanList                                        : loaded 3 times (x 72B)
Class com.google.protobuf.Internal$FloatList                                          : loaded 3 times (x 72B)
Class com.google.protobuf.MessageLiteOrBuilder                                        : loaded 3 times (x 72B)
Class com.android.build.gradle.internal.scope.InternalArtifactType$EXTERNAL_LIBS_DEX_ARCHIVE: loaded 3 times (x 76B)
Class org.gradle.accessors.dm.LibrariesForLibs$AndroidxComposeLibraryAccessors        : loaded 3 times (x 81B)
Class com.android.build.gradle.options.Option$Status$Deprecated                       : loaded 3 times (x 74B)
Class com.android.build.api.variant.impl.SigningConfigImpl$configProvider$1           : loaded 3 times (x 77B)
Class com.android.build.gradle.internal.tasks.FinalizeBundleTask$CreationAction       : loaded 3 times (x 92B)
Class com.android.build.gradle.internal.LoggerWrapper                                 : loaded 3 times (x 88B)
Class com.android.tools.analytics.AnalyticsLevel                                      : loaded 3 times (x 81B)
Class com.android.build.gradle.internal.core.dsl.impl.DslInfoUtilsKt$getInstrumentationRunner$1: loaded 3 times (x 77B)
Class com.android.tools.analytics.HostData                                            : loaded 3 times (x 73B)
Class com.google.protobuf.CodedInputStream$ArrayDecoder                               : loaded 3 times (x 121B)
Class [Lcom.google.protobuf.Internal$EnumLite;                                        : loaded 3 times (x 71B)
Class com.android.build.gradle.internal.tasks.MergeJavaResourceTask$Companion         : loaded 3 times (x 73B)
Class org.jetbrains.kotlin.gradle.plugin.KotlinJvmFactory                             : loaded 3 times (x 72B)
Class org.jetbrains.kotlin.gradle.plugin.mpp.InternalKotlinCompilation                : loaded 3 times (x 72B)
Class org.jetbrains.kotlin.gradle.plugin.KotlinPluginWrapperKt                        : loaded 3 times (x 73B)
Class org.jetbrains.kotlin.gradle.fus.BuildUidService                                 : loaded 3 times (x 82B)
Class org.jetbrains.kotlin.gradle.plugin.internal.MavenPublicationComponentAccessor   : loaded 3 times (x 72B)
Class org.jetbrains.kotlin.gradle.plugin.AbstractKotlinJsPluginWrapper                : loaded 3 times (x 88B)
Class com.android.build.api.dsl.KeepRules                                             : loaded 3 times (x 72B)
Class com.android.build.gradle.internal.dsl.ExternalNativeBuildOptions                : loaded 3 times (x 95B)
Class [Lcom.android.build.api.variant.impl.SourceType;                                : loaded 3 times (x 71B)
Class com.google.wireless.android.sdk.stats.GradleBuildProjectMetricsOrBuilder        : loaded 3 times (x 72B)
Class com.android.build.api.variant.impl.VariantApiExtensionsKt                       : loaded 3 times (x 73B)
Class com.sun.xml.bind.v2.runtime.reflect.PrimitiveArrayListerInteger                 : loaded 3 times (x 78B)
Class com.android.sdklib.repository.generated.repository.v2.SourceDetailsType         : loaded 3 times (x 122B)
Class com.sun.xml.bind.v2.runtime.IllegalAnnotationsException$Builder                 : loaded 3 times (x 79B)
Class com.sun.xml.bind.v2.model.annotation.RuntimeAnnotationReader                    : loaded 3 times (x 72B)
Class javax.xml.bind.annotation.XmlNs                                                 : loaded 3 times (x 72B)
Class com.android.build.gradle.internal.SdkLocator$SdkLocationSource$INJECTED_SDK_HOME: loaded 3 times (x 82B)
Class org.jetbrains.kotlin.gradle.targets.native.internal.KotlinNativePlatformDependenciesKt: loaded 3 times (x 73B)
Class com.android.build.gradle.internal.tasks.SdkDependencyDataGeneratorTask          : loaded 3 times (x 338B)
Class com.android.build.gradle.internal.tasks.BundleReportDependenciesTask$CreationAction$handleProvider$1: loaded 3 times (x 133B)
Class com.android.build.gradle.internal.tasks.GlobalSyntheticsMergeTask$CreationAction: loaded 3 times (x 92B)
Class com.android.build.gradle.internal.tasks.BundleIdeModelProducerTask$CreationAction: loaded 3 times (x 92B)
Class com.android.build.gradle.internal.TaskManager$createPackagingTask$configureResourcesAndAssetsDependencies$1: loaded 3 times (x 77B)
Class com.android.build.gradle.internal.scope.InternalArtifactType$ORIGINAL_MERGED_JAVA_RES: loaded 3 times (x 76B)
Class com.android.build.gradle.internal.tasks.factory.TaskFactoryUtils$dependsOn$7    : loaded 3 times (x 77B)
Class org.jetbrains.kotlin.gradle.plugin.sources.FragmentConsistencyChecks$optInAnnotationsCheck$1: loaded 3 times (x 81B)
Class org.jetbrains.kotlin.gradle.plugin.mpp.compilationImpl.DefaultKotlinCompilationFriendPathsResolver$CompositeFriendArtifactResolver: loaded 3 times (x 77B)
Class com.android.build.api.artifact.impl.TaskBasedOperationImpl                      : loaded 3 times (x 86B)
Class com.android.build.api.component.impl.MutableMapBackedUpWithMapProperty          : loaded 3 times (x 126B)
Class com.android.build.api.variant.impl.DependenciesInfoBuilderImpl                  : loaded 3 times (x 92B)
Class com.android.build.gradle.internal.core.dsl.impl.TestedVariantDslInfoImpl        : loaded 3 times (x 153B)
Class com.android.build.gradle.internal.manifest.ManifestDataProvider                 : loaded 3 times (x 72B)
Class com.android.build.gradle.internal.dsl.ComposeOptionsImpl                        : loaded 3 times (x 84B)
Class com.android.build.api.dsl.TestCoverage                                          : loaded 3 times (x 72B)
Class com.android.build.api.variant.impl.DirectoryEntry                               : loaded 3 times (x 72B)
Class com.android.build.gradle.internal.dsl.AaptOptions                               : loaded 3 times (x 117B)
Class com.android.build.api.dsl.BaselineProfile                                       : loaded 3 times (x 72B)
Class org.bouncycastle.jcajce.provider.config.ConfigurableProvider                    : loaded 3 times (x 72B)
Class com.android.build.api.dsl.DynamicFeatureBaseFlavor                              : loaded 3 times (x 72B)
Class com.android.builder.core.ComponentTypeImpl                                      : loaded 3 times (x 106B)
Class [Lorg.jetbrains.kotlin.gradle.dsl.JvmTarget;                                    : loaded 3 times (x 71B)
Class org.jetbrains.kotlin.gradle.plugin.mpp.KotlinUsages$KotlinMetadataCompatibility : loaded 3 times (x 78B)
Class org.jetbrains.kotlin.gradle.internal.properties.PropertiesBuildService$property$1$1: loaded 3 times (x 77B)
Class org.jetbrains.kotlin.gradle.utils.ConfigurationsKt$maybeCreateResolvable$1      : loaded 3 times (x 80B)
Class org.jetbrains.kotlin.tooling.core.Extras$Type                                   : loaded 3 times (x 74B)
Class org.jetbrains.kotlin.gradle.plugin.mpp.AbstractKotlinCompilationToRunnableFiles : loaded 3 times (x 198B)
Class com.android.build.gradle.internal.services.Aapt2DaemonBuildService$Parameters_Decorated: loaded 3 times (x 129B)
Class com.android.build.gradle.internal.DependencyConfigurator$configureGeneralTransforms$3: loaded 3 times (x 77B)
Class com.android.build.gradle.internal.res.Aapt2FromMaven$Companion$Aapt2Extractor   : loaded 3 times (x 80B)
Class com.android.build.gradle.tasks.ExternalNativeBuildTask                          : loaded 3 times (x 337B)
Class com.android.build.api.variant.HasAndroidTestBuilder                             : loaded 3 times (x 72B)
Class com.android.build.gradle.internal.ide.v2.NativeModelBuilder_Decorated           : loaded 3 times (x 131B)
Class com.android.build.gradle.internal.services.VariantServicesImpl                  : loaded 3 times (x 116B)
Class com.android.build.gradle.internal.utils.GuavaKtxKt                              : loaded 3 times (x 73B)
Class com.android.build.api.variant.impl.HasHostTestsCreationConfig                   : loaded 3 times (x 72B)
Class com.android.build.gradle.internal.component.features.InstrumentationCreationConfig: loaded 3 times (x 72B)
Class com.android.build.api.variant.impl.VariantOutputConfigurationImpl               : loaded 3 times (x 78B)
Class kotlin.jvm.internal.FunctionReference                                           : loaded 3 times (x 124B)
Class kotlin.jvm.internal.FunctionBase                                                : loaded 3 times (x 72B)
Class [Lcom.android.build.gradle.internal.publishing.AndroidArtifacts$ArtifactType;   : loaded 3 times (x 71B)
Class com.android.build.gradle.internal.tasks.ApplicationIdWriterTask                 : loaded 3 times (x 337B)
Class com.android.build.api.component.impl.OldVariantApiLegacySupportImpl$JavaCompileOptionsForOldVariantAPI: loaded 3 times (x 77B)
Class com.android.build.gradle.internal.res.LinkAndroidResForBundleTask               : loaded 3 times (x 352B)
Class kotlin.enums.EnumEntriesList                                                    : loaded 3 times (x 225B)
Class org.jetbrains.kotlin.gradle.plugin.diagnostics.UsesKotlinToolingDiagnosticsKt   : loaded 3 times (x 73B)
Class com.android.build.gradle.internal.tasks.GlobalSyntheticsGeneratorTask           : loaded 3 times (x 338B)
Class com.android.build.gradle.internal.scope.InternalArtifactType$GLOBAL_SYNTHETICS_PROJECT: loaded 3 times (x 76B)
Class com.android.build.gradle.internal.tasks.creationconfig.ProcessTestManifestCreationConfigKt$forTestComponent$2: loaded 3 times (x 146B)
Class com.android.build.FilterData                                                    : loaded 3 times (x 72B)
Class com.android.build.api.component.impl.DefaultSourcesProvider                     : loaded 3 times (x 72B)
Class com.android.builder.compiling.BuildConfigType                                   : loaded 3 times (x 81B)
Class com.android.sdklib.repository.legacy.remote.internal.DownloadCache$Strategy     : loaded 3 times (x 81B)
Class com.android.build.gradle.internal.dependency.MockableJarTransform$Inject_1      : loaded 3 times (x 111B)
Class com.android.build.gradle.internal.dependency.AarResourcesCompilerTransform      : loaded 3 times (x 80B)
Class com.android.build.gradle.internal.dependency.ClassesDirToClassesTransform       : loaded 3 times (x 80B)
Class com.android.build.gradle.internal.DependencyConfigurator$configureVariantTransforms$3$2: loaded 3 times (x 77B)
Class [Lcom.android.build.gradle.internal.dependency.DexingOutputSplitTransform$DexOutput;: loaded 3 times (x 71B)
Class com.android.build.gradle.internal.scope.InternalArtifactType$UNIT_TEST_LINT_PARTIAL_RESULTS: loaded 3 times (x 76B)
Class com.android.build.gradle.internal.publishing.KotlinMultiplatformVariantSpecBuilder: loaded 3 times (x 92B)
Class com.sun.xml.bind.v2.runtime.unmarshaller.ProxyLoader                            : loaded 3 times (x 80B)
Class com.sun.xml.bind.v2.model.core.ArrayInfo                                        : loaded 3 times (x 72B)
Class com.android.repository.impl.generated.generic.v1.package-info                   : loaded 3 times (x 72B)
Class com.android.repository.impl.generated.v2.ChannelType                            : loaded 3 times (x 85B)
Class com.android.sdklib.repository.generated.common.v2.package-info                  : loaded 3 times (x 72B)
Class com.android.build.gradle.internal.SdkLocator$SdkLocationSource$LOCAL_SDK_DIR    : loaded 3 times (x 82B)
Class com.android.build.gradle.internal.utils.ConsoleProgressIndicatorFactory         : loaded 3 times (x 74B)
Class com.android.build.gradle.internal.publishing.VariantSpecBuilderImpl             : loaded 3 times (x 92B)
Class com.android.build.gradle.internal.utils.D8BackportedMethodsGenerator$Inject_1   : loaded 3 times (x 111B)
Class com.android.build.gradle.internal.dependency.RecalculateStackFramesTransform$Companion: loaded 3 times (x 73B)
Class com.android.build.gradle.internal.dependency.CollectResourceSymbolsTransform    : loaded 3 times (x 80B)
Class com.android.build.gradle.internal.tasks.SdkDependencyDataGeneratorTask$CreationAction$handleProvider$1: loaded 3 times (x 133B)
Class com.android.build.gradle.internal.tasks.UninstallTask$CreationAction            : loaded 3 times (x 93B)
Class com.android.build.gradle.internal.tasks.InstallVariantTask$CreationAction       : loaded 3 times (x 93B)
Class com.android.build.gradle.internal.scope.InternalArtifactType$NATIVE_DEBUG_METADATA: loaded 3 times (x 76B)
Class org.jetbrains.kotlin.gradle.plugin.sources.FragmentConsistencyChecks$optInAnnotationsCheck$2: loaded 3 times (x 80B)
Class com.android.build.api.artifact.MultipleArtifact$PRE_COMPILATION_CLASSES         : loaded 3 times (x 76B)
Class com.android.build.gradle.tasks.ManifestProcessor                                : loaded 3 times (x 72B)
Class com.android.build.api.artifact.Artifact$Transformable                           : loaded 3 times (x 72B)
Class com.android.build.gradle.internal.TaskManager$createCompileAnchorTask$1         : loaded 3 times (x 76B)
Class com.android.build.gradle.internal.TaskManager$AbstractPreBuildCreationAction    : loaded 3 times (x 93B)
Class com.android.build.gradle.internal.component.DeviceTestCreationConfig            : loaded 3 times (x 72B)
Class com.android.build.gradle.internal.testsuites.impl.TestSuiteBuilderImpl$Companion: loaded 3 times (x 73B)
Class com.android.build.gradle.internal.dsl.CompileSdkSpecImpl$AgpDecorated           : loaded 3 times (x 95B)
Class com.android.buildanalyzer.common.TaskCategory                                   : loaded 3 times (x 81B)
Class com.android.build.gradle.internal.tasks.UsesAnalytics                           : loaded 3 times (x 72B)
Class com.android.build.gradle.internal.tasks.SigningConfigUtils                      : loaded 3 times (x 73B)
Class com.android.build.gradle.internal.dsl.BundleOptionsDeviceTier$AgpDecorated      : loaded 3 times (x 87B)
Class com.android.build.gradle.internal.dsl.EmulatorControl$AgpDecorated_Decorated    : loaded 3 times (x 135B)
Class com.android.build.gradle.internal.dsl.BaselineProfileImpl$AgpDecorated          : loaded 3 times (x 86B)
Class com.android.build.gradle.internal.dsl.decorator.DslDecorator$CollectingInfoVisitor: loaded 3 times (x 77B)
Class com.android.build.gradle.internal.dsl.decorator.DslDecorator$Companion          : loaded 3 times (x 73B)
Class com.android.build.api.dsl.AnnotationProcessorOptions                            : loaded 3 times (x 72B)
Class com.android.builder.model.BuildType                                             : loaded 3 times (x 72B)
Class org.jetbrains.kotlin.gradle.plugin.statistics.BuildFusServiceKt                 : loaded 3 times (x 73B)
Class org.jetbrains.kotlin.gradle.plugin.BuildFinishedListenerService$Companion       : loaded 3 times (x 73B)
Class org.jetbrains.kotlin.gradle.plugin.BuildFinishedListenerService                 : loaded 3 times (x 82B)
Class org.jetbrains.kotlin.gradle.plugin.KotlinBaseApiPlugin$kotlinExtension$2        : loaded 3 times (x 81B)
Class com.sun.xml.bind.v2.runtime.JAXBContextImpl$1                                   : loaded 3 times (x 80B)
Class com.android.build.gradle.internal.AvdComponentsBuildService$Parameters_Decorated: loaded 3 times (x 159B)
Class com.android.build.gradle.internal.plugins.BasePlugin$configureProject$1         : loaded 3 times (x 77B)
Class com.android.build.gradle.internal.services.StringCachingBuildService$RegistrationAction: loaded 3 times (x 76B)
Class com.sun.xml.bind.v2.model.impl.TypeInfoImpl                                     : loaded 3 times (x 87B)
Class com.google.protobuf.AbstractParser                                              : loaded 3 times (x 152B)
Class com.google.common.collect.AbstractBiMap$Inverse                                 : loaded 3 times (x 164B)
Class com.android.build.gradle.options.IntegerOption                                  : loaded 3 times (x 87B)
Class com.android.sdklib.repository.generated.addon.v4.ExtraDetailsType               : loaded 3 times (x 87B)
Class com.android.build.gradle.internal.core.dsl.ComponentDslInfo                     : loaded 3 times (x 72B)
Class com.android.build.api.variant.AndroidComponents                                 : loaded 3 times (x 72B)
Class com.android.build.gradle.internal.plugins.BasePlugin                            : loaded 3 times (x 96B)
Class org.gradle.accessors.dm.LibrariesForLibs$AndroidxLifecycleRuntimeLibraryAccessors: loaded 3 times (x 79B)
Class [Ljavax.xml.bind.annotation.XmlNs;                                              : loaded 3 times (x 71B)
Class com.android.repository.impl.generated.v2.RepositoryType                         : loaded 3 times (x 88B)
Class com.android.build.gradle.internal.scope.BootClasspathBuilder$computeAdditionalAndRequestedOptionalLibraries$1: loaded 3 times (x 81B)
Class org.jetbrains.kotlin.build.report.metrics.GcMetrics                             : loaded 3 times (x 74B)
Class org.jetbrains.kotlin.gradle.tasks.DefaultKotlinJavaToolchain$getToolsJarFromJvm$1: loaded 3 times (x 77B)
Class org.objectweb.asm.ClassReader                                                   : loaded 3 times (x 96B)
Class com.android.build.gradle.internal.ide.v2.VectorDrawableOptionsImpl              : loaded 3 times (x 78B)
Class kotlin.comparisons.ComparisonsKt___ComparisonsJvmKt                             : loaded 3 times (x 73B)
Class kotlin.collections.CollectionsKt__IteratorsJVMKt                                : loaded 3 times (x 73B)
Class com.android.sdklib.repository.generated.sysimg.v4.SysImgDetailsType             : loaded 3 times (x 146B)
Class com.android.build.gradle.internal.dependency.VariantDependencies$Companion$getComponentFilter$2$1: loaded 3 times (x 77B)
Class com.sun.xml.bind.v2.runtime.property.Utils$1                                    : loaded 3 times (x 79B)
Class org.jetbrains.kotlin.gradle.plugin.PropertiesProvider$kotlinCompilerArgumentsLogLevel$1: loaded 3 times (x 76B)
Class com.android.build.gradle.internal.feature.BundleAllClasses_Decorated            : loaded 3 times (x 387B)
Class com.android.build.gradle.internal.ide.v2.VariantImpl$Companion                  : loaded 3 times (x 73B)
Class com.android.build.gradle.internal.ide.dependencies.VariantKey                   : loaded 3 times (x 74B)
Class com.android.build.gradle.internal.api.UnitTestVariantImpl                       : loaded 3 times (x 221B)
Class org.gradle.accessors.dm.LibrariesForLibsInPluginsBlock$BundleAccessors          : loaded 3 times (x 75B)
Class com.android.build.gradle.internal.dsl.InternalCommonExtension                   : loaded 3 times (x 72B)
Class com.android.build.gradle.internal.dependency.AgpVersionCompatibilityRule        : loaded 3 times (x 78B)
Class kotlinx.coroutines.flow.StateFlowKt                                             : loaded 3 times (x 73B)
Class org.jetbrains.kotlin.gradle.tasks.AbstractKotlinCompileTool$sources$1           : loaded 3 times (x 81B)
Class com.android.build.gradle.tasks.JdkImageInput$generatedModuleFile$1              : loaded 3 times (x 76B)
Class com.sun.xml.bind.v2.runtime.reflect.PrimitiveArrayListerShort                   : loaded 3 times (x 78B)
Class com.sun.xml.bind.v2.runtime.reflect.NullSafeAccessor                            : loaded 3 times (x 87B)
Class com.sun.xml.bind.v2.runtime.property.AttributeProperty                          : loaded 3 times (x 107B)
Class com.sun.xml.bind.v2.model.annotation.LocatableAnnotation                        : loaded 3 times (x 87B)
Class com.android.repository.api.License                                              : loaded 3 times (x 87B)
Class com.android.sdklib.repository.generated.addon.v2.package-info                   : loaded 3 times (x 72B)
Class [Lcom.android.tools.utp.gradle.api.UtpDependency;                               : loaded 3 times (x 71B)
Class com.android.build.gradle.internal.tasks.SdkDependencyDataGeneratorTask$CreationAction$handleProvider$2: loaded 3 times (x 133B)
Class com.android.build.gradle.internal.tasks.BaseTask$CreationAction                 : loaded 3 times (x 92B)
Class com.android.build.gradle.internal.cxx.logging.PassThroughRecordingLoggingEnvironment: loaded 3 times (x 85B)
Class com.android.build.gradle.internal.tasks.DexArchiveBuilderTask$CreationAction$handleProvider$6: loaded 3 times (x 133B)
Class org.jetbrains.kotlin.gradle.plugin.mpp.compilationImpl.factory.DefaultKotlinCompilationOutputFactory: loaded 3 times (x 76B)
Class org.jetbrains.kotlin.gradle.tasks.configuration.TaskConfigAction                : loaded 3 times (x 74B)
Class com.android.build.api.artifact.impl.MultipleArtifactContainer                   : loaded 3 times (x 77B)
Class com.android.build.api.variant.impl.JniLibsPackagingImpl$keepDebugSymbols$1      : loaded 3 times (x 77B)
Class com.android.build.gradle.internal.dependency.ProvidedClasspathSubtractor$getFileCollection$1: loaded 3 times (x 77B)
Class com.android.build.gradle.internal.variant.VariantPathHelper$Companion           : loaded 3 times (x 73B)
Class com.android.build.gradle.internal.attributes.VariantAttr$Companion              : loaded 3 times (x 73B)
Class com.android.build.gradle.internal.services.VariantServices                      : loaded 3 times (x 72B)
Class com.android.build.gradle.internal.CompileOptions$Companion                      : loaded 3 times (x 73B)
Class com.android.build.gradle.internal.dsl.decorator.ApplicationInstallationImpl$AgpDecorated: loaded 3 times (x 101B)
Class com.android.builder.core.DefaultVectorDrawablesOptions                          : loaded 3 times (x 82B)
Class com.android.build.gradle.internal.dsl.BaselineProfileImpl                       : loaded 3 times (x 81B)
Class com.android.build.gradle.internal.dsl.ExternalNativeBuild                       : loaded 3 times (x 93B)
Class com.android.build.gradle.internal.dsl.decorator.LockableMap                     : loaded 3 times (x 129B)
Class com.android.build.gradle.internal.dsl.BuildType                                 : loaded 3 times (x 370B)
Class org.jetbrains.kotlin.gradle.plugin.KotlinSourceSetTree                          : loaded 3 times (x 74B)
Class org.jetbrains.kotlin.gradle.plugin.sources.KotlinSourceSetFactory               : loaded 3 times (x 82B)
Class org.jetbrains.kotlin.gradle.targets.native.toolchain.KotlinNativeBundleBuildService$Parameters_Decorated: loaded 3 times (x 141B)
Class org.jetbrains.kotlin.gradle.internal.ClassLoadersCachingBuildService$Companion  : loaded 3 times (x 73B)
Class org.jetbrains.kotlin.gradle.internal.IdeaKt$isInIdeaSync$1                      : loaded 3 times (x 76B)
Class com.android.build.gradle.internal.plugins.BasePlugin$configureProject$2         : loaded 3 times (x 77B)
Class com.google.wireless.android.sdk.stats.JavaProcessStats$1                        : loaded 3 times (x 153B)
Class com.android.build.gradle.internal.tasks.ApkZipPackagingTask                     : loaded 3 times (x 338B)
Class com.google.protobuf.GeneratedMessage$GeneratedExtension                         : loaded 3 times (x 89B)
Class com.android.build.gradle.internal.profile.AnalyticsConfiguratorService$Params_Decorated: loaded 3 times (x 132B)
Class com.android.build.gradle.internal.scope.InternalArtifactType$DESUGAR_GRAPH      : loaded 3 times (x 76B)
Class com.google.gson.JsonSerializer                                                  : loaded 3 times (x 72B)
Class [Lcom.android.ide.common.blame.Message$Kind;                                    : loaded 3 times (x 71B)
Class com.android.build.gradle.internal.ide.dependencies.StringCache                  : loaded 3 times (x 72B)
Class com.android.build.gradle.internal.errors.MessageReceiverImpl                    : loaded 3 times (x 77B)
Class com.android.build.gradle.internal.variant.VariantInputModel                     : loaded 3 times (x 72B)
Class org.jetbrains.kotlin.gradle.plugin.CreateCompilerArgumentsContextImpl$ContributeCompilerArgumentsContextImpl: loaded 3 times (x 81B)
Class com.android.build.gradle.internal.services.SymbolTableBuildService$RegistrationAction: loaded 3 times (x 76B)
Class org.jetbrains.kotlin.gradle.plugin.KotlinBaseApiPlugin                          : loaded 3 times (x 120B)
Class org.jetbrains.kotlin.gradle.dsl.KotlinPublishingDsl                             : loaded 3 times (x 72B)
Class org.jetbrains.kotlin.gradle.plugin.UsesBuildFinishedListenerService             : loaded 3 times (x 72B)
Class org.jetbrains.kotlin.gradle.plugin.internal.CustomPropertiesFileValueSource$Parameters: loaded 3 times (x 72B)
Class org.jetbrains.kotlin.gradle.utils.GradleConfigurationUtilsKt                    : loaded 3 times (x 73B)
Class com.android.ide.common.signing.KeystoreHelper                                   : loaded 3 times (x 73B)
Class com.android.build.gradle.internal.dsl.SigningConfigImpl                         : loaded 3 times (x 99B)
Class com.android.build.gradle.internal.ide.v2.ProjectSyncIssuesImpl                  : loaded 3 times (x 77B)
Class com.android.build.gradle.internal.dsl.MinSdkDelegate                            : loaded 3 times (x 86B)
Class com.android.build.gradle.internal.testFixtures.TestFixturesUtil                 : loaded 3 times (x 73B)
Class [Lorg.objectweb.asm.Attribute;                                                  : loaded 3 times (x 71B)
Class com.google.common.base.Converter$ReverseConverter                               : loaded 3 times (x 92B)
Class com.google.wireless.android.sdk.stats.ProjectApiUseOrBuilder                    : loaded 3 times (x 72B)
Class com.android.build.gradle.api.UnitTestVariant                                    : loaded 3 times (x 72B)
Class com.android.build.gradle.internal.ndk.NdkHandler                                : loaded 3 times (x 74B)
Class com.android.build.gradle.internal.BuildTypeData                                 : loaded 3 times (x 74B)
Class com.android.build.api.artifact.impl.SingleInitialProviderRequestImpl            : loaded 3 times (x 74B)
Class com.android.build.api.variant.PropertyAccessNotAllowedException                 : loaded 3 times (x 84B)
Class com.android.build.api.variant.Dexing                                            : loaded 3 times (x 72B)
Class org.jetbrains.kotlin.gradle.targets.js.dsl.KotlinJsSubTargetContainerDsl        : loaded 3 times (x 72B)
Class org.jetbrains.kotlin.gradle.utils.ProviderApiUtilsKt$mapOrNull$1$1              : loaded 3 times (x 77B)
Class [Lorg.jetbrains.kotlin.build.report.metrics.BuildAttribute;                     : loaded 3 times (x 71B)
Class com.android.build.gradle.internal.ide.v2.SourceSetContainerImpl$Companion       : loaded 3 times (x 73B)
Class com.android.build.gradle.internal.TaskManager$maybeCreateKotlinExtensionConfiguration$kotlinExtension$1: loaded 3 times (x 76B)
Class com.sun.xml.bind.v2.runtime.property.ArrayElementLeafProperty                   : loaded 3 times (x 107B)
Class com.android.sdklib.repository.generated.common.v1.ApiDetailsType                : loaded 3 times (x 115B)
Class com.sun.xml.bind.v2.model.impl.ElementPropertyInfoImpl$1                        : loaded 3 times (x 202B)
Class javax.xml.bind.annotation.adapters.XmlJavaTypeAdapter$DEFAULT                   : loaded 3 times (x 73B)
Class com.sun.xml.bind.v2.model.impl.ERPropertyInfoImpl                               : loaded 3 times (x 110B)
Class com.sun.xml.bind.v2.model.impl.RuntimeBuiltinLeafInfoImpl$1                     : loaded 3 times (x 78B)
Class com.android.build.gradle.internal.utils.ConsoleProgressIndicatorFactory$isTerminalSmart$2$1: loaded 3 times (x 76B)
Class com.android.build.gradle.internal.publishing.VariantPublishingSpecImpl          : loaded 3 times (x 79B)
Class com.android.build.gradle.internal.dependency.ExtractProGuardRulesTransform$Inject_1: loaded 3 times (x 111B)
Class com.android.build.api.variant.SourceDirectories$Flat                            : loaded 3 times (x 72B)
Class com.android.build.gradle.internal.tasks.BundleToStandaloneApkTask$CreationAction$handleProvider$1: loaded 3 times (x 133B)
Class com.android.build.gradle.internal.tasks.MergeArtProfileTask$CreationAction$handleProvider$1: loaded 3 times (x 133B)
Class com.android.build.gradle.tasks.PackageAndroidArtifact$Companion                 : loaded 3 times (x 73B)
Class com.android.build.api.variant.impl.SigningConfigImpl$enableV1Signing$1          : loaded 3 times (x 77B)
Class com.android.build.gradle.internal.tasks.DexArchiveBuilderTask$CreationAction$handleProvider$7: loaded 3 times (x 133B)
Class com.android.build.api.artifact.impl.InternalScopedArtifact$FINAL_TRANSFORMED_CLASSES: loaded 3 times (x 76B)
Class org.jetbrains.kotlin.gradle.plugin.mpp.InternalKotlinCompilationKt              : loaded 3 times (x 73B)
Class org.jetbrains.kotlin.gradle.plugin.mpp.compilationImpl.KotlinCompilationImpl$attributes$2: loaded 3 times (x 81B)
Class org.jetbrains.kotlin.gradle.tasks.configuration.AbstractKotlinCompileConfig     : loaded 3 times (x 74B)
Class com.android.build.gradle.internal.scope.InternalArtifactType$RUNTIME_APP_CLASSES_JAR: loaded 3 times (x 76B)
Class com.android.build.gradle.internal.TaskManager$createProcessJavaResTask$taskConfig$1: loaded 3 times (x 99B)
Class com.android.build.api.variant.impl.ResourcesPackagingImpl$pickFirsts$1          : loaded 3 times (x 77B)
Class com.android.build.gradle.tasks.ProcessAndroidResources                          : loaded 3 times (x 340B)
Class com.android.build.gradle.tasks.MergeSourceSetFolders$CreationAction             : loaded 3 times (x 93B)
Class com.android.build.gradle.tasks.ProcessManifestForMetadataFeatureTask            : loaded 3 times (x 339B)
Class com.android.build.gradle.internal.scope.InternalArtifactType$COMPATIBLE_SCREEN_MANIFEST: loaded 3 times (x 76B)
Class com.android.build.gradle.internal.variant.BaseVariantData$DiscoverableFilterType$ABI: loaded 3 times (x 82B)
Class com.android.build.gradle.internal.core.PostProcessingOptions                    : loaded 3 times (x 72B)
Class com.android.build.gradle.internal.core.MergedJavaCompileOptions                 : loaded 3 times (x 85B)
Class com.android.build.gradle.internal.core.dsl.impl.ApplicationVariantDslInfoImpl   : loaded 3 times (x 200B)
Class com.android.build.api.artifact.ScopedArtifact$POST_COMPILATION_CLASSES          : loaded 3 times (x 76B)
Class com.android.build.gradle.internal.dsl.MinSdkProperties                          : loaded 3 times (x 72B)
Class com.android.builder.merge.DuplicateRelativeFileException                        : loaded 3 times (x 84B)
Class org.jetbrains.kotlin.gradle.utils.IsolatedKotlinClasspathClassCastException     : loaded 3 times (x 84B)
Class com.android.build.gradle.internal.plugins.BasePlugin$configureProject$3         : loaded 3 times (x 79B)
Class com.android.build.gradle.internal.ide.dependencies.MavenCoordinatesCacheBuildService: loaded 3 times (x 82B)
Class com.android.builder.profile.AnalyticsProfileWriter                              : loaded 3 times (x 74B)
Class com.android.build.gradle.internal.utils.AnalyticsEnabledValueSource             : loaded 3 times (x 80B)
Class kotlin.collections.AbstractList$Companion                                       : loaded 3 times (x 73B)
Class kotlin.sequences.SequencesKt___SequencesKt                                      : loaded 3 times (x 73B)
Class com.android.build.gradle.internal.component.ApkCreationConfig                   : loaded 3 times (x 72B)
Class com.android.build.gradle.internal.services.RunOnceBuildServiceImpl$RegistrationAction: loaded 3 times (x 75B)
Class com.android.build.gradle.internal.AbstractAppTaskManager$1                      : loaded 3 times (x 93B)
Class com.android.build.gradle.internal.scope.InternalArtifactType$MANIFEST_MERGE_BLAME_FILE: loaded 3 times (x 76B)
Class [Lcom.android.build.gradle.internal.TaskManager$MergeType;                      : loaded 3 times (x 71B)
Class com.android.build.gradle.tasks.MergeResources                                   : loaded 3 times (x 358B)
Class com.android.build.gradle.internal.scope.InternalArtifactType$COMPILE_R_CLASS_JAR: loaded 3 times (x 76B)
Class org.jetbrains.kotlin.gradle.tasks.configuration.BaseKotlinCompileConfig$1       : loaded 3 times (x 81B)
Class org.jetbrains.kotlin.gradle.plugin.diagnostics.ToolingDiagnosticRenderingOptionsKt$WhenMappings: loaded 3 times (x 73B)
Class kotlin.Pair                                                                     : loaded 3 times (x 74B)
Class org.jetbrains.kotlin.gradle.plugin.mpp.compilationImpl.KotlinCompilationSourceSetInclusion: loaded 3 times (x 74B)
Class org.jetbrains.kotlin.gradle.plugin.sources.FragmentConsistencyChecks$languageVersionCheck$2: loaded 3 times (x 80B)
Class org.jetbrains.kotlin.gradle.plugin.sources.DefaultLanguageSettingsBuilder       : loaded 3 times (x 102B)
Class com.intellij.gradle.toolingExtension.util.GradleVersionUtil                     : loaded 3 times (x 73B)
Class org.jetbrains.kotlin.gradle.plugin.mpp.compilationImpl.factory.ConfigurationNaming$Default: loaded 3 times (x 77B)
Class com.android.build.gradle.internal.ide.v2.ModelBuilder$buildProjectGraphModel$1$1$1: loaded 3 times (x 77B)
Class org.jetbrains.kotlin.gradle.targets.js.dsl.KotlinWasmJsTargetDsl                : loaded 3 times (x 72B)
Class com.android.build.gradle.internal.tasks.CompileArtProfileTask                   : loaded 3 times (x 345B)
Class com.android.build.gradle.internal.DependencyConfigurator$configureGeneralTransforms$10: loaded 3 times (x 77B)
Class com.android.build.gradle.internal.DependencyConfigurator$configureVariantTransforms$3$1: loaded 3 times (x 77B)
Class org.jetbrains.kotlin.gradle.dsl.KotlinTargetContainerWithPresetFunctions        : loaded 3 times (x 72B)
Class com.android.build.gradle.internal.SdkLocator$SdkLocationSource                  : loaded 3 times (x 82B)
Class com.android.sdklib.repository.generated.addon.v3.package-info                   : loaded 3 times (x 72B)
Class org.jetbrains.kotlin.gradle.tasks.DefaultKotlinJavaToolchain$DefaultJavaToolchainSetter$useAsConvention$1: loaded 3 times (x 77B)
Class org.jetbrains.kotlin.gradle.plugin.KotlinCompilerArgumentsProducer$CreateCompilerArgumentsContext: loaded 3 times (x 72B)
Class com.sun.xml.bind.v2.runtime.CompositeStructureBeanInfo                          : loaded 3 times (x 100B)
Class com.sun.xml.bind.v2.runtime.property.ArrayERProperty                            : loaded 3 times (x 106B)
Class com.android.sdklib.repository.generated.sysimg.v1.SysImgDetailsType             : loaded 3 times (x 147B)
Class javax.xml.bind.annotation.XmlElementDecl$GLOBAL                                 : loaded 3 times (x 73B)
Class com.sun.xml.bind.v2.model.impl.RuntimeBuiltinLeafInfoImpl$2                     : loaded 3 times (x 138B)
Class com.sun.xml.bind.v2.util.QNameMap$Entry                                         : loaded 3 times (x 74B)
Class com.android.build.gradle.internal.SdkDirectLoadingStrategy$DirectLoadComponents : loaded 3 times (x 74B)
Class com.android.build.gradle.internal.SdkComponentsBuildService$VersionedSdkLoader$buildToolInfoProvider$1: loaded 3 times (x 77B)
Class com.android.build.gradle.internal.scope.InternalArtifactType$RENDERSCRIPT_HEADERS: loaded 3 times (x 76B)
Class com.android.build.gradle.internal.dsl.VariantOutputFactory                      : loaded 3 times (x 75B)
Class com.android.build.gradle.tasks.RenderscriptCompile                              : loaded 3 times (x 353B)
Class com.android.build.api.variant.impl.FileBasedFileEntry$asFile$1                  : loaded 3 times (x 77B)
Class com.android.build.gradle.tasks.ProcessTestManifestPackaging$CreationAction      : loaded 3 times (x 92B)
Class com.android.build.gradle.internal.tasks.MergeNativeDebugMetadataTask$CreationAction$handleProvider$1: loaded 3 times (x 133B)
Class com.android.build.gradle.internal.tasks.BundleToStandaloneApkTask$CreationAction$handleProvider$2: loaded 3 times (x 77B)
Class com.android.build.gradle.internal.tasks.ParseIntegrityConfigTask                : loaded 3 times (x 337B)
Class com.android.build.gradle.internal.tasks.StripDebugSymbolsTask                   : loaded 3 times (x 344B)
Class com.android.build.gradle.internal.tasks.DexArchiveBuilderTask$CreationAction$handleProvider$8: loaded 3 times (x 133B)
Class org.jetbrains.kotlin.compose.compiler.gradle.ComposeCompilerGradleSubplugin$applyToCompilation$allPluginProperties$1$10: loaded 3 times (x 78B)
Class com.android.build.gradle.internal.scope.InternalArtifactType$DATA_BINDING_LAYOUT_INFO_TYPE_MERGE: loaded 3 times (x 76B)
Class com.android.build.gradle.internal.variant.BaseVariantData$Companion             : loaded 3 times (x 73B)
Class com.android.build.gradle.internal.dependency.ResolutionResultProvider           : loaded 3 times (x 72B)
Class com.android.build.api.component.impl.features.CommonOptimizationDslInfoImpl     : loaded 3 times (x 100B)
Class com.android.build.api.artifact.impl.ArtifactNamingContext                       : loaded 3 times (x 74B)
Class com.android.build.gradle.internal.TaskManager$WhenMappings                      : loaded 3 times (x 73B)
Class com.android.build.api.dsl.ExternalNativeBuild                                   : loaded 3 times (x 72B)
Class com.android.build.gradle.internal.dsl.BundleOptionsDensity                      : loaded 3 times (x 79B)
Class com.android.build.api.dsl.Bundle                                                : loaded 3 times (x 72B)
Class com.android.build.gradle.internal.dsl.decorator.SupportedPropertyType$Collection$List: loaded 3 times (x 76B)
Class com.android.build.api.dsl.LibraryProductFlavor                                  : loaded 3 times (x 72B)
Class com.android.build.gradle.internal.plugins.BasePlugin$configureProject$4         : loaded 3 times (x 76B)
Class [Lcom.android.build.gradle.internal.publishing.AndroidArtifacts$ConsumedConfigType;: loaded 3 times (x 71B)
Class com.android.build.gradle.internal.publishing.AndroidArtifacts$ArtifactScope     : loaded 3 times (x 81B)
Class com.android.build.api.variant.impl.VariantOutputImpl                            : loaded 3 times (x 85B)
Class com.android.build.gradle.internal.res.Aapt2FromMaven$Companion$create$aapt2Directory$1: loaded 3 times (x 76B)
Class com.android.build.api.variant.Instrumentation                                   : loaded 3 times (x 72B)
Class com.android.ide.common.blame.Message$Kind$Companion                             : loaded 3 times (x 73B)
Class com.android.build.api.variant.GeneratesTestApk                                  : loaded 3 times (x 72B)
Class com.android.build.gradle.internal.core.dsl.ConsumableComponentDslInfo           : loaded 3 times (x 72B)
Class com.android.repository.Revision                                                 : loaded 3 times (x 89B)
Class com.android.build.gradle.internal.tasks.factory.GlobalTaskCreationConfigImpl    : loaded 3 times (x 137B)
Class com.android.build.gradle.internal.variant.AbstractVariantInputManager           : loaded 3 times (x 99B)
Class com.android.build.gradle.AbstractAppExtension                                   : loaded 3 times (x 217B)
Class com.android.build.gradle.BasePlugin                                             : loaded 3 times (x 78B)
Class com.sun.xml.bind.api.JAXBRIContext                                              : loaded 3 times (x 91B)
Class [Lcom.sun.xml.bind.v2.runtime.Location;                                         : loaded 3 times (x 71B)
Class [Lcom.sun.xml.bind.v2.model.core.PropertyKind;                                  : loaded 3 times (x 71B)
Class com.sun.xml.bind.v2.model.impl.Util                                             : loaded 3 times (x 73B)
Class com.android.sdklib.repository.generated.addon.v2.AddonDetailsType               : loaded 3 times (x 143B)
Class com.sun.xml.bind.IDResolver                                                     : loaded 3 times (x 77B)
Class com.android.build.gradle.internal.scope.InternalArtifactType$DEFAULT_PROGUARD_FILES: loaded 3 times (x 76B)
Class com.android.build.gradle.internal.ide.v2.ModelBuilder$DimensionInformation      : loaded 3 times (x 74B)
Class com.android.build.gradle.internal.tasks.AndroidGlobalTask                       : loaded 3 times (x 328B)
Class com.android.build.gradle.internal.tasks.BaseTask$ConfigureAction                : loaded 3 times (x 73B)
Class com.android.build.gradle.internal.tasks.UsesAnalytics$ConfigureAction           : loaded 3 times (x 73B)
Class kotlin.collections.CollectionsKt__MutableCollectionsKt                          : loaded 3 times (x 73B)
Class com.android.build.gradle.internal.tasks.factory.TaskInformation                 : loaded 3 times (x 72B)
Class kotlin.jvm.internal.markers.KMappedMarker                                       : loaded 3 times (x 72B)
Class com.android.build.api.extension.impl.DslLifecycleComponentsOperationsRegistrar  : loaded 3 times (x 74B)
Class com.android.build.gradle.internal.dsl.SigningConfigImpl$AgpDecorated_Decorated  : loaded 3 times (x 152B)
Class com.android.tools.analytics.AnalyticsPaths                                      : loaded 3 times (x 73B)
Class com.android.builder.profile.NameAnonymizer$ProjectCacheLoader                   : loaded 3 times (x 78B)
Class com.android.build.api.variant.HasDeviceTestsBuilder                             : loaded 3 times (x 72B)
Class com.android.build.gradle.options.Option$Status$STABLE                           : loaded 3 times (x 73B)
Class com.android.build.gradle.internal.lint.LintFixBuildService$RegistrationAction   : loaded 3 times (x 76B)
Class org.jetbrains.kotlin.gradle.plugin.mpp.DecoratedKotlinCompilation               : loaded 3 times (x 193B)
Class org.jetbrains.kotlin.gradle.internal.diagnostics.GradleCompatibilityCheck$CurrentGradleVersionProvider: loaded 3 times (x 72B)
Class org.jetbrains.kotlin.gradle.plugin.BuildFinishedListenerService$Companion$registerIfAbsent$1$1: loaded 3 times (x 81B)
Class [Lorg.jetbrains.kotlin.gradle.plugin.KotlinPlatformType;                        : loaded 3 times (x 71B)
Class [Lcom.android.builder.core.ComponentType;                                       : loaded 3 times (x 71B)
Class com.android.build.api.dsl.DynamicFeatureDefaultConfig                           : loaded 3 times (x 72B)
Class com.android.builder.model.PackagingOptions                                      : loaded 3 times (x 72B)
Class com.sun.xml.bind.v2.runtime.Name                                                : loaded 3 times (x 77B)
Class com.sun.xml.bind.v2.model.impl.RuntimeBuiltinLeafInfoImpl$3                     : loaded 3 times (x 138B)
Class com.sun.xml.bind.v2.model.core.BuiltinLeafInfo                                  : loaded 3 times (x 72B)
Class com.android.repository.impl.generated.v2.DependenciesType                       : loaded 3 times (x 77B)
Class com.android.sdklib.repository.AndroidSdkHandler$InstanceProvider                : loaded 3 times (x 72B)
Class com.android.sdklib.OptionalLibrary                                              : loaded 3 times (x 72B)
Class com.android.build.api.variant.impl.ArtifactMetadataProcessor$Companion          : loaded 3 times (x 73B)
Class com.android.build.api.artifact.SingleArtifact$OBFUSCATION_MAPPING_PARTITION_FILE: loaded 3 times (x 76B)
Class com.android.build.gradle.internal.dependency.DexingOutputSplitTransform$Inject_1: loaded 3 times (x 111B)
Class com.android.build.gradle.internal.dependency.DexingNoClasspathTransform         : loaded 3 times (x 83B)
Class com.android.build.gradle.internal.dependency.MockableJarTransform$Parameters_Decorated: loaded 3 times (x 137B)
Class com.google.protobuf.Internal$IntList                                            : loaded 3 times (x 72B)
Class com.android.build.api.variant.impl.SigningConfigImpl$keyAlias$1                 : loaded 3 times (x 133B)
Class org.jetbrains.kotlin.compose.compiler.gradle.ComposeCompilerGradleSubplugin$applyToCompilation$allPluginProperties$1$11: loaded 3 times (x 76B)
Class com.android.build.gradle.internal.res.GenerateLibraryRFileTask$CreationAction   : loaded 3 times (x 92B)
Class com.android.build.gradle.internal.scope.InternalArtifactType$MERGED_RES         : loaded 3 times (x 76B)
Class com.android.build.api.artifact.SingleArtifact$MERGED_MANIFEST                   : loaded 3 times (x 76B)
Class com.android.build.api.component.impl.OldVariantApiLegacySupportImpl$JavaCompileOptionsForOldVariantAPI$_annotationProcessorOptions$1: loaded 3 times (x 79B)
Class com.android.build.gradle.tasks.ExtractDeepLinksTask                             : loaded 3 times (x 341B)
Class com.android.build.gradle.internal.tasks.NonIncrementalTask                      : loaded 3 times (x 335B)
Class com.android.build.gradle.internal.core.MergedExternalNativeCmakeOptions         : loaded 3 times (x 88B)
Class com.android.build.api.variant.JavaCompilation                                   : loaded 3 times (x 72B)
Class com.android.build.api.component.impl.features.NativeBuildCreationConfigImpl     : loaded 3 times (x 83B)
Class com.android.build.api.variant.impl.VariantImpl                                  : loaded 3 times (x 377B)
Class com.android.build.api.variant.impl.InternalVariantBuilder                       : loaded 3 times (x 72B)
Class com.google.protobuf.GeneratedMessageV3$BuilderParent                            : loaded 3 times (x 72B)
Class org.jetbrains.kotlin.compose.compiler.gradle.model.builder.ComposeCompilerModelBuilder: loaded 3 times (x 77B)
Class [Lcom.android.build.gradle.ProguardFiles$ProguardFile;                          : loaded 3 times (x 71B)
Class com.android.build.api.dsl.SingleVariant                                         : loaded 3 times (x 72B)
Class com.android.build.gradle.internal.dsl.BundleOptionsLanguage$AgpDecorated        : loaded 3 times (x 83B)
Class org.jetbrains.kotlin.gradle.plugin.KotlinGradleBuildServices                    : loaded 3 times (x 82B)
Class org.jetbrains.kotlin.gradle.plugin.KotlinTargetPreset                           : loaded 3 times (x 72B)
Class org.jetbrains.kotlin.gradle.utils.FileUtilsKt$localProperties$1                 : loaded 3 times (x 77B)
Class org.jetbrains.kotlin.gradle.dsl.HasConfigurableKotlinCompilerOptions            : loaded 3 times (x 72B)
Class com.android.build.gradle.internal.plugins.BasePlugin$configureProject$5         : loaded 3 times (x 76B)
Class com.android.build.gradle.internal.lint.LintFixBuildService                      : loaded 3 times (x 77B)
Class org.jetbrains.kotlin.gradle.internal.properties.PropertiesBuildService$MemoizedCallable$value$2: loaded 3 times (x 81B)
Class com.google.wireless.android.sdk.stats.GradleBuildProject                        : loaded 3 times (x 261B)
Class com.google.wireless.android.sdk.stats.GradleBuildProfileSpan$ExecutionType      : loaded 3 times (x 89B)
Class com.android.build.gradle.internal.errors.SyncIssueReporterImpl$GlobalSyncIssueService: loaded 3 times (x 84B)
Class com.android.build.gradle.internal.errors.DeprecationReporterImpl                : loaded 3 times (x 85B)
Class com.android.build.gradle.internal.errors.AndroidProblemReporterProvider$RegistrationAction: loaded 3 times (x 76B)
Class com.android.build.gradle.options.ProjectOptions                                 : loaded 3 times (x 74B)
Class com.android.build.gradle.internal.services.RunOnceBuildServiceImpl$ActionName   : loaded 3 times (x 74B)
Class com.android.build.gradle.internal.dsl.NdkBuildOptions$AgpDecorated              : loaded 3 times (x 97B)
Class com.android.build.gradle.internal.dsl.NdkBuildOptions$AgpDecorated_Decorated    : loaded 3 times (x 141B)
Class com.android.build.gradle.internal.variant.DimensionCombinator                   : loaded 3 times (x 74B)
Class com.android.build.gradle.internal.variant.DimensionCombinator$Companion         : loaded 3 times (x 73B)
Class com.android.build.gradle.internal.core.dsl.features.RenderscriptDslInfo         : loaded 3 times (x 72B)
Class kotlin.reflect.KCallable                                                        : loaded 3 times (x 72B)
Class com.android.build.api.variant.impl.LintBuilderImpl_Decorated                    : loaded 3 times (x 121B)
Class kotlin.io.TerminateException                                                    : loaded 3 times (x 84B)
Class kotlin.io.FilesKt__FilePathComponentsKt                                         : loaded 3 times (x 73B)
Class com.android.build.gradle.internal.ide.v2.JavaCompileOptionsImpl                 : loaded 3 times (x 80B)
Class com.android.build.api.variant.impl.HasDeviceTestsCreationConfig                 : loaded 3 times (x 72B)
Class com.android.build.gradle.internal.core.dsl.impl.InstrumentedTestDslInfoImpl$handleProfiling$2: loaded 3 times (x 76B)
Class com.android.build.gradle.internal.scope.InternalArtifactType$FEATURE_RESOURCE_PKG: loaded 3 times (x 76B)
Class org.jetbrains.kotlin.gradle.tasks.K2MultiplatformCompilationTask                : loaded 3 times (x 72B)
Class org.jetbrains.kotlin.gradle.plugin.statistics.UsesBuildFusService               : loaded 3 times (x 72B)
Class org.jetbrains.kotlin.gradle.plugin.sources.FragmentConsistencyChecks$languageVersionCheck$1: loaded 3 times (x 81B)
Class org.jetbrains.kotlin.gradle.utils.ConfigurationsKt$maybeCreateDependencyScope$1 : loaded 3 times (x 80B)
Class com.android.tools.r8.internal.x14                                               : loaded 3 times (x 75B)
Class com.android.build.gradle.internal.tasks.featuresplit.FeatureSetMetadataWriterTask: loaded 3 times (x 336B)
Class com.android.build.gradle.internal.tasks.ProcessNavigationXmlTask$LibraryCreationAction: loaded 3 times (x 93B)
Class org.jetbrains.kotlin.gradle.targets.native.toolchain.KotlinNativeBundleBuildService: loaded 3 times (x 79B)
Class org.jetbrains.kotlin.gradle.tasks.DefaultKotlinJavaToolchain_Decorated          : loaded 3 times (x 124B)
Class com.android.build.gradle.internal.scope.InternalArtifactType$BUILT_IN_KAPT_CLASSES_DIR: loaded 3 times (x 76B)
Class com.android.build.gradle.tasks.JdkImageInput                                    : loaded 3 times (x 77B)
Class com.sun.xml.bind.v2.model.runtime.RuntimeAttributePropertyInfo                  : loaded 3 times (x 72B)
Class com.sun.xml.bind.v2.model.impl.RuntimeBuiltinLeafInfoImpl$4                     : loaded 3 times (x 138B)
Class com.sun.xml.bind.v2.model.core.ErrorHandler                                     : loaded 3 times (x 72B)
Class javax.xml.bind.Marshaller                                                       : loaded 3 times (x 72B)
Class com.sun.xml.bind.v2.runtime.ClassBeanInfoImpl                                   : loaded 3 times (x 94B)
Class com.sun.xml.bind.v2.model.runtime.RuntimeNonElement                             : loaded 3 times (x 72B)
Class com.android.repository.impl.generated.v1.CompleteType                           : loaded 3 times (x 85B)
Class [Ljavax.xml.bind.annotation.XmlNsForm;                                          : loaded 3 times (x 71B)
Class com.android.build.gradle.internal.AndroidTestTaskManager$createConnectedTestForVariant$1: loaded 3 times (x 77B)
Class com.android.build.gradle.internal.tasks.creationconfig.BaseProcessTestManifestCreationConfig: loaded 3 times (x 146B)
Class com.android.build.gradle.internal.tasks.CompileArtProfileTask$CreationAction$handleProvider$1: loaded 3 times (x 133B)
Class com.android.build.gradle.internal.tasks.SigningConfigVersionsWriterTask$CreationAction$handleProvider$1: loaded 3 times (x 133B)
Class org.jetbrains.kotlin.gradle.plugin.mpp.DefaultKotlinCompilationOutput$allOutputs$1$1: loaded 3 times (x 77B)
Class org.jetbrains.kotlin.gradle.plugin.mpp.HasBinaries                              : loaded 3 times (x 72B)
Class com.android.build.gradle.internal.services.BuiltInKaptSupportMode$Supported     : loaded 3 times (x 73B)
Class com.android.build.gradle.internal.res.LinkApplicationAndroidResourcesTask$BaseCreationAction$handleProvider$1: loaded 3 times (x 133B)
Class com.android.build.gradle.internal.dependency.VariantDependencies$computeLocalFileDependencies$1: loaded 3 times (x 82B)
Class com.android.builder.dexing.DexingType                                           : loaded 3 times (x 81B)
Class com.android.build.gradle.internal.tasks.factory.VariantTaskCreationAction       : loaded 3 times (x 92B)
Class com.android.build.api.variant.impl.TestedApkPackagingImpl                       : loaded 3 times (x 97B)
Class com.android.build.gradle.internal.tasks.factory.TaskProviderCallback            : loaded 3 times (x 72B)
Class com.android.build.gradle.internal.services.FakeDependencyJarBuildService$FakeDependencyJarCreator$Params_Decorated: loaded 3 times (x 134B)
Class com.android.build.gradle.internal.services.FakeDependencyJarBuildService$FakeDependencyJarCreator: loaded 3 times (x 82B)
Class com.android.build.gradle.internal.dsl.BundleOptionsAiModelVersion$AgpDecorated  : loaded 3 times (x 87B)
Class com.android.build.gradle.internal.dsl.decorator.ApplicationInstallationImpl$AgpDecorated_Decorated: loaded 3 times (x 145B)
Class [Lcom.android.resources.Density;                                                : loaded 3 times (x 71B)
Class com.android.build.gradle.internal.dsl.ExternalNativeBuildOptions_Decorated      : loaded 3 times (x 140B)
Class com.google.common.util.concurrent.AbstractFuture$UnsafeAtomicHelper$1           : loaded 3 times (x 78B)
Class com.android.build.gradle.internal.variant.BaseVariantFactory$Companion          : loaded 3 times (x 73B)
Class org.jetbrains.kotlin.gradle.targets.native.toolchain.UsesKotlinNativeBundleBuildService: loaded 3 times (x 72B)
Class org.jetbrains.kotlin.gradle.targets.native.toolchain.KotlinNativeBundleBuildService$Parameters: loaded 3 times (x 72B)
Class org.jetbrains.kotlin.gradle.plugin.KotlinCompilerArgumentsProducer              : loaded 3 times (x 72B)
Class org.jetbrains.kotlin.gradle.dsl.KotlinCommonOptions                             : loaded 3 times (x 72B)
Class org.jetbrains.kotlin.gradle.tasks.DefaultKotlinJavaToolchain                    : loaded 3 times (x 79B)
Class com.android.build.gradle.internal.ide.dependencies.LibraryDependencyCacheBuildService$RegistrationAction: loaded 3 times (x 76B)
Class com.android.utils.DateProvider$1                                                : loaded 3 times (x 77B)
Class org.jetbrains.kotlin.gradle.tasks.DefaultKotlinJavaToolchain$Companion          : loaded 3 times (x 73B)
Class com.android.build.gradle.internal.dsl.BuildTypeFactory                          : loaded 3 times (x 79B)
Class com.android.build.gradle.internal.variant.BaseVariantFactory                    : loaded 3 times (x 108B)
Class com.android.build.api.variant.impl.LibraryVariantImpl                           : loaded 3 times (x 569B)
Class com.android.build.gradle.internal.utils.HasConfigurableValuesKt                 : loaded 3 times (x 73B)
Class com.android.build.gradle.internal.dependency.AarTransform$Parameters            : loaded 3 times (x 72B)
Class com.android.build.gradle.internal.dependency.BaseDexingTransform$Parameters_Decorated: loaded 3 times (x 161B)
Class com.android.build.api.dsl.AssetPackBundleExtension                              : loaded 3 times (x 72B)
Class com.android.build.gradle.internal.ide.v2.VersionsImpl$Companion                 : loaded 3 times (x 73B)
Class com.android.build.gradle.internal.SdkComponentsBuildService$VersionedSdkLoader$aapt2ExecutableProvider$1: loaded 3 times (x 76B)
Class com.android.sdklib.AndroidTargetHash                                            : loaded 3 times (x 73B)
Class com.android.sdklib.repository.generated.addon.v2.LibrariesType                  : loaded 3 times (x 77B)
Class com.android.sdklib.repository.generated.common.v3.package-info                  : loaded 3 times (x 72B)
Class com.android.repository.impl.generated.generic.v2.package-info                   : loaded 3 times (x 72B)
Class com.sun.xml.bind.v2.model.core.LeafInfo                                         : loaded 3 times (x 72B)
Class com.sun.xml.bind.v2.model.impl.SingleTypePropertyInfoImpl                       : loaded 3 times (x 115B)
Class [Lcom.android.build.gradle.internal.ide.dependencies.ResolvedArtifact$DependencyType;: loaded 3 times (x 71B)
Class com.android.build.gradle.tasks.PackageAndroidArtifact$CreationAction$configure$1: loaded 3 times (x 77B)
Class com.android.build.gradle.internal.profile.NoOpAnalyticsService$Inject_          : loaded 3 times (x 132B)
Class com.android.build.gradle.internal.ide.v2.AndroidProjectImpl                     : loaded 3 times (x 89B)
Class com.android.build.gradle.internal.ide.v2.ModelBuilder$inspectManifestForInstantTag$1: loaded 3 times (x 76B)
Class com.sun.xml.bind.InternalAccessorFactory                                        : loaded 3 times (x 72B)
Class [Lcom.sun.xml.bind.v2.model.annotation.AnnotationSource;                        : loaded 3 times (x 71B)
Class com.sun.xml.bind.v2.runtime.unmarshaller.LocatorExWrapper                       : loaded 3 times (x 88B)
Class com.android.build.api.dsl.JniLibsPackaging                                      : loaded 3 times (x 72B)
Class com.android.build.gradle.internal.TaskManager$Companion$createTasksBeforeEvaluate$1: loaded 3 times (x 76B)
Class com.google.common.io.ByteStreams$1                                              : loaded 3 times (x 87B)
Class com.android.build.gradle.tasks.PackageAndroidArtifactKt                         : loaded 3 times (x 73B)
Class org.jetbrains.kotlin.build.report.metrics.BuildTimes$Companion                  : loaded 3 times (x 73B)
Class com.android.build.gradle.internal.ide.v2.ModelBuilder$DefaultSourceSetContainerBuilder: loaded 3 times (x 85B)
Class com.sun.xml.bind.v2.runtime.unmarshaller.UnmarshallingContext$State             : loaded 3 times (x 74B)
Class com.sun.xml.bind.v2.runtime.unmarshaller.UnmarshallingContext$ExpectedTypeRootLoader: loaded 3 times (x 82B)
Class com.sun.xml.bind.v2.runtime.ElementBeanInfoImpl$1                               : loaded 3 times (x 108B)
Class com.sun.xml.bind.v2.runtime.property.ArrayERProperty$ItemsLoader                : loaded 3 times (x 80B)
Class com.sun.xml.bind.v2.model.impl.GetterSetterPropertySeed                         : loaded 3 times (x 92B)
Class com.sun.xml.bind.v2.model.impl.RuntimeBuiltinLeafInfoImpl$5                     : loaded 3 times (x 138B)
Class com.android.sdklib.repository.generated.common.v2.IdDisplayType                 : loaded 3 times (x 85B)
Class com.android.sdklib.repository.generated.sysimg.v3.package-info                  : loaded 3 times (x 72B)
Class [Lcom.android.build.api.artifact.Artifact;                                      : loaded 3 times (x 71B)
Class com.android.build.gradle.internal.scope.ArtifactPublishingUtil$publishArtifactToConfiguration$1$1$1: loaded 3 times (x 77B)
Class com.android.build.gradle.internal.scope.InternalArtifactType$DATA_BINDING_BASE_CLASS_LOG_ARTIFACT: loaded 3 times (x 76B)
Class com.android.build.gradle.internal.AndroidTestTaskManager$createConnectedTestForVariant$2: loaded 3 times (x 77B)
Class com.android.tools.utp.gradle.api.UtpDependency$1                                : loaded 3 times (x 133B)
Class com.android.build.gradle.internal.tasks.PerModuleBundleTask                     : loaded 3 times (x 354B)
Class com.android.build.gradle.internal.tasks.CompileArtProfileTask$CreationAction$handleProvider$2: loaded 3 times (x 133B)
Class org.jetbrains.kotlin.compose.compiler.gradle.internal.ComposeWithAgpConfig      : loaded 3 times (x 74B)
Class org.jetbrains.kotlin.gradle.plugin.sources.FragmentConsistencyChecker           : loaded 3 times (x 74B)
Class org.jetbrains.kotlin.gradle.tasks.configuration.BaseKotlinCompileConfig$1$classpathConfiguration$1: loaded 3 times (x 77B)
Class com.android.build.gradle.internal.tasks.creationconfig.BaseJavaCompileCreationConfig: loaded 3 times (x 134B)
Class com.android.build.gradle.internal.tasks.PrepareLintJarForPublish$CreationAction$handleProvider$1: loaded 3 times (x 133B)
Class com.android.build.gradle.internal.tasks.featuresplit.PackagedDependenciesWriterTask$CreationAction: loaded 3 times (x 92B)
Class com.android.build.gradle.internal.VariantManager$createTestComponents$pathHelper$1: loaded 3 times (x 131B)
Class com.android.build.api.attributes.BuildTypeAttr$Impl                             : loaded 3 times (x 90B)
Class [Lcom.android.build.gradle.internal.dsl.ModulePropertyKey$BooleanWithDefault;   : loaded 3 times (x 71B)
Class com.android.build.gradle.internal.profile.ProfilingMode$Companion               : loaded 3 times (x 73B)
Class com.android.build.gradle.internal.services.VariantBuilderServices               : loaded 3 times (x 72B)
Class com.android.build.api.extension.impl.OperationsRegistrar                        : loaded 3 times (x 74B)
Class com.android.tools.lint.model.LintModelSeverity                                  : loaded 3 times (x 81B)
Class com.android.build.gradle.internal.dsl.BundleOptionsAbi$AgpDecorated             : loaded 3 times (x 83B)
Class com.android.build.gradle.internal.dsl.ApplicationAndroidResourcesImpl$AgpDecorated: loaded 3 times (x 131B)
Class com.android.builder.core.AbstractProductFlavor$DimensionRequest                 : loaded 3 times (x 74B)
Class com.android.build.api.artifact.impl.ArtifactContainer                           : loaded 3 times (x 77B)
Class com.android.build.gradle.internal.dsl.LintImpl                                  : loaded 3 times (x 218B)
Class com.android.build.api.dsl.SigningConfig                                         : loaded 3 times (x 72B)
Class org.jetbrains.kotlin.gradle.dsl.DefaultToolchainSupport_Decorated               : loaded 3 times (x 122B)
Class org.jetbrains.kotlin.gradle.internal.properties.NativePropertiesLoader$jvmArgs$1: loaded 3 times (x 77B)
Class org.jetbrains.kotlin.gradle.report.BuildMetricsService$Companion                : loaded 3 times (x 73B)
Class org.jetbrains.kotlin.gradle.plugin.VariantImplementationFactories$Parameters_Decorated: loaded 3 times (x 132B)
Class org.jetbrains.kotlin.gradle.plugin.PropertiesProvider$PropertyNames             : loaded 3 times (x 73B)
Class org.jetbrains.kotlin.gradle.tasks.KotlinCompileTool                             : loaded 3 times (x 72B)
Class org.jetbrains.kotlin.gradle.utils.SingleAction$PerformedActions                 : loaded 3 times (x 74B)
Class org.jetbrains.kotlin.gradle.utils.GradleUtilsKt                                 : loaded 3 times (x 73B)
Class org.jetbrains.kotlin.gradle.plugin.HasProject                                   : loaded 3 times (x 72B)
Class com.android.build.api.artifact.impl.SingleArtifactContainer                     : loaded 3 times (x 77B)
Class com.android.io.CancellableFileIo                                                : loaded 3 times (x 73B)
Class com.google.protobuf.Descriptors$FieldDescriptor                                 : loaded 3 times (x 90B)
Class com.android.build.gradle.internal.errors.SyncIssueReporterImpl$GlobalSyncIssueService$Parameters: loaded 3 times (x 72B)
Class com.android.build.api.variant.ComponentIdentity                                 : loaded 3 times (x 72B)
Class com.android.build.gradle.internal.testing.ManagedDeviceRegistry                 : loaded 3 times (x 77B)
Class com.android.build.gradle.internal.tasks.ApplicationTaskManager                  : loaded 3 times (x 89B)
Class com.android.build.gradle.internal.dsl.BaseAppModuleExtension                    : loaded 3 times (x 461B)
Class com.android.build.gradle.AndroidConfig                                          : loaded 3 times (x 72B)
Class com.android.build.api.variant.ResValue$Key                                      : loaded 3 times (x 72B)
Class org.jetbrains.kotlin.gradle.plugin.ide.IdeCompilerArgumentsResolverKt$kotlinIdeCompilerArgumentsResolver$2: loaded 3 times (x 80B)
Class org.jetbrains.kotlin.gradle.dsl.KotlinCommonCompilerOptionsExtensionsKt         : loaded 3 times (x 73B)
Class com.android.build.api.variant.LifecycleTasks                                    : loaded 3 times (x 72B)
Class com.android.build.gradle.tasks.MapSourceSetPathsTask$CreateAction               : loaded 3 times (x 95B)
Class org.jetbrains.kotlin.gradle.plugin.mpp.compilationImpl.factory.DefaultKotlinCompilationSourceSetsContainerFactory$DefaultSourceSetNaming: loaded 3 times (x 72B)
Class com.android.ide.common.blame.SourceFilePosition                                 : loaded 3 times (x 74B)
Class com.android.tools.analytics.AnalyticsSettings                                   : loaded 3 times (x 73B)
Class [Lcom.android.tools.analytics.Environment$SystemProperty;                       : loaded 3 times (x 71B)
Class org.jetbrains.kotlin.gradle.plugin.sources.DefaultKotlinSourceSet$MetadataDependencyTransformation: loaded 3 times (x 74B)
Class com.google.wireless.android.sdk.stats.InstantRunStatusOrBuilder                 : loaded 3 times (x 72B)
Class com.google.protobuf.Descriptors$Descriptor                                      : loaded 3 times (x 78B)
Class com.android.build.gradle.internal.dependency.ShrinkerVersion$Companion          : loaded 3 times (x 73B)
Class org.jetbrains.kotlin.gradle.internal.diagnostics.GradleCompatibilityCheck       : loaded 3 times (x 73B)
Class org.jetbrains.kotlin.gradle.internal.properties.PropertiesBuildService$Params   : loaded 3 times (x 72B)
Class org.jetbrains.kotlin.gradle.internal.tasks.TaskWithLocalState                   : loaded 3 times (x 72B)
Class org.jetbrains.kotlin.gradle.utils.PersistentCachesKt                            : loaded 3 times (x 73B)
Class org.jetbrains.kotlin.gradle.internal.properties.NativePropertiesLoader$forceDisableRunningInProcess$1: loaded 3 times (x 77B)
Class org.jetbrains.kotlin.gradle.targets.native.UsesKonanPropertiesBuildService      : loaded 3 times (x 72B)
Class org.jetbrains.kotlin.gradle.utils.ProviderApiUtilsKt                            : loaded 3 times (x 73B)
Class org.jetbrains.kotlin.gradle.plugin.mpp.InternalKotlinTargetComponent            : loaded 3 times (x 95B)
Class com.android.build.gradle.tasks.PackageApplication                               : loaded 3 times (x 380B)
Class org.jetbrains.kotlin.gradle.plugin.mpp.KotlinAndroidTarget$kotlinComponents$2   : loaded 3 times (x 81B)
Class com.android.build.gradle.internal.scope.InternalArtifactType$MERGED_ART_PROFILE : loaded 3 times (x 76B)
Class com.android.build.gradle.internal.scope.InternalArtifactType$EXTRACTED_APKS     : loaded 3 times (x 76B)
Class com.android.build.api.variant.impl.DynamicFeatureVariantImpl                    : loaded 3 times (x 613B)
Class com.google.common.io.ByteSink$AsCharSink                                        : loaded 3 times (x 82B)
Class com.android.build.gradle.tasks.PackageAndroidArtifact$CreationAction$configure$2: loaded 3 times (x 76B)
Class com.android.build.gradle.internal.tasks.PrepareLintJarForPublishKt$getPublishedCustomLintChecks$attributes$1: loaded 3 times (x 76B)
Class com.android.build.gradle.internal.api.artifact.SourceArtifactType$ANDROID_RESOURCES: loaded 3 times (x 76B)
Class com.android.build.gradle.internal.dependency.ExtractAarTransform$Inject_1       : loaded 3 times (x 111B)
Class com.sun.xml.bind.v2.runtime.property.SingleElementNodeProperty                  : loaded 3 times (x 104B)
Class com.sun.xml.bind.api.impl.NameConverter$1                                       : loaded 3 times (x 95B)
Class com.android.repository.impl.generated.v2.TypeDetails                            : loaded 3 times (x 77B)
Class com.sun.xml.bind.v2.model.impl.RuntimeBuiltinLeafInfoImpl$6                     : loaded 3 times (x 138B)
Class com.android.repository.impl.generated.v1.ChannelType                            : loaded 3 times (x 85B)
Class com.android.sdklib.repository.generated.repository.v2.package-info              : loaded 3 times (x 72B)
Class [Lcom.android.builder.compiling.BuildConfigType;                                : loaded 3 times (x 71B)
Class com.android.build.gradle.internal.tasks.CompileArtProfileTask$CreationAction$handleProvider$3: loaded 3 times (x 133B)
Class com.android.build.gradle.internal.tasks.OptimizeResourcesTask$CreateAction$handleProvider$operationRequest$1: loaded 3 times (x 133B)
Class com.android.build.gradle.internal.tasks.BundleIdeModelProducerTask$CreationAction$handleProvider$1: loaded 3 times (x 133B)
Class com.android.build.api.variant.impl.SigningConfigImpl$SigningConfigInfo          : loaded 3 times (x 74B)
Class com.android.tools.r8.Version                                                    : loaded 3 times (x 73B)
Class org.jetbrains.kotlin.gradle.plugin.mpp.compilationImpl.factory.KotlinCompilationImplFactory$KotlinCompilationTaskNamesContainerFactory: loaded 3 times (x 72B)
Class org.jetbrains.kotlin.gradle.plugin.diagnostics.ToolingDiagnosticRenderingOptionsKt$isAttachedToTerminal$1: loaded 3 times (x 76B)
Class org.jetbrains.kotlin.gradle.tasks.configuration.BaseKotlinCompileConfig         : loaded 3 times (x 74B)
Class com.android.build.gradle.internal.services.TaskCreationServicesImpl$sam$java_util_concurrent_Callable$0: loaded 3 times (x 77B)
Class com.android.build.gradle.internal.scope.InternalArtifactType$AP_GENERATED_SOURCES: loaded 3 times (x 76B)
Class com.android.build.api.variant.impl.ResourcesPackagingImpl                       : loaded 3 times (x 82B)
Class com.android.build.gradle.internal.scope.InternalArtifactType$UPDATED_NAVIGATION_XML: loaded 3 times (x 76B)
Class com.android.build.api.artifact.impl.InAndOutDirectoryOperationRequestImpl$Companion: loaded 3 times (x 73B)
Class com.android.build.gradle.tasks.ProcessPackagedManifestTask$CreationAction       : loaded 3 times (x 92B)
Class com.android.build.gradle.tasks.ProcessManifestForMetadataFeatureTask$CreationAction$handleProvider$1: loaded 3 times (x 133B)
Class com.android.build.gradle.internal.VariantManager$createTestComponents$pathHelper$2: loaded 3 times (x 131B)
Class com.android.build.gradle.internal.core.dsl.impl.AndroidTestComponentDslInfoImpl : loaded 3 times (x 155B)
Class com.android.build.gradle.internal.core.dsl.impl.ApplicationVariantDslInfoImpl$versionCode$2$2: loaded 3 times (x 77B)
Class com.android.build.api.variant.AndroidResources                                  : loaded 3 times (x 72B)
Class com.android.build.api.variant.HostTest                                          : loaded 3 times (x 72B)
Class [Lcom.android.build.gradle.internal.publishing.AndroidArtifacts$PublishedConfigType;: loaded 3 times (x 71B)
Class com.android.build.gradle.internal.attributes.VariantAttr$Impl                   : loaded 3 times (x 90B)
Class com.android.build.gradle.internal.core.dsl.impl.features.DexingDslInfoImpl      : loaded 3 times (x 79B)
Class com.android.build.gradle.internal.core.dsl.impl.features.ManifestPlaceholdersDslInfoImpl: loaded 3 times (x 77B)
Class org.jetbrains.kotlin.compose.compiler.gradle.ComposeCompilerGradlePluginExtension_Decorated: loaded 3 times (x 133B)
Class com.android.build.gradle.internal.lint.AndroidLintGlobalTask$GlobalCreationAction$Companion: loaded 3 times (x 73B)
Class com.android.build.gradle.internal.tasks.LintCompile$CreationAction              : loaded 3 times (x 93B)
Class com.android.build.gradle.internal.dsl.AndroidTestImpl$AgpDecorated              : loaded 3 times (x 82B)
Class com.android.build.gradle.internal.dsl.BundleOptionsCodeTransparency$AgpDecorated_Decorated: loaded 3 times (x 127B)
Class com.android.build.gradle.internal.dsl.ManagedDevices$localDevices$1$1           : loaded 3 times (x 77B)
Class com.android.build.gradle.internal.dsl.AarMetadataImpl$AgpDecorated              : loaded 3 times (x 98B)
Class com.android.build.gradle.internal.dsl.AnnotationProcessorOptions$AgpDecorated_Decorated: loaded 3 times (x 151B)
Class com.android.resources.Density                                                   : loaded 3 times (x 94B)
Class com.android.build.gradle.internal.utils.DesugarLibUtils$getDesugarLibConfigFromTransform$1: loaded 3 times (x 76B)
Class com.android.build.api.dsl.CompileSdkBetaSpec                                    : loaded 3 times (x 72B)
Class com.android.build.gradle.internal.dsl.decorator.SupportedPropertyType           : loaded 3 times (x 75B)
Class com.android.build.gradle.internal.dsl.InternalSigningConfig                     : loaded 3 times (x 72B)
Class org.jetbrains.kotlin.gradle.plugin.mpp.KotlinAndroidTarget_Decorated            : loaded 3 times (x 214B)
Class org.jetbrains.kotlin.gradle.ExperimentalKotlinGradlePluginApi                   : loaded 3 times (x 72B)
Class org.jetbrains.kotlin.gradle.dsl.KotlinAndroidProjectExtension                   : loaded 3 times (x 141B)
Class org.jetbrains.kotlin.gradle.internal.properties.NativePropertiesLoader          : loaded 3 times (x 88B)
Class org.jetbrains.kotlin.gradle.plugin.KotlinGradleBuildServices$Parameters$Inject_ : loaded 3 times (x 108B)
Class org.jetbrains.kotlin.gradle.plugin.statistics.BuildFusService                   : loaded 3 times (x 86B)
Class com.android.build.gradle.internal.dependency.JacocoInstrumentationService       : loaded 3 times (x 83B)
Class com.android.build.gradle.internal.ide.v2.GlobalSyncService$Parameters_Decorated : loaded 3 times (x 132B)
Class com.android.tools.analytics.StubbableLazy                                       : loaded 3 times (x 78B)
Class com.android.build.gradle.internal.VariantTaskManager$addBindingDependenciesIfNecessary$dataBindingEnabled$1: loaded 3 times (x 82B)
Class com.android.build.gradle.internal.profile.TaskMetadata                          : loaded 3 times (x 74B)
Class com.android.build.gradle.internal.scope.ProjectInfo$Companion                   : loaded 3 times (x 73B)
Class com.android.build.gradle.internal.scope.InternalArtifactType$LIBRARY_AND_LOCAL_JARS_JNI: loaded 3 times (x 76B)
Class com.google.protobuf.Internal$EnumLite                                           : loaded 3 times (x 72B)
Class com.android.build.gradle.internal.AbstractAppTaskManager                        : loaded 3 times (x 89B)
Class com.android.build.gradle.internal.plugins.VersionCheckPlugin                    : loaded 3 times (x 76B)
Class com.android.build.gradle.internal.scope.ArtifactPublishingUtil$publishArtifactToConfiguration$1$1: loaded 3 times (x 77B)
Class com.android.build.api.AndroidPluginVersion                                      : loaded 3 times (x 77B)
Class com.android.build.api.component.impl.AnnotationProcessorImpl$finalListOfClassNames$1: loaded 3 times (x 77B)
Class com.android.build.api.variant.impl.VariantOutputConfigurationImplKt             : loaded 3 times (x 73B)
Class com.android.build.gradle.internal.tasks.ProcessNavigationXmlTask$CreationAction : loaded 3 times (x 93B)
Class com.android.build.gradle.internal.scope.InternalArtifactType$LINT_PUBLISH_JAR   : loaded 3 times (x 76B)
Class org.jetbrains.kotlin.gradle.plugin.diagnostics.IsAttachedToTerminalValueSource  : loaded 3 times (x 82B)
Class org.jetbrains.kotlin.gradle.plugin.sources.FragmentConsistencyChecks            : loaded 3 times (x 74B)
Class org.jetbrains.kotlin.gradle.plugin.mpp.KotlinJvmAgpCompilationFactory$WhenMappings: loaded 3 times (x 73B)
Class com.android.build.gradle.internal.scope.InternalArtifactType$SIGNING_CONFIG_DATA: loaded 3 times (x 76B)
Class com.android.build.gradle.internal.lint.AndroidLintTextOutputTask$SingleVariantCreationAction: loaded 3 times (x 94B)
Class com.android.build.gradle.internal.dependency.LayoutlibExtractor                 : loaded 3 times (x 80B)
Class com.android.build.gradle.internal.ide.dependencies.ResolvedArtifact$DependencyType: loaded 3 times (x 81B)
Class com.android.build.gradle.internal.cxx.configure.NativeModelBuilderOutcome       : loaded 3 times (x 223B)
Class com.android.build.gradle.internal.dependency.RecalculateStackFramesTransform$Parameters: loaded 3 times (x 72B)
Class com.android.build.gradle.internal.scope.InternalArtifactType$PREFAB_PACKAGE     : loaded 3 times (x 76B)
Class com.android.repository.api.Repository                                           : loaded 3 times (x 81B)
Class javax.xml.bind.annotation.XmlAttachmentRef                                      : loaded 3 times (x 72B)
Class com.sun.xml.bind.v2.model.impl.RuntimeClassInfoImpl$RuntimePropertySeed         : loaded 3 times (x 86B)
Class com.sun.xml.bind.v2.runtime.reflect.TransducedAccessor                          : loaded 3 times (x 80B)
Class com.sun.xml.bind.v2.runtime.NameList                                            : loaded 3 times (x 74B)
Class com.android.build.gradle.internal.ide.v2.ModelBuilder$BaseSourceSetContainerBuilder: loaded 3 times (x 85B)
Class org.jetbrains.kotlin.compilerRunner.GradleCompilerRunner                        : loaded 3 times (x 75B)
Class org.jetbrains.kotlin.gradle.tasks.K2MultiplatformStructure_Decorated            : loaded 3 times (x 133B)
Class com.android.build.gradle.internal.utils.DesugarLibUtils$getD8DesugarMethodFileFromTransform$1$1: loaded 3 times (x 76B)
Class com.android.builder.model.v2.models.Versions$Companion                          : loaded 3 times (x 73B)
Class com.android.build.gradle.internal.signing.SigningConfigData                     : loaded 3 times (x 74B)
Class org.jetbrains.kotlin.gradle.plugin.KotlinCompilerArgumentsProducerKt            : loaded 3 times (x 73B)
Class com.android.build.api.variant.ApplicationAndroidComponentsExtension             : loaded 3 times (x 72B)
Class org.jetbrains.kotlin.gradle.tasks.KotlinCompile$scriptSources$1                 : loaded 3 times (x 77B)
Class org.jetbrains.kotlin.build.report.metrics.BuildAttribute$Companion              : loaded 3 times (x 73B)
Class com.android.build.api.component.impl.features.AndroidResourcesCreationConfigImpl$WhenMappings: loaded 3 times (x 73B)
Class com.android.sdklib.repository.targets.PlatformTarget$Library                    : loaded 3 times (x 74B)
Class com.sun.xml.bind.v2.runtime.reflect.PrimitiveArrayListerDouble                  : loaded 3 times (x 78B)
Class com.sun.xml.bind.v2.runtime.unmarshaller.Loader                                 : loaded 3 times (x 79B)
Class com.sun.xml.bind.api.impl.NameConverter$2                                       : loaded 3 times (x 95B)
Class com.sun.xml.bind.v2.model.impl.RuntimeBuiltinLeafInfoImpl$7                     : loaded 3 times (x 138B)
Class com.sun.xml.bind.v2.model.runtime.RuntimeClassInfo                              : loaded 3 times (x 72B)
Class com.android.sdklib.repository.generated.repository.v3.LayoutlibType             : loaded 3 times (x 76B)
Class com.android.build.gradle.internal.ide.v2.VersionImpl$Companion                  : loaded 3 times (x 73B)
Class com.android.build.gradle.internal.publishing.PublishingSpecs$Companion          : loaded 3 times (x 73B)
Class com.android.build.gradle.internal.scope.InternalArtifactType$ANDROID_TEST_RESULTS: loaded 3 times (x 76B)
Class com.android.build.gradle.internal.tasks.OptimizeResourcesTask$CreateAction$handleProvider$operationRequest$2: loaded 3 times (x 133B)
Class com.android.build.gradle.internal.scope.InternalArtifactType$APK_FROM_BUNDLE_IDE_REDIRECT_FILE: loaded 3 times (x 76B)
Class com.android.build.gradle.internal.tasks.CompileArtProfileTask$CreationAction$handleProvider$4: loaded 3 times (x 133B)
Class org.jetbrains.kotlin.gradle.plugin.mpp.compilationImpl.factory.DefaultKotlinCompilationDependencyConfigurationsFactory$WithRuntime: loaded 3 times (x 77B)
Class org.jetbrains.kotlin.gradle.plugin.diagnostics.IsAttachedToTerminalValueSource$Inject_: loaded 3 times (x 102B)
Class org.jetbrains.kotlin.gradle.plugin.diagnostics.ToolingDiagnosticRenderingOptionsKt$isAttachedToTerminal$2: loaded 3 times (x 76B)
Class com.android.build.gradle.internal.res.LinkApplicationAndroidResourcesTask$BaseCreationAction$handleProvider$4: loaded 3 times (x 133B)
Class com.android.build.gradle.internal.variant.BaseVariantData$WhenMappings          : loaded 3 times (x 73B)
Class com.android.build.api.component.impl.JavaCompilationImpl                        : loaded 3 times (x 78B)
Class com.android.build.gradle.internal.component.TestSuiteCreationConfig             : loaded 3 times (x 72B)
Class com.android.build.api.variant.impl.HostTestBuilderImpl$Companion                : loaded 3 times (x 73B)
Class com.android.build.gradle.internal.dsl.VcsInfoImpl$AgpDecorated_Decorated        : loaded 3 times (x 127B)
Class com.android.build.gradle.internal.dsl.BuildType$AgpDecorated                    : loaded 3 times (x 374B)
Class com.android.build.gradle.internal.dsl.ManagedDevices$localDevices$1$2           : loaded 3 times (x 77B)
Class com.android.build.gradle.internal.dsl.decorator.DslDecorator$ClassInfoVisitor   : loaded 3 times (x 72B)
Class com.android.build.api.dsl.DependencySelection                                   : loaded 3 times (x 72B)
Class com.android.build.gradle.api.JavaCompileOptions                                 : loaded 3 times (x 72B)
Class org.bouncycastle.jce.provider.BouncyCastleProvider                              : loaded 3 times (x 171B)
Class com.android.build.api.dsl.DynamicFeatureBuildType                               : loaded 3 times (x 72B)
Class org.jetbrains.kotlin.gradle.utils.FutureImpl                                    : loaded 3 times (x 82B)
Class org.jetbrains.kotlin.gradle.internal.properties.NativePropertiesLoader$isToolchainEnabled$1: loaded 3 times (x 77B)
Class org.jetbrains.kotlin.gradle.plugin.mpp.KotlinJvmAndroidCompilation              : loaded 3 times (x 200B)
Class com.google.wireless.android.sdk.stats.GradleBuildMemorySampleOrBuilder          : loaded 3 times (x 72B)
Class com.android.build.gradle.internal.SdkComponentsBuildService$VersionedSdkLoader$buildToolsRevisionProvider$1: loaded 3 times (x 77B)
Class org.gradle.accessors.dm.LibrariesForLibsInPluginsBlock$AndroidxLifecycleLibraryAccessors: loaded 3 times (x 79B)
Class org.gradle.accessors.dm.LibrariesForLibs_Decorated                              : loaded 3 times (x 126B)
Class com.android.build.api.extension.impl.VariantApiOperationsRegistrar              : loaded 3 times (x 74B)
Class com.android.build.gradle.internal.dependency.JdkImageTransform$Parameters       : loaded 3 times (x 72B)
Class [Lcom.android.build.gradle.options.SyncOptions$EvaluationMode;                  : loaded 3 times (x 71B)
Class com.android.build.gradle.internal.dsl.SigningConfigImpl$AgpDecorated            : loaded 3 times (x 103B)
Class com.android.build.gradle.internal.dsl.DefaultConfig$AgpDecorated                : loaded 3 times (x 444B)
Class kotlinx.coroutines.flow.MutableStateFlow                                        : loaded 3 times (x 72B)
Class com.android.build.gradle.internal.profile.NoOpAnalyticsConfiguratorService$Inject_: loaded 3 times (x 104B)
Class com.android.build.gradle.internal.dsl.ScreenshotTestSuiteImpl                   : loaded 3 times (x 84B)
Class org.jetbrains.kotlin.tooling.core.MutableExtrasImpl$Companion                   : loaded 3 times (x 73B)
Class com.android.prefs.Global                                                        : loaded 3 times (x 81B)
Class kotlin.collections.EmptyList                                                    : loaded 3 times (x 176B)
Class kotlin.collections.MapsKt__MapsJVMKt                                            : loaded 3 times (x 73B)
Class org.jetbrains.kotlin.gradle.utils.StoredLazyProperty                            : loaded 3 times (x 77B)
Class org.jetbrains.kotlin.gradle.internal.ClassLoadersCachingBuildService$Parameters : loaded 3 times (x 72B)
Class org.jetbrains.kotlin.gradle.internal.CompilerArgumentAware                      : loaded 3 times (x 72B)
Class com.android.build.api.dsl.TestBuildType                                         : loaded 3 times (x 72B)
Class com.android.build.api.dsl.DexPackaging                                          : loaded 3 times (x 72B)
Class com.android.build.gradle.internal.dsl.TargetSdkSpecImpl                         : loaded 3 times (x 83B)
Class org.jetbrains.kotlin.gradle.plugin.internal.ProjectIsolationStartParameterAccessor: loaded 3 times (x 72B)
Class com.sun.xml.bind.v2.model.impl.RuntimeBuiltinLeafInfoImpl$8                     : loaded 3 times (x 138B)
Class com.sun.xml.bind.api.ErrorListener                                              : loaded 3 times (x 72B)
Class com.sun.istack.FinalArrayList                                                   : loaded 3 times (x 211B)
Class com.android.sdklib.repository.generated.repository.v2.ObjectFactory             : loaded 3 times (x 81B)
Class com.android.build.gradle.internal.SdkComponentsBuildService$VersionedSdkLoader$targetBootClasspathProvider$1: loaded 3 times (x 77B)
Class com.android.build.gradle.internal.dependency.AndroidAttributes$toAttributeMapString$$inlined$sortedBy$1: loaded 3 times (x 91B)
Class com.android.build.gradle.internal.cxx.configure.Ninja                           : loaded 3 times (x 74B)
Class org.jetbrains.kotlin.gradle.plugin.KotlinGradleBuildServices$Companion$registerIfAbsent$1: loaded 3 times (x 77B)
Class com.android.build.gradle.internal.AndroidTestTaskManager$createConnectedTestForVariant$connectedCheckSerials$1: loaded 3 times (x 76B)
Class com.android.build.api.variant.impl.ManifestFilesImpl$all$1                      : loaded 3 times (x 76B)
Class com.android.build.api.variant.impl.SigningConfigImpl$keyPassword$1              : loaded 3 times (x 133B)
Class com.android.build.gradle.internal.TaskManager$sam$org_gradle_api_Action$0       : loaded 3 times (x 77B)
Class org.jetbrains.kotlin.gradle.plugin.mpp.KotlinJvmAgpCompilation_Decorated        : loaded 3 times (x 248B)
Class [Lorg.jetbrains.kotlin.gradle.plugin.HasKotlinDependencies;                     : loaded 3 times (x 71B)
Class org.jetbrains.kotlin.gradle.plugin.mpp.compilationImpl.factory.KotlinCompilationImplFactory$PostConfigure$Companion: loaded 3 times (x 73B)
Class org.jetbrains.kotlin.gradle.tasks.CompileUsingKotlinDaemonWithNormalization     : loaded 3 times (x 72B)
Class com.android.build.gradle.tasks.GenerateManifestJarTask                          : loaded 3 times (x 338B)
Class com.android.build.api.artifact.ScopedArtifact$JAVA_RES                          : loaded 3 times (x 76B)
Class com.android.build.api.component.impl.DeviceTestImpl_Decorated                   : loaded 3 times (x 751B)
Class com.android.build.api.component.impl.DeviceTestImpl                             : loaded 3 times (x 695B)
Class com.android.build.api.variant.BundleConfig                                      : loaded 3 times (x 72B)
Class [Lcom.android.build.gradle.internal.dsl.ModulePropertyKey;                      : loaded 3 times (x 71B)
Class com.android.build.api.dsl.LibraryBuildFeatures                                  : loaded 3 times (x 72B)
Class com.android.build.gradle.internal.dsl.Splits$AgpDecorated                       : loaded 3 times (x 87B)
Class org.jetbrains.kotlin.gradle.utils.StoredProperty                                : loaded 3 times (x 72B)
Class com.android.build.api.dsl.BundleDensity                                         : loaded 3 times (x 72B)
Class com.android.builder.internal.BaseConfigImpl                                     : loaded 3 times (x 117B)
Class com.android.build.api.dsl.AndroidSourceSet                                      : loaded 3 times (x 72B)
Class com.android.build.gradle.internal.ide.dependencies.LibraryUtils                 : loaded 3 times (x 73B)
Class org.jetbrains.kotlin.gradle.tasks.DefaultKotlinJavaToolchain$Companion$wireJvmTargetToToolchain$1: loaded 3 times (x 77B)
Class org.jetbrains.kotlin.gradle.plugin.KotlinPlatformType                           : loaded 3 times (x 84B)
Class org.jetbrains.kotlin.gradle.internal.properties.PropertiesBuildServiceKt        : loaded 3 times (x 73B)
Class org.jetbrains.kotlin.gradle.plugin.KotlinGradleBuildServices$Companion          : loaded 3 times (x 73B)
Class com.android.build.gradle.internal.SdkComponentsBuildService                     : loaded 3 times (x 82B)
Class [Lcom.android.prefs.VariableValue;                                              : loaded 3 times (x 71B)
Class com.android.build.gradle.internal.utils.EnvironmentProviderImpl                 : loaded 3 times (x 80B)
Class com.android.build.gradle.internal.services.Aapt2ThreadPoolBuildService          : loaded 3 times (x 82B)
Class com.google.wireless.android.sdk.stats.GradleBuildProfileSpan$ExecutionType$1    : loaded 3 times (x 78B)
Class com.android.build.gradle.internal.ide.dependencies.LibraryCacheImpl$WhenMappings: loaded 3 times (x 73B)
Class com.google.protobuf.Extension$ExtensionType                                     : loaded 3 times (x 81B)
Class com.google.protobuf.AbstractMessageLite$Builder$LimitedInputStream              : loaded 3 times (x 94B)
Class [Lorg.jetbrains.kotlin.compose.compiler.gradle.ComposeFeatureFlag;              : loaded 3 times (x 71B)
Class com.google.protobuf.ExtensionRegistryFactory                                    : loaded 3 times (x 73B)
Class com.android.build.gradle.options.StringOption                                   : loaded 3 times (x 87B)
Class com.google.common.util.concurrent.ListeningExecutorService                      : loaded 3 times (x 72B)
Class com.android.build.gradle.internal.dsl.SigningConfig$AgpDecorated_Decorated      : loaded 3 times (x 202B)
Class com.android.build.gradle.internal.profile.AnalyticsUtil                         : loaded 3 times (x 73B)
Class com.android.build.gradle.internal.core.dsl.impl.ConsumableComponentDslInfoImpl  : loaded 3 times (x 134B)
Class com.android.build.api.artifact.impl.ScopedArtifactsImpl$ScopedArtifactsContainer: loaded 3 times (x 74B)
Class com.android.build.api.variant.JniLibsPackaging                                  : loaded 3 times (x 72B)
Class com.android.build.api.variant.JniLibsTestedComponentPackaging                   : loaded 3 times (x 72B)
Class org.jetbrains.kotlin.gradle.targets.js.dsl.KotlinWasmWasiTargetDsl              : loaded 3 times (x 72B)
Class com.google.common.base.Objects                                                  : loaded 3 times (x 73B)
Class com.android.build.gradle.internal.ide.v2.AndroidDslImpl                         : loaded 3 times (x 88B)
Class com.android.build.gradle.internal.ide.v2.InstallationImpl                       : loaded 3 times (x 78B)
Class org.jetbrains.kotlin.tooling.core.Extras$Entry$Companion                        : loaded 3 times (x 73B)
Class com.android.build.gradle.internal.cxx.configure.GradleLocalPropertiesKt$gradleLocalProperties$propertiesContent$1: loaded 3 times (x 77B)
Class com.android.build.gradle.internal.dependency.LayoutlibExtractor$Inject_1        : loaded 3 times (x 111B)
Class com.android.build.gradle.internal.DependencyConfigurator$configureVariantTransforms$3$1$1: loaded 3 times (x 77B)
Class com.sun.xml.bind.v2.model.impl.BuiltinLeafInfoImpl                              : loaded 3 times (x 107B)
Class com.sun.xml.bind.v2.model.impl.RuntimeBuiltinLeafInfoImpl                       : loaded 3 times (x 135B)
Class javax.xml.bind.annotation.XmlSchemaType$DEFAULT                                 : loaded 3 times (x 73B)
Class com.sun.xml.bind.v2.model.annotation.XmlSchemaTypeQuick                         : loaded 3 times (x 95B)
Class com.sun.xml.bind.v2.model.impl.RuntimeBuiltinLeafInfoImpl$10                    : loaded 3 times (x 138B)
Class com.sun.xml.bind.v2.model.impl.RuntimeBuiltinLeafInfoImpl$9                     : loaded 3 times (x 138B)
Class com.sun.xml.bind.v2.runtime.BridgeImpl                                          : loaded 3 times (x 89B)
Class com.android.repository.api.ProgressIndicator                                    : loaded 3 times (x 72B)
Class com.android.build.gradle.internal.dependency.AndroidAttributes$toAttributeMapString$$inlined$sortedBy$2: loaded 3 times (x 91B)
Class com.android.build.gradle.internal.dependency.EnumerateClassesTransform$Inject_1 : loaded 3 times (x 111B)
Class com.android.build.gradle.internal.dependency.IdentityTransform$Inject_1         : loaded 3 times (x 111B)
Class com.android.build.gradle.internal.variant.DefaultFlavorComparator               : loaded 3 times (x 91B)
Class com.android.build.gradle.internal.tasks.PerModuleReportDependenciesTask$CreationAction$handleProvider$1: loaded 3 times (x 133B)
Class com.android.build.gradle.tasks.PackageApplication$CreationAction$handleProvider$1: loaded 3 times (x 131B)
Class com.android.build.gradle.internal.scope.InternalArtifactType$MODULE_BUNDLE      : loaded 3 times (x 76B)
Class com.android.build.gradle.internal.tasks.featuresplit.FeatureSetMetadataWriterTask$CreationAction: loaded 3 times (x 92B)
Class com.android.build.api.variant.impl.SigningConfigImpl$sam$org_gradle_api_Transformer$0: loaded 3 times (x 77B)
Class org.jetbrains.kotlin.gradle.plugin.mpp.DefaultKotlinCompilationOutput           : loaded 3 times (x 84B)
Class org.jetbrains.kotlin.gradle.plugin.diagnostics.ToolingDiagnosticRenderingOptions$Companion: loaded 3 times (x 73B)
Class org.jetbrains.kotlin.gradle.dsl.KotlinJvmCompilerOptionsHelper                  : loaded 3 times (x 73B)
Class com.android.build.api.artifact.MultipleArtifact                                 : loaded 3 times (x 76B)
Class com.android.build.gradle.internal.tasks.ProcessJavaResTask                      : loaded 3 times (x 576B)
Class com.android.build.gradle.internal.tasks.R8ResourceShrinkingParametersKt         : loaded 3 times (x 73B)
Class com.android.build.gradle.tasks.GenerateManifestJarTask$CreationAction$handleProvider$1: loaded 3 times (x 133B)
Class com.android.build.gradle.internal.AndroidTestTaskManager$createMockableJarTask$1: loaded 3 times (x 77B)
Class com.android.build.gradle.internal.variant.BaseVariantData$DiscoverableFilterType: loaded 3 times (x 82B)
Class com.android.build.api.variant.DeviceTestBuilder                                 : loaded 3 times (x 72B)
Class com.android.build.gradle.internal.core.dsl.impl.VariantDslInfoImpl              : loaded 3 times (x 147B)
Class com.google.wireless.android.sdk.stats.GradlePluginDataOrBuilder                 : loaded 3 times (x 72B)
Class com.google.protobuf.AbstractMessage$Builder                                     : loaded 3 times (x 259B)
Class com.android.build.gradle.internal.dsl.DependencySelectionImpl                   : loaded 3 times (x 80B)
Class com.android.build.api.dsl.BundleDeviceGroup                                     : loaded 3 times (x 72B)
Class com.android.build.gradle.api.AnnotationProcessorOptions                         : loaded 3 times (x 72B)
Class com.android.build.api.dsl.ApplicationBaseFlavor                                 : loaded 3 times (x 72B)
Class com.android.build.gradle.internal.dsl.CoreBuildType                             : loaded 3 times (x 72B)
Class org.jetbrains.kotlin.gradle.tasks.DefaultKotlinJavaToolchain$Companion$wireJvmTargetToToolchain$2: loaded 3 times (x 77B)
Class org.jetbrains.kotlin.gradle.plugin.ProjectLocalConfigurations$ProjectLocalDisambiguation: loaded 3 times (x 78B)
Class org.jetbrains.kotlin.gradle.internal.properties.PropertiesBuildService$NullableStringGradleProperty: loaded 3 times (x 78B)
Class org.jetbrains.kotlin.gradle.targets.native.KonanPropertiesBuildService          : loaded 3 times (x 78B)
Class org.jetbrains.kotlin.gradle.plugin.KotlinGradleBuildServices$detectKotlinPluginLoadedInMultipleProjects$onRegister$1$1: loaded 3 times (x 77B)
Class org.jetbrains.kotlin.gradle.internal.properties.PropertiesBuildService$Inject_  : loaded 3 times (x 98B)
Class org.jetbrains.kotlin.gradle.plugin.internal.ConfigurationCacheStartParameterAccessor$Factory: loaded 3 times (x 72B)
Class com.android.build.gradle.internal.services.FakeDependencyJarBuildService$Params_Decorated: loaded 3 times (x 132B)
Class com.android.ide.common.blame.Message                                            : loaded 3 times (x 74B)
Class com.google.protobuf.ProtocolMessageEnum                                         : loaded 3 times (x 72B)
Class com.android.build.gradle.internal.plugins.BasePlugin$ExtensionData              : loaded 3 times (x 74B)
Class com.android.build.gradle.internal.VariantTaskManager                            : loaded 3 times (x 88B)
Class org.gradle.accessors.dm.LibrariesForLibs$AndroidxActivityLibraryAccessors       : loaded 3 times (x 79B)
Class com.android.build.gradle.api.KotlinMultiplatformAndroidPlugin                   : loaded 3 times (x 78B)
Class com.android.build.api.variant.HasDeviceTests                                    : loaded 3 times (x 72B)
Class javax.xml.bind.annotation.XmlSchemaType                                         : loaded 3 times (x 72B)
Class com.android.repository.impl.meta.TrimStringAdapter                              : loaded 3 times (x 77B)
Class com.sun.xml.bind.v2.runtime.unmarshaller.XsiNilLoader$Single                    : loaded 3 times (x 82B)
Class com.sun.xml.bind.v2.runtime.reflect.TransducedAccessor$CompositeTransducedAccessorImpl: loaded 3 times (x 81B)
Class com.google.gson.internal.$Gson$Types$ParameterizedTypeImpl                      : loaded 3 times (x 83B)
Class com.android.build.gradle.internal.tasks.factory.BootClasspathConfigImpl$androidJar$2$1$1: loaded 3 times (x 76B)
Class com.android.ide.common.build.CommonBuiltArtifacts                               : loaded 3 times (x 72B)
Class com.android.build.gradle.internal.ide.v2.GraphItemImpl$Companion                : loaded 3 times (x 73B)
Class kotlin.NoWhenBranchMatchedException                                             : loaded 3 times (x 84B)
Class org.gradle.accessors.dm.LibrariesForLibsInPluginsBlock$AndroidxLibraryAccessors : loaded 3 times (x 85B)
Class com.android.build.gradle.internal.plugins.AppPlugin$ApplicationAndroidComponentsExtensionImplCompat: loaded 3 times (x 116B)
Class com.android.build.gradle.options.ProjectOptionService$Inject_                   : loaded 3 times (x 99B)
Class com.android.build.gradle.options.HasFutureStage                                 : loaded 3 times (x 72B)
Class com.android.build.gradle.internal.tasks.factory.TaskManagerConfig               : loaded 3 times (x 72B)
Class com.android.build.gradle.internal.dependency.GenericTransformParameters         : loaded 3 times (x 72B)
Class com.android.build.gradle.internal.utils.AnalyticsEnabledValueSource$Params_Decorated: loaded 3 times (x 132B)
Class com.android.build.gradle.internal.cxx.configure.NativeModelBuilderOutcome$Outcome$1: loaded 3 times (x 78B)
Class com.android.build.gradle.internal.utils.AnalyticsEnabledValueSource$Inject_     : loaded 3 times (x 111B)
Class com.android.build.gradle.internal.profile.AnalyticsService$Params               : loaded 3 times (x 72B)
Class com.android.build.gradle.options.Option                                         : loaded 3 times (x 72B)
Class com.android.build.gradle.internal.ide.dependencies.MavenCoordinatesCacheBuildService$Parameters_Decorated: loaded 3 times (x 132B)
Class org.jetbrains.kotlin.gradle.plugin.sources.android.AndroidVariantType           : loaded 3 times (x 81B)
Class com.android.repository.impl.meta.SchemaModuleUtil$NamespaceFallbackFilter       : loaded 3 times (x 154B)
Class [Lcom.sun.xml.bind.v2.runtime.unmarshaller.Scope;                               : loaded 3 times (x 71B)
Class com.android.repository.impl.generated.generic.v2.GenericDetailsType             : loaded 3 times (x 78B)
Class com.sun.xml.bind.v2.model.impl.RuntimeBuiltinLeafInfoImpl$11                    : loaded 3 times (x 138B)
Class com.sun.xml.bind.v2.model.core.ElementInfo                                      : loaded 3 times (x 72B)
Class com.sun.xml.bind.v2.model.runtime.RuntimeEnumLeafInfo                           : loaded 3 times (x 72B)
Class javax.xml.bind.GetPropertyAction                                                : loaded 3 times (x 77B)
Class com.android.repository.api.Checksum                                             : loaded 3 times (x 82B)
Class com.android.build.gradle.internal.PlatformComponents$Companion                  : loaded 3 times (x 73B)
Class com.android.build.gradle.internal.scope.InternalArtifactType$SUPPORTED_LOCALE_LIST: loaded 3 times (x 76B)
Class com.android.build.gradle.internal.scope.ArtifactPublishingUtil                  : loaded 3 times (x 73B)
Class com.android.build.gradle.internal.dependency.BaseDexingTransform                : loaded 3 times (x 82B)
Class com.android.build.gradle.internal.cxx.logging.ThreadLoggingEnvironment$Companion$loggerStack$1: loaded 3 times (x 76B)
Class com.android.build.gradle.internal.PropertiesValueSource                         : loaded 3 times (x 80B)
Class com.android.tools.utp.gradle.api.UtpDependencies                                : loaded 3 times (x 74B)
Class com.android.build.gradle.internal.tasks.MergeStartupProfileTask                 : loaded 3 times (x 338B)
Class com.android.build.gradle.internal.tasks.ExtractNativeDebugMetadataTask$FullCreationAction$handleProvider$1: loaded 3 times (x 133B)
Class org.jetbrains.kotlin.gradle.plugin.mpp.compilationImpl.KotlinCompilationSourceSetInclusion$DefaultAddSourcesToCompileTask$addSources$1: loaded 3 times (x 81B)
Class com.android.build.gradle.internal.core.dsl.impl.DslInfoCommonKt                 : loaded 3 times (x 73B)
Class com.android.build.api.variant.impl.VariantOutputList                            : loaded 3 times (x 175B)
Class com.android.build.gradle.internal.services.VariantBuilderServices$Value         : loaded 3 times (x 72B)
Class com.android.build.gradle.internal.cxx.string.StringEncoder                      : loaded 3 times (x 72B)
Class com.android.build.gradle.internal.core.Abi                                      : loaded 3 times (x 81B)
Class com.android.build.gradle.internal.dsl.DataBindingOptions$AgpDecorated_Decorated : loaded 3 times (x 164B)
Class com.android.build.gradle.internal.api.artifact.SourceArtifactType$ML_MODELS     : loaded 3 times (x 76B)
Class com.android.build.gradle.options.SyncOptions                                    : loaded 3 times (x 73B)
Class com.android.utils.ILogger                                                       : loaded 3 times (x 72B)
Class com.android.build.gradle.internal.dsl.AgpTestSuiteImpl                          : loaded 3 times (x 108B)
Class com.android.build.gradle.internal.dsl.BundleOptionsAbi                          : loaded 3 times (x 79B)
Class org.jetbrains.kotlin.tooling.core.ExtrasUtilsKt                                 : loaded 3 times (x 73B)
Class org.jetbrains.kotlin.buildtools.api.ExperimentalBuildToolsApi                   : loaded 3 times (x 72B)
Class org.jetbrains.kotlin.gradle.targets.native.KonanPropertiesBuildService$Companion$registerIfAbsent$2$1$1: loaded 3 times (x 77B)
Class org.jetbrains.kotlin.gradle.utils.ResourceUtilsKt                               : loaded 3 times (x 73B)
Class org.jetbrains.kotlin.gradle.plugin.KotlinPluginWrapperKt$kotlinPluginVersionFromResources$1: loaded 3 times (x 80B)
Class com.android.utils.NullLogger                                                    : loaded 3 times (x 87B)
Class com.android.build.gradle.internal.services.ClassesHierarchyBuildService$RegistrationAction: loaded 3 times (x 76B)
Class com.android.build.gradle.internal.services.AndroidLocationsBuildService$AndroidLocations: loaded 3 times (x 84B)
Class com.google.protobuf.CodedInputStream$IterableDirectByteBufferDecoder            : loaded 3 times (x 121B)
Class com.google.protobuf.Internal$DoubleList                                         : loaded 3 times (x 72B)
Class org.jetbrains.kotlin.gradle.dsl.KotlinProjectExtension                          : loaded 3 times (x 124B)
Class com.android.build.api.variant.GeneratesApk                                      : loaded 3 times (x 72B)
Class com.android.build.gradle.internal.dsl.TestedExtensionImpl                       : loaded 3 times (x 224B)
Class com.android.build.gradle.LibraryPlugin                                          : loaded 3 times (x 78B)
Class com.android.build.gradle.internal.services.BuildServicesKt                      : loaded 3 times (x 73B)
Class org.gradle.accessors.dm.LibrariesForLibsInPluginsBlock$AndroidxCoreLibraryAccessors: loaded 3 times (x 79B)
Class org.jetbrains.kotlin.gradle.internal.diagnostics.KotlinCompilerEmbeddableCheck  : loaded 3 times (x 73B)
Class org.jetbrains.kotlin.gradle.plugin.VariantImplementationFactories               : loaded 3 times (x 77B)
Class org.jetbrains.kotlin.gradle.utils.WhenPluginEnabledKt                           : loaded 3 times (x 73B)
Class org.jetbrains.kotlin.gradle.plugin.mpp.KotlinVariant                            : loaded 3 times (x 103B)
Class org.jetbrains.kotlin.gradle.plugin.mpp.KotlinTargetSoftwareComponent            : loaded 3 times (x 91B)
Class com.android.build.api.dsl.ApplicationVariantDimension                           : loaded 3 times (x 72B)
Class com.android.build.api.dsl.TestVariantDimension                                  : loaded 3 times (x 72B)
Class com.android.build.gradle.internal.dsl.ProductFlavorFactory                      : loaded 3 times (x 79B)
Class com.android.build.gradle.internal.dsl.BundleOptionsDeviceGroup                  : loaded 3 times (x 83B)
Class com.android.build.gradle.internal.dsl.Splits                                    : loaded 3 times (x 83B)
Class com.android.build.api.dsl.ApplicationBuildFeatures                              : loaded 3 times (x 72B)
Class com.android.build.gradle.internal.dsl.BuildType$AgpDecorated_Decorated          : loaded 3 times (x 446B)
Class com.android.build.gradle.internal.tasks.BaseTask                                : loaded 3 times (x 328B)
Class com.android.build.gradle.internal.plugins.BasePlugin$createTasks$2              : loaded 3 times (x 79B)
Class com.android.build.gradle.tasks.ExtractDeepLinksTask$BaseCreationAction$handleProvider$1: loaded 3 times (x 133B)
Class com.android.build.gradle.tasks.CompatibleScreensManifest$CreationAction$handleProvider$1: loaded 3 times (x 133B)
Class com.android.build.api.artifact.SingleArtifact$RUNTIME_SYMBOL_LIST               : loaded 3 times (x 76B)
Class kotlin.collections.ArraysKt__ArraysKt                                           : loaded 3 times (x 73B)
Class com.android.build.gradle.internal.ide.dependencies.LibraryCacheImpl$getProjectInfo$1: loaded 3 times (x 81B)
Class com.android.build.api.variant.BuiltArtifacts                                    : loaded 3 times (x 72B)
Class org.jetbrains.kotlin.compilerRunner.UsesCompilerSystemPropertiesService         : loaded 3 times (x 72B)
Class [Lorg.jetbrains.kotlin.gradle.plugin.sources.android.AndroidVariantType;        : loaded 3 times (x 71B)
Class org.jetbrains.kotlin.gradle.plugin.mpp.compilationImpl.KotlinCompilationSourceSetInclusion$Companion: loaded 3 times (x 73B)
Class org.jetbrains.kotlin.tooling.core.ExtrasProperty                                : loaded 3 times (x 72B)
Class com.android.build.gradle.internal.scope.InternalArtifactType$EXTERNAL_LIBS_DEX_ARCHIVE_WITH_ARTIFACT_TRANSFORMS: loaded 3 times (x 76B)
Class com.android.build.gradle.internal.scope.InternalArtifactType$APK_IDE_REDIRECT_FILE: loaded 3 times (x 76B)
Class com.android.build.gradle.internal.scope.InternalArtifactType$BUNDLE_IDE_REDIRECT_FILE: loaded 3 times (x 76B)
Class com.android.build.gradle.internal.VariantTaskManager$createAnchorAssembleTasks$4: loaded 3 times (x 77B)
Class com.android.build.gradle.internal.publishing.PublishingSpecs$VariantSpec        : loaded 3 times (x 72B)
Class com.android.build.api.artifact.SingleArtifact$AAR                               : loaded 3 times (x 76B)
Class org.jetbrains.kotlin.gradle.tasks.UsesKotlinJavaToolchain$DefaultImpls          : loaded 3 times (x 73B)
Class org.jetbrains.kotlin.build.report.metrics.BuildAttributeKind$Companion          : loaded 3 times (x 73B)
Class com.android.build.gradle.internal.tasks.factory.BootClasspathConfigImpl$androidJar$2$1: loaded 3 times (x 77B)
Class com.android.build.gradle.internal.ide.v2.BasicAndroidProjectImpl$Companion      : loaded 3 times (x 73B)
Class com.android.build.gradle.internal.ide.v2.SourceProviderImpl                     : loaded 3 times (x 92B)
Class com.sun.xml.bind.v2.runtime.property.ArrayElementProperty                       : loaded 3 times (x 107B)
Class com.sun.xml.bind.api.impl.NameUtil                                              : loaded 3 times (x 82B)
Class com.sun.xml.bind.v2.util.ByteArrayOutputStreamEx                                : loaded 3 times (x 96B)
Class com.sun.xml.bind.v2.model.impl.RuntimeBuiltinLeafInfoImpl$12                    : loaded 3 times (x 138B)
Class com.sun.xml.bind.v2.model.impl.RuntimeBuiltinLeafInfoImpl$PcdataImpl            : loaded 3 times (x 136B)
Class com.sun.xml.bind.v2.model.impl.ElementInfoImpl                                  : loaded 3 times (x 110B)
Class com.sun.xml.bind.v2.model.annotation.AbstractInlineAnnotationReaderImpl         : loaded 3 times (x 106B)
Class com.android.sdklib.repository.meta.RepoFactory                                  : loaded 3 times (x 76B)
Class com.android.build.gradle.internal.errors.SyncIssueReporterImpl$GlobalSyncIssueService$Parameters$Inject_: loaded 3 times (x 114B)
Class org.jetbrains.kotlin.gradle.internal.properties.PropertiesBuildService$BooleanGradleProperty: loaded 3 times (x 78B)
Class com.android.build.gradle.internal.dependency.AsmClassesTransform$Companion      : loaded 3 times (x 73B)
Class com.android.build.gradle.internal.dependency.AarTransform$Inject_1              : loaded 3 times (x 111B)
Class [Lcom.android.build.gradle.internal.cxx.gradle.generator.NativeProjectPath;     : loaded 3 times (x 71B)
Class com.android.build.gradle.tasks.PackageApplication$CreationAction$handleProvider$3: loaded 3 times (x 131B)
Class org.jetbrains.kotlin.gradle.plugin.mpp.compilationImpl.KotlinCompilationSourceSetInclusion$DefaultAddSourcesToCompileTask$addSources$2: loaded 3 times (x 81B)
Class org.jetbrains.kotlin.gradle.plugin.KotlinCompilationOutput                      : loaded 3 times (x 72B)
Class org.jetbrains.kotlin.gradle.tasks.AbstractKotlinCompile                         : loaded 3 times (x 465B)
Class com.android.build.api.artifact.impl.MultiplePropertyAdapter                     : loaded 3 times (x 80B)
Class com.android.build.gradle.internal.variant.ComponentInfo                         : loaded 3 times (x 74B)
Class com.android.build.gradle.internal.core.ProductFlavor                            : loaded 3 times (x 74B)
Class com.android.build.api.attributes.AgpVersionAttr$ImplFactory                     : loaded 3 times (x 77B)
Class org.jetbrains.kotlin.gradle.plugin.VariantImplementationFactories$Companion$getProvider$1: loaded 3 times (x 77B)
Class com.android.build.gradle.internal.manifest.ManifestValueSource                  : loaded 3 times (x 81B)
Class com.android.build.gradle.internal.tasks.factory.TaskCreationAction              : loaded 3 times (x 91B)
Class org.jetbrains.kotlin.gradle.plugin.KotlinTargetComponent                        : loaded 3 times (x 72B)
Class com.android.build.gradle.internal.dsl.BundleOptionsDeviceTier$AgpDecorated_Decorated: loaded 3 times (x 132B)
Class com.android.build.gradle.internal.dsl.decorator.ApplicationInstallationImpl     : loaded 3 times (x 96B)
Class com.android.build.gradle.internal.dsl.InternalBuildType                         : loaded 3 times (x 72B)
Class com.android.build.gradle.internal.dsl.SigningConfig                             : loaded 3 times (x 149B)
Class com.android.build.gradle.internal.dsl.decorator.DslDecorator                    : loaded 3 times (x 74B)
Class com.android.build.api.dsl.AndroidTest                                           : loaded 3 times (x 72B)
Class com.android.builder.model.DimensionAware                                        : loaded 3 times (x 72B)
Class org.jetbrains.kotlin.gradle.targets.native.KonanPropertiesBuildService$Parameters_Decorated: loaded 3 times (x 132B)
Class org.jetbrains.kotlin.gradle.plugin.KotlinPluginWrapperKt$kotlinPluginVersionFromResources$1$1: loaded 3 times (x 73B)
Class com.android.ide.common.signing.KeytoolException                                 : loaded 3 times (x 86B)
Class com.android.build.gradle.internal.res.Aapt2FromMaven$Companion$Aapt2Extractor$Inject_1: loaded 3 times (x 111B)
Class com.android.build.gradle.internal.core.ExecutionProfileOptions                  : loaded 3 times (x 74B)
Class [Lcom.android.build.api.artifact.Artifact$Single;                               : loaded 3 times (x 71B)
Class com.android.build.gradle.internal.SdkComponentsBuildService$VersionedSdkLoader$optionalLibrariesProvider$1: loaded 3 times (x 77B)
Class com.android.sdklib.repository.generated.sysimg.v5.ObjectFactory                 : loaded 3 times (x 77B)
Class com.android.repository.impl.meta.RepoPackageImpl$Dependencies                   : loaded 3 times (x 74B)
Class com.sun.xml.bind.v2.runtime.ValueListBeanInfoImpl                               : loaded 3 times (x 91B)
Class com.sun.xml.bind.v2.runtime.unmarshaller.DomLoader                              : loaded 3 times (x 80B)
Class com.sun.istack.SAXParseException2                                               : loaded 3 times (x 89B)
Class com.android.build.gradle.internal.ide.v2.JavaArtifactImpl                       : loaded 3 times (x 88B)
Class com.android.build.gradle.internal.tasks.featuresplit.PackagedDependenciesWriterTaskKt: loaded 3 times (x 73B)
Class com.android.build.gradle.internal.ide.dependencies.LocalJarCacheImpl$cache$1$create$$inlined$sortedBy$1: loaded 3 times (x 91B)
Class kotlin.text.StringsKt__StringBuilderKt                                          : loaded 3 times (x 73B)
Class kotlin.jvm.internal.CallableReference$NoReceiver                                : loaded 3 times (x 73B)
Class com.android.build.gradle.internal.component.PublishableCreationConfig           : loaded 3 times (x 72B)
Class com.android.build.gradle.options.FeatureStage                                   : loaded 3 times (x 74B)
Class kotlin.collections.SetsKt__SetsJVMKt                                            : loaded 3 times (x 73B)
Class kotlin.Function                                                                 : loaded 3 times (x 72B)
Class com.android.build.api.dsl.TestDefaultConfig                                     : loaded 3 times (x 72B)
Class com.android.build.gradle.internal.dsl.decorator.SupportedPropertyType$Var$NullableInt: loaded 3 times (x 76B)
Class com.android.build.gradle.internal.dsl.BaselineProfileImpl$AgpDecorated_Decorated: loaded 3 times (x 130B)
Class com.android.build.gradle.internal.core.dsl.features.DeviceTestOptionsDslInfo    : loaded 3 times (x 72B)
Class com.android.build.gradle.internal.profile.AnalyticsConfiguratorService$Params$Inject_: loaded 3 times (x 108B)
Class com.android.build.gradle.internal.manifest.LazyManifestParser$manifestData$2    : loaded 3 times (x 77B)
Class com.android.build.api.variant.HostTestBuilder                                   : loaded 3 times (x 72B)
Class com.android.tools.analytics.CommonMetricsData                                   : loaded 3 times (x 73B)
Class org.jetbrains.kotlin.gradle.targets.native.internal.PlatformLibrariesGenerator$Companion: loaded 3 times (x 73B)
Class org.jetbrains.kotlin.gradle.plugin.DefaultKotlinBasePlugin$setupAttributeMatchingStrategy$1$2: loaded 3 times (x 81B)
Class com.android.build.gradle.internal.component.features.OptimizationCreationConfig : loaded 3 times (x 72B)
Class com.android.build.gradle.internal.dsl.MultiDexConfigImpl                        : loaded 3 times (x 82B)
Class com.sun.xml.bind.v2.runtime.unmarshaller.LeafPropertyXsiLoader                  : loaded 3 times (x 80B)
Class com.sun.xml.bind.v2.runtime.property.ArrayReferenceNodeProperty                 : loaded 3 times (x 106B)
Class [Lcom.sun.xml.bind.v2.runtime.property.AttributeProperty;                       : loaded 3 times (x 71B)
Class javax.xml.bind.annotation.XmlElements                                           : loaded 3 times (x 72B)
Class com.sun.xml.bind.v2.model.impl.ClassInfoImpl$ConflictException                  : loaded 3 times (x 84B)
Class com.sun.xml.bind.v2.model.annotation.XmlElementQuick                            : loaded 3 times (x 98B)
Class com.sun.xml.bind.v2.model.impl.RuntimeBuiltinLeafInfoImpl$13                    : loaded 3 times (x 139B)
Class com.sun.xml.bind.v2.model.impl.ModelBuilderI                                    : loaded 3 times (x 72B)
Class com.sun.xml.bind.v2.runtime.LeafBeanInfoImpl                                    : loaded 3 times (x 91B)
Class com.android.build.gradle.internal.SdkLibDataFactory$getSettingsController$1     : loaded 3 times (x 80B)
Class com.android.build.api.component.impl.DefaultSourcesProviderImpl                 : loaded 3 times (x 108B)
Class com.android.build.gradle.internal.scope.InternalArtifactType$APP_INTEGRITY_CONFIG: loaded 3 times (x 76B)
Class com.android.build.gradle.internal.tasks.InstallVariantTask                      : loaded 3 times (x 342B)
Class org.jetbrains.kotlin.tooling.core.Extras$Entry                                  : loaded 3 times (x 74B)
Class org.jetbrains.kotlin.gradle.plugin.sources.InternalKotlinSourceSetKt            : loaded 3 times (x 73B)
Class com.android.build.api.variant.impl.LayeredSourceDirectoriesImpl                 : loaded 3 times (x 94B)
Class com.android.build.gradle.internal.component.LibraryCreationConfig               : loaded 3 times (x 72B)
Class com.android.build.api.variant.VariantOutput                                     : loaded 3 times (x 72B)
Class com.android.build.gradle.internal.variant.VariantPathHelper                     : loaded 3 times (x 76B)
Class com.android.build.gradle.internal.dependency.VariantDependencies$Companion      : loaded 3 times (x 73B)
Class com.android.build.gradle.internal.core.MergedOptions                            : loaded 3 times (x 72B)
Class com.android.build.api.dsl.ApplicationAndroidResources                           : loaded 3 times (x 72B)
Class com.android.build.gradle.internal.api.artifact.SourceArtifactType$BASELINE_PROFILES: loaded 3 times (x 76B)
Class com.android.build.api.dsl.AaptOptions                                           : loaded 3 times (x 72B)
Class com.android.build.api.dsl.LibraryBaseFlavor                                     : loaded 3 times (x 72B)
Class org.jetbrains.kotlin.gradle.dsl.KotlinJvmCompilerOptionsDefault_Decorated       : loaded 3 times (x 168B)
Class org.jetbrains.kotlin.gradle.internal.ClassLoadersCachingBuildService$Parameters_Decorated: loaded 3 times (x 132B)
Class org.jetbrains.kotlin.gradle.targets.native.toolchain.KotlinNativeBundleBuildService$Companion: loaded 3 times (x 73B)
Class org.jetbrains.kotlin.gradle.plugin.VariantImplementationFactoriesConfigurator   : loaded 3 times (x 78B)
Class org.jetbrains.kotlin.gradle.plugin.HasKotlinDependencies                        : loaded 3 times (x 72B)
Class org.jetbrains.kotlin.gradle.internal.Kapt3GradleSubplugin$Kapt3SubpluginContext : loaded 3 times (x 74B)
Class com.android.build.gradle.internal.services.Aapt2ThreadPoolBuildService$Params   : loaded 3 times (x 72B)
Class com.google.protobuf.Internal$ProtobufList                                       : loaded 3 times (x 72B)
Class com.android.build.gradle.internal.DependencyResolutionChecksKt                  : loaded 3 times (x 73B)
Class [Lcom.android.tools.analytics.AnalyticsLevel;                                   : loaded 3 times (x 71B)
Class com.android.build.gradle.internal.lint.LintFromMaven$Companion                  : loaded 3 times (x 73B)
Class com.android.build.gradle.tasks.MergeResources$Flag                              : loaded 3 times (x 81B)
Class com.android.ide.common.blame.SourceFile                                         : loaded 3 times (x 74B)
Class com.android.build.gradle.internal.dependency.AdditionalArtifactType             : loaded 3 times (x 81B)
Class com.android.build.gradle.internal.services.VersionedSdkLoaderService            : loaded 3 times (x 74B)
Class com.android.build.gradle.internal.plugins.AppPlugin$Binding                     : loaded 3 times (x 77B)
Class org.gradle.accessors.dm.LibrariesForLibs$PluginAccessors                        : loaded 3 times (x 77B)
Class com.android.build.gradle.internal.dsl.InternalFusedLibraryExtension             : loaded 3 times (x 72B)
Class com.android.build.gradle.internal.component.ComponentBasedBuiltInKotlinCreationConfig$Companion: loaded 3 times (x 73B)
Class org.jetbrains.kotlin.gradle.dsl.KotlinCommonCompilerToolOptionsHelper           : loaded 3 times (x 73B)
Class com.android.build.gradle.internal.dsl.AnnotationProcessorOptions$AgpDecorated   : loaded 3 times (x 108B)
Class com.android.build.gradle.internal.plugins.BasePlugin$createTasks$1              : loaded 3 times (x 77B)
Class com.android.build.gradle.internal.tasks.NonIncrementalGlobalTask                : loaded 3 times (x 329B)
Class org.jetbrains.kotlin.compose.compiler.gradle.ComposeCompilerGradlePluginExtension: loaded 3 times (x 78B)
Class com.android.build.gradle.internal.core.dsl.impl.DslInfoUtilsKt                  : loaded 3 times (x 73B)
Class kotlin.internal.ProgressionUtilKt                                               : loaded 3 times (x 73B)
Class com.android.build.api.variant.AndroidTestBuilder                                : loaded 3 times (x 72B)
Class kotlin.io.FileAlreadyExistsException                                            : loaded 3 times (x 84B)
Class com.android.build.gradle.internal.ide.v2.AndroidLibraryDataImpl                 : loaded 3 times (x 89B)
Class com.android.build.gradle.internal.ide.v2.InstallationImpl$Companion             : loaded 3 times (x 73B)
Class com.android.build.gradle.internal.component.features.BuildConfigCreationConfig  : loaded 3 times (x 72B)
Class com.android.build.api.variant.BuildConfigField                                  : loaded 3 times (x 74B)
Class com.android.build.gradle.internal.core.dsl.NestedComponentDslInfo               : loaded 3 times (x 72B)
Class com.android.build.gradle.internal.VariantTaskManager$checkMultidexDependency$$inlined$filterIsInstance$1: loaded 3 times (x 76B)
Class [Lcom.android.builder.dexing.DexingType;                                        : loaded 3 times (x 71B)
Class com.android.build.api.component.impl.ComponentImpl$computeLocalPackagedJars$1   : loaded 3 times (x 82B)
Class com.android.build.gradle.internal.scope.InternalArtifactType$METADATA_APPLICATION_ID: loaded 3 times (x 76B)
Class org.jetbrains.kotlin.gradle.tasks.KotlinCompile$ClasspathSnapshotProperties_Decorated: loaded 3 times (x 135B)
Class com.android.build.gradle.tasks.JdkImageInput$jrtFsJar$1                         : loaded 3 times (x 76B)
Class com.android.build.gradle.internal.dependency.JdkImageTransformKt                : loaded 3 times (x 73B)
Class com.android.build.gradle.internal.ide.v2.ModelBuilder$BuildTypeSourceSetBuilder : loaded 3 times (x 85B)
Class com.sun.xml.bind.v2.runtime.reflect.AdaptedLister                               : loaded 3 times (x 79B)
Class com.android.repository.impl.generated.v1.TypeDetails                            : loaded 3 times (x 77B)
Class com.sun.xml.bind.v2.model.nav.ReflectionNavigator$10                            : loaded 3 times (x 79B)
Class com.sun.xml.bind.v2.model.impl.RuntimeBuiltinLeafInfoImpl$UUIDImpl              : loaded 3 times (x 138B)
Class com.sun.xml.bind.v2.model.impl.RuntimeBuiltinLeafInfoImpl$14                    : loaded 3 times (x 138B)
Class com.sun.xml.bind.v2.model.core.RegistryInfo                                     : loaded 3 times (x 72B)
Class com.android.repository.impl.generated.v2.ChecksumType                           : loaded 3 times (x 84B)
Class com.android.sdklib.repository.generated.addon.v1.ObjectFactory                  : loaded 3 times (x 82B)
Class com.android.build.gradle.internal.scope.InternalArtifactType$LIBRARY_ART_PROFILE: loaded 3 times (x 76B)
Class com.android.build.gradle.internal.dependency.DexingRegistration$ComponentAgnosticParameters: loaded 3 times (x 74B)
Class com.android.build.gradle.internal.utils.DesugarLibUtils$getDesugarLibConfigFromTransform$1$1: loaded 3 times (x 76B)
Class com.android.build.gradle.internal.services.Aapt2Input_Decorated                 : loaded 3 times (x 157B)
Class com.android.build.gradle.internal.scope.InternalArtifactType$APK_FROM_BUNDLE_IDE_MODEL: loaded 3 times (x 76B)
Class com.android.build.gradle.internal.tasks.ValidateSigningTask                     : loaded 3 times (x 338B)
Class com.android.build.gradle.tasks.PackageApplication$CreationAction$handleProvider$5: loaded 3 times (x 133B)
Class com.android.build.gradle.internal.tasks.ExtractNativeDebugMetadataTask$SymbolTableCreationAction$handleProvider$1: loaded 3 times (x 133B)
Class com.android.builder.dexing.R8Version                                            : loaded 3 times (x 73B)
Class org.jetbrains.kotlin.gradle.plugin.mpp.compilationImpl.KotlinCompilationSourceSetInclusion$Companion$includedSourceSets$2: loaded 3 times (x 80B)
Class com.android.build.gradle.tasks.KotlinCompileCreationAction$handleProvider$1     : loaded 3 times (x 76B)
Class org.jetbrains.kotlin.gradle.internal.transforms.BuildToolsApiClasspathEntrySnapshotTransform$Parameters_Decorated: loaded 3 times (x 155B)
Class com.android.build.gradle.internal.dependency.VariantDependencies$Companion$computeLocalFileDependencies$dependencies$1: loaded 3 times (x 77B)
Class com.android.build.api.variant.VariantOutputConfiguration$OutputType             : loaded 3 times (x 81B)
Class com.android.build.api.variant.TestComponent                                     : loaded 3 times (x 72B)
Class com.android.build.api.attributes.BuildTypeAttr$Companion                        : loaded 3 times (x 73B)
Class com.android.build.api.variant.TestSuiteBuilder                                  : loaded 3 times (x 72B)
Class com.android.build.gradle.internal.core.dsl.features.AndroidResourcesDslInfo     : loaded 3 times (x 72B)
Class com.android.build.gradle.internal.crash.CrashReporting$afterEvaluate$1          : loaded 3 times (x 77B)
Class com.android.build.gradle.internal.dsl.MinSdkSpecImpl                            : loaded 3 times (x 83B)
Class com.android.build.api.dsl.Packaging                                             : loaded 3 times (x 72B)
Class com.android.build.gradle.internal.dsl.ProductFlavor                             : loaded 3 times (x 471B)
Class org.jetbrains.kotlin.gradle.plugin.KotlinGradleFinishBuildHandler$Companion     : loaded 3 times (x 73B)
Class org.jetbrains.kotlin.gradle.internal.IsInIdeaSyncValueSource                    : loaded 3 times (x 80B)
Class com.android.build.gradle.internal.SdkComponentsBuildService$RegistrationAction  : loaded 3 times (x 76B)
Class com.android.build.gradle.internal.ide.dependencies.LibraryDependencyCacheBuildService: loaded 3 times (x 82B)
Class com.google.wireless.android.sdk.stats.GarbageCollectionStats                    : loaded 3 times (x 202B)
Class org.jetbrains.kotlin.gradle.internal.transforms.BuildToolsApiClasspathEntrySnapshotTransform: loaded 3 times (x 84B)
Class com.google.protobuf.ExtensionRegistry$ExtensionInfo                             : loaded 3 times (x 74B)
Class org.jetbrains.kotlin.gradle.plugin.mpp.compilationImpl.factory.KotlinCompilationImplFactory$PreConfigure: loaded 3 times (x 72B)
Class com.android.build.gradle.options.Option$Status$Removed                          : loaded 3 times (x 74B)
Class com.android.build.api.variant.CanMinifyCode                                     : loaded 3 times (x 72B)
Class com.android.build.gradle.options.ProjectOptionService                           : loaded 3 times (x 79B)
Class org.gradle.accessors.dm.LibrariesForLibsInPluginsBlock$VersionAccessors         : loaded 3 times (x 87B)
Class com.android.build.gradle.internal.tasks.factory.features.AndroidResourcesTaskCreationActionImpl: loaded 3 times (x 77B)
Class com.android.build.api.variant.impl.ResourcesApkPackagingImpl                    : loaded 3 times (x 82B)
Class com.android.build.gradle.internal.tasks.ProcessJavaResTask$CreationAction$handleProvider$1: loaded 3 times (x 133B)
Class org.jetbrains.kotlin.gradle.tasks.KotlinCompilationTask                         : loaded 3 times (x 72B)
Class org.jetbrains.kotlin.gradle.plugin.mpp.compilationImpl.factory.KotlinCompilationImplFactory$ProcessResourcesTaskNameFactory: loaded 3 times (x 72B)
Class com.android.build.gradle.internal.scope.InternalArtifactType$MERGED_JAVA_RES    : loaded 3 times (x 76B)
Class org.jetbrains.kotlin.gradle.targets.js.dsl.KotlinJsTargetDsl                    : loaded 3 times (x 72B)
Class org.jetbrains.kotlin.gradle.tasks.KotlinCompile$createCompilerArguments$1$1     : loaded 3 times (x 81B)
Class com.android.build.api.component.impl.DefaultSourcesProviderImpl$getBaselineProfiles$1: loaded 3 times (x 133B)
Class com.android.build.gradle.internal.variant.BuildAuthorSpecifiedDefaultBuildTypeComparator: loaded 3 times (x 92B)
Class com.android.build.gradle.internal.lint.VariantWithTests                         : loaded 3 times (x 74B)
Class com.android.build.gradle.internal.VariantTaskManager$createAnchorAssembleTasks$3: loaded 3 times (x 77B)
Class com.android.build.gradle.internal.scope.InternalArtifactType$ANDROID_TEST_LINT_MODEL: loaded 3 times (x 76B)
Class org.jetbrains.kotlin.gradle.plugin.statistics.BuildFusService$Parameters        : loaded 3 times (x 72B)
Class com.sun.xml.bind.v2.model.impl.ClassInfoImpl$SecondaryAnnotation                : loaded 3 times (x 81B)
Class com.sun.xml.bind.v2.model.impl.RuntimeBuiltinLeafInfoImpl$15                    : loaded 3 times (x 138B)
Class com.sun.xml.bind.v2.runtime.AnyTypeBeanInfo                                     : loaded 3 times (x 94B)
Class com.sun.xml.bind.v2.model.core.MaybeElement                                     : loaded 3 times (x 72B)
Class javax.xml.bind.ContextFinder                                                    : loaded 3 times (x 73B)
Class com.android.sdklib.repository.meta.DetailsTypes                                 : loaded 3 times (x 73B)
Class org.jetbrains.kotlin.gradle.plugin.KotlinTargetsContainer                       : loaded 3 times (x 72B)
Class com.android.build.gradle.internal.services.UsesAapt2DaemonBuildService          : loaded 3 times (x 72B)
Class com.android.build.gradle.internal.SdkComponentsBuildService$Inject_             : loaded 3 times (x 102B)
Class com.android.build.gradle.internal.tasks.ExtractApksTask                         : loaded 3 times (x 344B)
Class com.android.build.gradle.internal.scope.InternalArtifactType$SIGNING_CONFIG_VERSIONS: loaded 3 times (x 76B)
Class com.android.build.gradle.internal.scope.InternalArtifactType$PACKAGED_DEPENDENCIES: loaded 3 times (x 76B)
Class com.android.build.gradle.internal.TaskManager$createPackagingTask$1             : loaded 3 times (x 77B)
Class com.android.build.gradle.tasks.PackageAndroidArtifact$CreationAction$Companion  : loaded 3 times (x 73B)
Class com.android.build.gradle.internal.tasks.DexFileDependenciesTask                 : loaded 3 times (x 345B)
Class com.android.build.gradle.internal.tasks.DexArchiveBuilderTask                   : loaded 3 times (x 354B)
Class org.jetbrains.kotlin.gradle.plugin.mpp.compilationImpl.KotlinCompilationRegisterInSourceSetsConfigurator$configure$1: loaded 3 times (x 81B)
Class com.android.build.gradle.internal.tasks.creationconfig.JavaCompileCreationConfig: loaded 3 times (x 72B)
Class com.android.build.api.artifact.impl.InAndOutDirectoryOperationRequestImpl       : loaded 3 times (x 83B)
Class com.android.build.gradle.internal.core.dsl.impl.features.OptimizationDslInfoImpl$postProcessingOptions$2$1: loaded 3 times (x 82B)
Class com.android.build.gradle.internal.dsl.LintImpl$SeverityOverrideSet              : loaded 3 times (x 145B)
Class com.android.builder.model.AdbOptions                                            : loaded 3 times (x 72B)
Class com.android.build.api.dsl.MinSdkVersion                                         : loaded 3 times (x 72B)
Class com.android.build.gradle.internal.tasks.GlobalSyntheticsGeneratorTask$CreationAction: loaded 3 times (x 92B)
Class com.android.builder.model.DataBindingOptions                                    : loaded 3 times (x 72B)
Class org.jetbrains.kotlin.gradle.plugin.mpp.KotlinUsageContext                       : loaded 3 times (x 72B)
Class org.jetbrains.kotlin.gradle.utils.ConfigurationsKt                              : loaded 3 times (x 73B)
Class org.jetbrains.kotlin.gradle.plugin.diagnostics.DefaultProblemsReporter$Factory  : loaded 3 times (x 78B)
Class com.android.prefs.VariableValue                                                 : loaded 3 times (x 84B)
Class com.android.prefs.AbstractAndroidLocations$Companion                            : loaded 3 times (x 73B)
Class com.android.build.gradle.internal.tasks.AppMetadataTaskKt$configureTaskOutputs$1: loaded 3 times (x 133B)
Class [Lcom.android.build.api.variant.impl.DirectoryEntry$Kind;                       : loaded 3 times (x 71B)
Class com.google.gson.stream.JsonReader$1                                             : loaded 3 times (x 74B)
Class com.android.ide.common.blame.SourcePositionJsonTypeAdapter                      : loaded 3 times (x 77B)
Class com.android.build.gradle.options.FeatureStage$Removed                           : loaded 3 times (x 74B)
Class com.android.build.gradle.options.Stage                                          : loaded 3 times (x 74B)
Class com.android.build.api.dsl.CompileSdkSpec                                        : loaded 3 times (x 72B)
Class com.android.build.gradle.internal.scope.BuildArtifactSpec                       : loaded 3 times (x 74B)
Class com.android.build.gradle.internal.variant.DefaultBuildTypeComparator            : loaded 3 times (x 92B)
Class com.android.build.gradle.internal.ide.v2.VersionsImpl                           : loaded 3 times (x 78B)
Class com.android.builder.sdk.LicenceNotAcceptedException                             : loaded 3 times (x 84B)
Class javax.xml.bind.annotation.XmlSchema                                             : loaded 3 times (x 72B)
Class com.android.repository.impl.generated.v1.DependencyType                         : loaded 3 times (x 83B)
Class com.android.repository.api.LocalPackage                                         : loaded 3 times (x 72B)
Class com.android.sdklib.repository.generated.common.v4.ApiDetailsType                : loaded 3 times (x 118B)
Class com.android.build.gradle.internal.api.ApkVariantOutputImpl                      : loaded 3 times (x 132B)
Class com.android.repository.impl.generated.v2.PatchesType                            : loaded 3 times (x 77B)
Class com.sun.xml.bind.v2.runtime.property.TagAndType                                 : loaded 3 times (x 74B)
Class com.android.build.gradle.internal.publishing.PublishingSpecs                    : loaded 3 times (x 73B)
Class org.jetbrains.kotlin.gradle.tasks.KotlinCompile$createCompilerArguments$1$2     : loaded 3 times (x 81B)
Class org.jetbrains.kotlin.build.report.metrics.BuildAttributes$Companion             : loaded 3 times (x 73B)
Class com.android.build.api.attributes.ProductFlavorAttr$Companion                    : loaded 3 times (x 73B)
Class com.android.build.gradle.internal.ide.v2.LibraryImpl$Companion                  : loaded 3 times (x 73B)
Class org.gradle.kotlin.dsl.Accessors7cddnu26duc8nxp06w1clhaoeKt                      : loaded 3 times (x 73B)
Class kotlin.collections.ArraysKt__ArraysJVMKt                                        : loaded 3 times (x 73B)
Class org.gradle.accessors.dm.LibrariesForLibs$AndroidxLifecycleLibraryAccessors      : loaded 3 times (x 79B)
Class org.gradle.accessors.dm.LibrariesForLibsInPluginsBlock_Decorated                : loaded 3 times (x 126B)
Class com.android.build.gradle.internal.ide.v2.TestInfoImpl                           : loaded 3 times (x 80B)
Class com.android.sdklib.repository.generated.addon.v1.MavenType                      : loaded 3 times (x 82B)
Class com.sun.xml.bind.v2.model.impl.ReferencePropertyInfoImpl                        : loaded 3 times (x 128B)
Class javax.xml.bind.annotation.XmlTransient                                          : loaded 3 times (x 72B)
Class com.sun.xml.bind.v2.model.impl.AnyTypeImpl                                      : loaded 3 times (x 91B)
Class com.sun.xml.bind.v2.model.impl.RuntimeBuiltinLeafInfoImpl$16                    : loaded 3 times (x 138B)
Class com.sun.xml.bind.v2.runtime.IllegalAnnotationsException                         : loaded 3 times (x 88B)
Class com.android.build.gradle.internal.SdkLocator$PropertyLocation                   : loaded 3 times (x 81B)
Class com.android.build.gradle.internal.scope.InternalArtifactType$METADATA_FEATURE_DECLARATION: loaded 3 times (x 76B)
Class com.android.build.gradle.internal.VariantTaskManager$createReportTasks$1        : loaded 3 times (x 77B)
Class com.android.build.gradle.internal.lint.AndroidLintTextOutputTask                : loaded 3 times (x 343B)
Class com.android.build.gradle.internal.tasks.SigningConfigWriterTask$CreationAction  : loaded 3 times (x 92B)
Class com.android.build.gradle.internal.tasks.MergeJavaResourcesInputsOutputs         : loaded 3 times (x 72B)
Class org.jetbrains.kotlin.gradle.targets.js.dsl.KotlinTargetWithNodeJsDsl            : loaded 3 times (x 72B)
Class org.jetbrains.kotlin.gradle.plugin.sources.DefaultKotlinSourceSetKt$defaultSourceSetLanguageSettingsChecker$1: loaded 3 times (x 80B)
Class org.jetbrains.kotlin.gradle.plugin.sources.InternalKotlinSourceSet              : loaded 3 times (x 72B)
Class com.android.build.gradle.internal.scope.InternalArtifactType$AAR_METADATA_CHECK : loaded 3 times (x 76B)
Class com.android.build.gradle.tasks.CompileNavigationXmlTask                         : loaded 3 times (x 344B)
Class com.android.build.api.artifact.impl.OutOperationRequestImpl                     : loaded 3 times (x 95B)
Class com.android.build.api.artifact.impl.ArtifactOperationRequest                    : loaded 3 times (x 72B)
Class com.android.build.gradle.internal.tasks.ValidateResourcesTask$CreateAction      : loaded 3 times (x 92B)
Class com.android.build.gradle.internal.dependency.ConstraintHandler                  : loaded 3 times (x 73B)
Class com.android.build.api.variant.impl.GlobalVariantBuilderConfig                   : loaded 3 times (x 72B)
Class com.android.build.gradle.internal.lint.LintTaskManager                          : loaded 3 times (x 74B)
Class com.android.build.gradle.internal.tasks.ExtractProguardFiles                    : loaded 3 times (x 331B)
Class com.android.build.api.variant.ScopedArtifacts                                   : loaded 3 times (x 72B)
Class com.android.build.gradle.internal.services.FakeDependencyJarBuildService$Params$Inject_: loaded 3 times (x 108B)
Class com.android.build.gradle.internal.dsl.TestOptions$suites$1$1                    : loaded 3 times (x 77B)
Class com.google.common.base.Converter$ConverterComposition                           : loaded 3 times (x 92B)
Class com.android.build.gradle.internal.scope.InternalArtifactType$RES_STATIC_LIBRARY : loaded 3 times (x 76B)
Class com.android.build.gradle.internal.dsl.decorator.SupportedPropertyType$Block     : loaded 3 times (x 76B)
Class com.android.build.api.dsl.CompileSdkVersion                                     : loaded 3 times (x 72B)
Class com.android.build.api.dsl.ApplicationDefaultConfig                              : loaded 3 times (x 72B)
Class org.jetbrains.kotlin.gradle.dsl.KotlinGradlePluginPublicDsl                     : loaded 3 times (x 72B)
Class org.jetbrains.kotlin.gradle.internal.properties.NativeProperties                : loaded 3 times (x 72B)
Class org.jetbrains.kotlin.gradle.plugin.internal.ConfigurationCacheStartParameterAccessor: loaded 3 times (x 72B)
Class org.jetbrains.kotlin.gradle.internal.diagnostics.GradleCompatibilityCheck$DefaultCurrentGradleVersionProvider: loaded 3 times (x 76B)
Class org.jetbrains.kotlin.gradle.dsl.KotlinBaseExtension                             : loaded 3 times (x 72B)
Class com.android.build.gradle.internal.plugins.AndroidPluginBaseServices$applyBaseServices$2: loaded 3 times (x 77B)
Class com.android.build.gradle.internal.profile.ProjectData                           : loaded 3 times (x 74B)
Class com.android.build.gradle.internal.scope.InternalArtifactType$RUNTIME_LIBRARY_CLASSES_JAR: loaded 3 times (x 76B)
Class com.android.build.gradle.internal.core.dsl.MultiVariantComponentDslInfo         : loaded 3 times (x 72B)
Class com.android.build.gradle.internal.tasks.factory.TaskManagerConfigImpl           : loaded 3 times (x 78B)
Class org.gradle.accessors.dm.LibrariesForLibsInPluginsBlock$AndroidPluginAccessors   : loaded 3 times (x 76B)
Class com.android.build.gradle.api.FusedLibraryPlugin                                 : loaded 3 times (x 76B)
Class com.android.build.gradle.options.FeatureStage$SoftlyEnforced                    : loaded 3 times (x 74B)
Class javax.xml.bind.ContextFinder$1                                                  : loaded 3 times (x 75B)
Class com.sun.xml.bind.api.Bridge                                                     : loaded 3 times (x 87B)
Class com.android.build.gradle.internal.profile.AnalyticsConfiguratorService$State    : loaded 3 times (x 81B)
Class com.google.wireless.android.sdk.stats.InstantRunStatus                          : loaded 3 times (x 206B)
Class com.google.protobuf.PrimitiveNonBoxingCollection                                : loaded 3 times (x 72B)
Class com.android.build.gradle.internal.services.AndroidLocationsBuildService$Inject_ : loaded 3 times (x 112B)
Class org.jetbrains.kotlin.gradle.tasks.KotlinCompile$createCompilerArguments$1$3     : loaded 3 times (x 81B)
Class com.android.build.gradle.tasks.PackageApplication_Decorated                     : loaded 3 times (x 467B)
Class com.android.build.gradle.internal.tasks.featuresplit.PackagedDependenciesWriterTaskKt$aarOrJarType$1: loaded 3 times (x 76B)
Class com.android.build.gradle.internal.ManagedDeviceUtilsKt$getManagedDeviceAvdFolder$1: loaded 3 times (x 77B)
Class com.sun.xml.bind.v2.model.impl.RuntimeTypeInfoSetImpl                           : loaded 3 times (x 125B)
Class org.jetbrains.kotlin.gradle.internal.properties.PropertiesBuildService$property$1: loaded 3 times (x 81B)
Class com.android.build.gradle.internal.res.LinkApplicationAndroidResourcesTask$Companion: loaded 3 times (x 73B)
Class com.android.build.gradle.internal.ide.v2.AndroidArtifactImpl                    : loaded 3 times (x 104B)
Class org.jetbrains.kotlin.gradle.plugin.DefaultKotlinBasePlugin$setupAttributeMatchingStrategy$1$1: loaded 3 times (x 81B)
Class com.android.build.gradle.internal.dsl.AndroidTestImpl                           : loaded 3 times (x 79B)
Class com.android.build.api.dsl.FusedLibraryExtension                                 : loaded 3 times (x 72B)
Class com.sun.xml.bind.v2.model.impl.Utils$1                                          : loaded 3 times (x 79B)
Class javax.xml.bind.annotation.XmlMimeType                                           : loaded 3 times (x 72B)
Class javax.xml.bind.annotation.adapters.CollapsedStringAdapter                       : loaded 3 times (x 77B)
Class com.android.build.api.artifact.Artifact$Companion                               : loaded 3 times (x 73B)
Class com.android.build.gradle.internal.dsl.BundleOptionsAbi$AgpDecorated_Decorated   : loaded 3 times (x 127B)
Class com.android.builder.signing.DefaultSigningConfig$Companion                      : loaded 3 times (x 73B)
Class com.android.build.gradle.internal.lint.AndroidLintGlobalTask$UpdateBaselineCreationAction$Companion: loaded 3 times (x 73B)
Class com.android.build.gradle.tasks.KotlinCompileCreationActionKt                    : loaded 3 times (x 73B)
Class com.android.build.gradle.tasks.CommandLineArgumentProviderAdapter               : loaded 3 times (x 77B)
Class com.sun.xml.bind.v2.runtime.reflect.Lister$ArrayLister                          : loaded 3 times (x 79B)
Class com.sun.xml.bind.v2.runtime.property.PropertyImpl                               : loaded 3 times (x 104B)
Class com.sun.xml.bind.v2.model.impl.RuntimeBuiltinLeafInfoImpl$17                    : loaded 3 times (x 138B)
Class com.sun.xml.bind.v2.runtime.BridgeContextImpl                                   : loaded 3 times (x 79B)
Class com.sun.xml.bind.v2.runtime.ElementBeanInfoImpl                                 : loaded 3 times (x 91B)
Class com.sun.xml.bind.v2.runtime.BridgeAdapter                                       : loaded 3 times (x 89B)
Class com.android.repository.impl.meta.Archive$ArchiveFile                            : loaded 3 times (x 81B)
Class com.android.sdklib.repository.generated.repository.v4.LayoutlibType             : loaded 3 times (x 76B)
Class org.jetbrains.kotlin.gradle.dsl.KotlinMultiplatformExtension                    : loaded 3 times (x 605B)
Class com.android.build.gradle.internal.PropertiesValueSource$Params$Inject_          : loaded 3 times (x 108B)
Class com.android.build.gradle.internal.TaskManager$createPackagingTask$3             : loaded 3 times (x 77B)
Class com.android.build.gradle.internal.scope.InternalArtifactType$GLOBAL_SYNTHETICS_SUBPROJECT: loaded 3 times (x 76B)
Class org.jetbrains.kotlin.gradle.plugin.mpp.KotlinJvmAndroidCompilationKt            : loaded 3 times (x 73B)
Class org.jetbrains.kotlin.gradle.targets.js.dsl.KotlinWasmTargetDsl                  : loaded 3 times (x 72B)
Class org.jetbrains.kotlin.gradle.plugin.sources.ConsistencyCheck                     : loaded 3 times (x 74B)
Class org.jetbrains.kotlin.gradle.plugin.sources.DefaultKotlinSourceSetKt$defaultSourceSetLanguageSettingsChecker$2: loaded 3 times (x 80B)
Class org.jetbrains.kotlin.gradle.plugin.diagnostics.KotlinToolingDiagnosticsCollectorKt$kotlinToolingDiagnosticsCollectorProvider$1$execute$$inlined$variantImplementationFactoryProvider$1: loaded 3 times (x 76B)
Class org.jetbrains.kotlin.gradle.plugin.internal.BuildIdService$Companion$registerIfAbsent$1$1: loaded 3 times (x 77B)
Class com.android.build.gradle.internal.res.LinkApplicationAndroidResourcesTask$BaseCreationAction: loaded 3 times (x 98B)
Class com.android.build.gradle.internal.publishing.AndroidArtifacts$ConsumedConfigType: loaded 3 times (x 81B)
Class com.android.build.api.component.impl.features.BuildConfigCreationConfigImpl     : loaded 3 times (x 80B)
Class com.android.build.api.variant.impl.ApplicationAndroidResourcesImpl              : loaded 3 times (x 90B)
Class com.android.build.gradle.options.OptionKt                                       : loaded 3 times (x 73B)
Class org.jetbrains.kotlin.gradle.plugin.SubpluginOption                              : loaded 3 times (x 74B)
Class com.android.build.gradle.internal.tasks.factory.PreConfigAction                 : loaded 3 times (x 72B)
Class com.android.build.gradle.api.VersionedVariant                                   : loaded 3 times (x 72B)
Class com.android.build.gradle.internal.dsl.ManagedDevices$allDevices$1$1             : loaded 3 times (x 77B)
Class com.android.build.OutputFile                                                    : loaded 3 times (x 72B)
Class com.android.build.gradle.internal.dsl.OptimizationImpl$AgpDecorated             : loaded 3 times (x 91B)
Class org.objectweb.asm.commons.Method                                                : loaded 3 times (x 78B)
Class org.bouncycastle.operator.OperatorException                                     : loaded 3 times (x 84B)
Class com.android.build.gradle.internal.plugins.AndroidPluginBaseServices$applyBaseServices$3: loaded 3 times (x 77B)
Class org.jetbrains.kotlin.gradle.tasks.DefaultKotlinJavaToolchain$Companion$wireJvmTargetToJvm$1: loaded 3 times (x 77B)
Class org.jetbrains.kotlin.gradle.plugin.PropertiesProvider$booleanProvider$1         : loaded 3 times (x 76B)
Class org.jetbrains.kotlin.gradle.dsl.KotlinCommonToolOptions                         : loaded 3 times (x 72B)
Class com.android.build.gradle.internal.services.BuildServicesKt$getBuildService$1    : loaded 3 times (x 77B)
Class com.google.wireless.android.sdk.stats.GarbageCollectionStats$Builder            : loaded 3 times (x 302B)
Class com.sun.xml.bind.v2.runtime.unmarshaller.XmlVisitor                             : loaded 3 times (x 72B)
Class javax.xml.bind.UnmarshalException                                               : loaded 3 times (x 87B)
Class org.jetbrains.kotlin.gradle.tasks.CacheableTasksKt$cacheOnlyIfEnabledForKotlin$1: loaded 3 times (x 77B)
Class com.android.build.gradle.internal.services.R8D8ThreadPoolBuildService           : loaded 3 times (x 82B)
Class [Lcom.android.build.gradle.options.Version;                                     : loaded 3 times (x 71B)
Class com.android.build.api.variant.HasTestSuitesBuilder                              : loaded 3 times (x 72B)
Class com.google.wireless.android.sdk.stats.GradleBuildProject$PluginType             : loaded 3 times (x 89B)
Class com.android.build.gradle.internal.services.BaseServices                         : loaded 3 times (x 72B)
Class com.android.build.api.dsl.TestedExtension                                       : loaded 3 times (x 72B)
Class com.android.build.gradle.internal.BadPluginException                            : loaded 3 times (x 84B)
Class com.android.build.api.instrumentation.InstrumentationScope                      : loaded 3 times (x 81B)
Class com.android.build.gradle.internal.core.dsl.impl.DslInfoCommonKt$initTestApplicationId$2: loaded 3 times (x 76B)
Class com.android.build.gradle.internal.TestFixturesTaskManager                       : loaded 3 times (x 84B)
Class com.android.build.gradle.internal.dependency.VariantDependencies$computeArtifactCollection$2: loaded 3 times (x 77B)
Class com.android.build.gradle.internal.tasks.CheckManifest$CreationAction$handleProvider$1: loaded 3 times (x 133B)
Class org.jetbrains.kotlin.gradle.plugin.mpp.compilationImpl.factory.KotlinJvmCompilerOptionsFactory$create$kotlinOptions$1: loaded 3 times (x 103B)
Class com.android.build.gradle.internal.tasks.DexFileDependenciesTask$CreationAction  : loaded 3 times (x 95B)
Class org.jetbrains.kotlin.gradle.tasks.AbstractKotlinCompile$compilerRunner$1        : loaded 3 times (x 77B)
Class com.android.build.gradle.internal.tasks.factory.AndroidVariantTaskCreationAction: loaded 3 times (x 94B)
Class com.android.build.gradle.internal.tasks.ExtractApksTask$CreationAction$handleProvider$3: loaded 3 times (x 133B)
Class com.android.build.gradle.internal.cxx.logging.ThreadLoggingEnvironment$Companion: loaded 3 times (x 73B)
Class org.jetbrains.kotlin.gradle.tasks.KotlinCompile$createCompilerArguments$1$4     : loaded 3 times (x 81B)
Class org.jetbrains.kotlin.gradle.tasks.KotlinCompile$createCompilerArguments$1       : loaded 3 times (x 81B)
Class [Lorg.jetbrains.kotlin.gradle.plugin.KotlinCompilerArgumentsProducer$ArgumentType;: loaded 3 times (x 71B)
Class com.android.build.gradle.internal.scope.InternalArtifactType$UNIT_TEST_LINT_MODEL: loaded 3 times (x 76B)
Class com.android.build.gradle.internal.scope.InternalArtifactType$RUNTIME_LIBRARY_CLASSES_DIR: loaded 3 times (x 76B)
Class com.android.repository.impl.meta.RepoPackageImpl$UsesLicense                    : loaded 3 times (x 75B)
Class com.sun.xml.bind.v2.model.runtime.RuntimeLeafInfo                               : loaded 3 times (x 72B)
Class javax.xml.bind.annotation.XmlElement                                            : loaded 3 times (x 72B)
Class javax.xml.bind.annotation.XmlIDREF                                              : loaded 3 times (x 72B)
Class javax.xml.bind.annotation.XmlSchemaTypes                                        : loaded 3 times (x 72B)
Class com.android.sdklib.repository.generated.repository.v1.SourceDetailsType         : loaded 3 times (x 122B)
Class com.android.sdklib.repository.generated.addon.v4.AddonDetailsType               : loaded 3 times (x 146B)
Class com.sun.xml.bind.v2.runtime.property.ValueProperty                              : loaded 3 times (x 104B)
Class com.android.build.gradle.internal.scope.ArtifactTypeUtil                        : loaded 3 times (x 73B)
Class com.sun.xml.bind.v2.model.impl.AttributePropertyInfoImpl$1                      : loaded 3 times (x 73B)
Class com.sun.xml.bind.v2.model.core.PropertyInfo                                     : loaded 3 times (x 72B)
Class com.sun.xml.bind.v2.model.impl.RuntimeBuiltinLeafInfoImpl$18                    : loaded 3 times (x 138B)
Class javax.activation.MimeTypeParseException                                         : loaded 3 times (x 84B)
Class com.sun.xml.bind.WhiteSpaceProcessor                                            : loaded 3 times (x 73B)
Class com.sun.xml.bind.v2.runtime.AttributeAccessor                                   : loaded 3 times (x 72B)
Class com.sun.xml.bind.v2.model.annotation.Locatable                                  : loaded 3 times (x 72B)
Class com.android.sdklib.repository.generated.repository.v3.ObjectFactory             : loaded 3 times (x 81B)
Class com.android.build.gradle.internal.SdkLocator                                    : loaded 3 times (x 73B)
Class com.android.build.gradle.internal.publishing.ProcessedArtifactUtils             : loaded 3 times (x 73B)
Class com.android.build.gradle.internal.cxx.gradle.generator.CxxConfigurationModelKt  : loaded 3 times (x 73B)
Class com.android.build.gradle.internal.lint.AndroidLintTextOutputTask$VariantCreationAction: loaded 3 times (x 94B)
Class com.android.build.gradle.internal.TaskManager$createPackagingTask$4             : loaded 3 times (x 77B)
Class org.jetbrains.kotlin.gradle.plugin.sources.FragmentConsistencyChecks$unstableFeaturesCheck$1: loaded 3 times (x 81B)
Class org.jetbrains.kotlin.gradle.plugin.sources.DefaultKotlinSourceSet               : loaded 3 times (x 143B)
Class org.jetbrains.kotlin.gradle.plugin.diagnostics.KotlinToolingDiagnosticsCollector$Parameter_Decorated: loaded 3 times (x 132B)
Class com.android.build.gradle.internal.publishing.AndroidArtifactsUtilKt             : loaded 3 times (x 73B)
Class com.android.build.gradle.internal.core.dsl.impl.InstrumentedTestDslInfoImpl$testLabel$1: loaded 3 times (x 76B)
Class com.android.build.gradle.internal.core.dsl.TestComponentDslInfo                 : loaded 3 times (x 72B)
Class com.android.build.api.variant.CodeTransparency                                  : loaded 3 times (x 72B)
Class com.android.build.gradle.internal.plugins.AndroidPluginBaseServices$applyBaseServices$4: loaded 3 times (x 77B)
Class com.android.build.gradle.internal.dsl.DexPackagingImpl$AgpDecorated_Decorated   : loaded 3 times (x 129B)
Class com.android.build.gradle.internal.dsl.ManagedDevices$allDevices$1$2             : loaded 3 times (x 77B)
Class com.android.build.gradle.internal.dsl.ApplicationAndroidResourcesImpl$AgpDecorated_Decorated: loaded 3 times (x 181B)
Class com.android.build.gradle.internal.dependency.SourceSetManager$createConfigurationsForSourceSet$2: loaded 3 times (x 77B)
Class com.android.build.gradle.internal.ide.dependencies.LocalJarCacheImpl$cache$1    : loaded 3 times (x 76B)
Class com.android.build.gradle.internal.ide.dependencies.LibraryCacheImpl             : loaded 3 times (x 77B)
Class com.android.build.gradle.internal.dsl.LibraryKeepRulesImpl                      : loaded 3 times (x 90B)
Class com.android.build.gradle.internal.dsl.BundleOptionsCodeTransparency             : loaded 3 times (x 79B)
Class org.jetbrains.kotlin.gradle.plugin.diagnostics.ProblemsReporter                 : loaded 3 times (x 72B)
Class org.jetbrains.kotlin.gradle.plugin.VariantImplementationFactories$Parameters    : loaded 3 times (x 72B)
Class org.jetbrains.kotlin.gradle.utils.ConfigurationsKt$sam$org_gradle_api_Action$0  : loaded 3 times (x 77B)
Class org.jetbrains.kotlin.gradle.plugin.internal.JavaExecTaskParametersCompatibility$Factory: loaded 3 times (x 72B)
Class com.android.sdklib.AndroidApiLevel                                              : loaded 3 times (x 76B)
Class com.android.build.gradle.options.Option$Status$EXPERIMENTAL                     : loaded 3 times (x 73B)
Class com.android.build.gradle.internal.services.ServiceRegistrationAction            : loaded 3 times (x 76B)
Class com.android.build.gradle.internal.component.TargetSdkAwareConfig                : loaded 3 times (x 72B)
Class com.android.build.api.dsl.ExecutionProfile                                      : loaded 3 times (x 72B)
Class com.android.build.gradle.internal.plugins.AppPlugin$AppProjectTypeApplyAction   : loaded 3 times (x 79B)
Class javax.xml.bind.JAXBElement$GlobalScope                                          : loaded 3 times (x 73B)
Class com.sun.xml.bind.v2.runtime.unmarshaller.ChildLoader                            : loaded 3 times (x 74B)
Class org.jetbrains.kotlin.compilerRunner.GradleCompilerRunner$Companion              : loaded 3 times (x 73B)
Class org.jetbrains.kotlin.gradle.dsl.KotlinJvmCompile$DefaultImpls                   : loaded 3 times (x 73B)
Class com.google.common.io.CharSink                                                   : loaded 3 times (x 81B)
Class kotlin.collections.SetsKt__SetsKt                                               : loaded 3 times (x 73B)
Class com.android.build.gradle.AppPlugin                                              : loaded 3 times (x 78B)
Class com.android.build.gradle.DynamicFeaturePlugin                                   : loaded 3 times (x 78B)
Class com.android.build.gradle.AppExtension                                           : loaded 3 times (x 217B)
Class com.android.build.gradle.internal.plugins.DslContainerProvider                  : loaded 3 times (x 72B)
Class com.android.build.api.dsl.AndroidLibrarySourceSet                               : loaded 3 times (x 72B)
Class com.android.build.gradle.internal.scope.BootClasspathBuilder$computeAdditionalAndRequestedOptionalLibraries$6: loaded 3 times (x 79B)
Class kotlin.text.StringsKt__StringsJVMKt                                             : loaded 3 times (x 73B)
Class org.gradle.kotlin.dsl.DebugImplementationConfigurationAccessorsKt               : loaded 3 times (x 73B)
Class com.android.sdklib.repository.targets.PlatformTarget$1                          : loaded 3 times (x 77B)
Class com.android.build.gradle.internal.scope.ArtifactTypeUtil$getRegularFiles$1      : loaded 3 times (x 77B)
Class com.google.common.base.ExtraObjectsMethodsForWeb                                : loaded 3 times (x 73B)
Class com.google.common.collect.NullnessCasts                                         : loaded 3 times (x 73B)
Class com.android.build.gradle.internal.ide.dependencies.MavenCoordinatesCacheBuildService$RegistrationAction: loaded 3 times (x 76B)
Class org.jetbrains.kotlin.gradle.plugin.internal.state.TaskLoggers                   : loaded 3 times (x 73B)
Class com.android.build.gradle.tasks.PackageAndroidArtifact$SplitterParams            : loaded 3 times (x 114B)
Class com.android.build.api.variant.BuiltArtifact                                     : loaded 3 times (x 72B)
Class com.android.build.gradle.internal.AvdComponentsBuildService$RegistrationAction  : loaded 3 times (x 76B)
Class org.jetbrains.kotlin.gradle.plugin.KotlinAndroidPluginWrapper                   : loaded 3 times (x 88B)
Class org.jetbrains.kotlin.gradle.logging.GradleLoggingUtilsKt                        : loaded 3 times (x 73B)
Class org.jetbrains.kotlin.gradle.targets.native.internal.PlatformLibrariesGenerator$GeneratedPlatformLibrariesService: loaded 3 times (x 78B)
Class org.jetbrains.kotlin.gradle.utils.FutureKt                                      : loaded 3 times (x 73B)
Class com.android.build.gradle.internal.ide.v2.VariantDependenciesAdjacencyListImpl   : loaded 3 times (x 85B)
Class com.android.build.gradle.internal.api.AndroidSourceSetName$Companion            : loaded 3 times (x 73B)
Class com.android.build.gradle.internal.dsl.SdkComponentsImpl                         : loaded 3 times (x 88B)
Class com.android.build.gradle.internal.dsl.ManagedDevices_Decorated                  : loaded 3 times (x 125B)
Class com.android.build.gradle.internal.dsl.ApplicationPublishingImpl$AgpDecorated    : loaded 3 times (x 87B)
Class com.android.build.api.variant.Aapt2                                             : loaded 3 times (x 72B)
Class com.android.build.gradle.internal.dsl.SigningConfig$AgpDecorated                : loaded 3 times (x 152B)
Class com.android.build.gradle.internal.dsl.MinSdkVersionImpl                         : loaded 3 times (x 78B)
Class com.android.build.gradle.internal.core.dsl.impl.features.OptimizationDslInfoImpl: loaded 3 times (x 100B)
Class com.android.build.gradle.internal.tasks.ListingFileRedirectTask_Decorated       : loaded 3 times (x 385B)
Class org.jetbrains.kotlin.gradle.utils.ProviderApiUtilsKt$providerWithLazyConvention$1: loaded 3 times (x 76B)
Class com.google.gson.internal.ConstructorConstructor$9                               : loaded 3 times (x 78B)
Class com.sun.xml.bind.v2.runtime.unmarshaller.XmlVisitor$TextPredictor               : loaded 3 times (x 72B)
Class com.sun.xml.bind.v2.runtime.SchemaTypeTransducer                                : loaded 3 times (x 90B)
Class com.android.sdklib.repository.generated.sysimg.v5.SysImgDetailsType             : loaded 3 times (x 149B)
Class com.android.repository.impl.meta.Archive$HostConfig                             : loaded 3 times (x 74B)
Class javax.xml.bind.annotation.XmlRegistry                                           : loaded 3 times (x 72B)
Class com.sun.xml.bind.v2.model.impl.RuntimeBuiltinLeafInfoImpl$19                    : loaded 3 times (x 138B)
Class com.android.repository.api.RepoManager$Companion                                : loaded 3 times (x 73B)
Class com.android.sdklib.repository.generated.common.v3.IdDisplayType                 : loaded 3 times (x 85B)
Class com.android.build.gradle.internal.scope.InternalArtifactType$LINT_PARTIAL_RESULTS: loaded 3 times (x 76B)
Class com.android.build.gradle.internal.utils.KgpUtils$configureKotlinCompileTasks$1  : loaded 3 times (x 77B)
Class com.android.build.gradle.internal.dependency.DexingOutputSplitTransformKt$registerTransformWithOutputType$1: loaded 3 times (x 77B)
Class com.android.build.gradle.internal.DependencyConfigurator$configureGeneralTransforms$7$1: loaded 3 times (x 76B)
Class com.android.build.gradle.internal.ide.v2.VariantDependenciesAdjacencyListImpl$Companion: loaded 3 times (x 73B)
Class com.android.build.gradle.internal.dependency.PlatformAttrTransform              : loaded 3 times (x 80B)
Class com.android.build.gradle.internal.tasks.DeviceProviderInstrumentTestTask        : loaded 3 times (x 365B)
Class com.android.build.api.variant.impl.LayeredSourceDirectoriesImpl$all$1           : loaded 3 times (x 76B)
Class com.android.build.gradle.internal.tasks.PackageBundleTask                       : loaded 3 times (x 358B)
Class com.android.build.gradle.tasks.PackageAndroidArtifact$CreationAction            : loaded 3 times (x 94B)
Class com.android.build.api.variant.impl.SigningConfigImpl$storePassword$1            : loaded 3 times (x 133B)
Class com.android.build.gradle.internal.tasks.MergeGeneratedProguardFilesCreationAction: loaded 3 times (x 92B)
Class org.jetbrains.kotlin.gradle.plugin.KotlinCompilation$DefaultImpls               : loaded 3 times (x 73B)
Class org.jetbrains.kotlin.gradle.plugin.sources.FragmentConsistencyChecks$unstableFeaturesCheck$2: loaded 3 times (x 80B)
Class com.android.build.gradle.internal.component.DynamicFeatureCreationConfig        : loaded 3 times (x 72B)
Class com.android.build.api.variant.Sources                                           : loaded 3 times (x 72B)
Class com.android.build.gradle.internal.variant.TestedVariantData                     : loaded 3 times (x 72B)
Class com.android.build.api.variant.impl.DeferredActionManager                        : loaded 3 times (x 74B)
Class com.android.build.gradle.internal.dsl.DataBindingOptions$AgpDecorated           : loaded 3 times (x 113B)
Class com.android.build.gradle.internal.DefaultConfigData                             : loaded 3 times (x 74B)
Class com.android.build.gradle.internal.dsl.VectorDrawablesOptions_Decorated          : loaded 3 times (x 133B)
Class com.android.build.gradle.internal.dsl.decorator.annotation.WithLazyInitialization: loaded 3 times (x 72B)
Class com.android.build.api.dsl.ResourcesPackaging                                    : loaded 3 times (x 72B)
Class com.android.build.gradle.internal.model.CoreNdkBuildOptions                     : loaded 3 times (x 72B)
Class com.android.build.gradle.internal.utils.KgpVersion                              : loaded 3 times (x 77B)
Class org.jetbrains.kotlin.gradle.dsl.KotlinCommonCompilerOptionsDefault              : loaded 3 times (x 98B)
Class org.jetbrains.kotlin.gradle.dsl.KotlinCommonCompilerToolOptionsDefault          : loaded 3 times (x 86B)
Class org.jetbrains.kotlin.gradle.internal.properties.NativePropertiesLoader$isUseXcodeMessageStyleEnabled$1: loaded 3 times (x 77B)
Class org.jetbrains.kotlin.gradle.internal.ClassLoadersCachingBuildService$Companion$registerIfAbsent$2$1: loaded 3 times (x 81B)
Class org.jetbrains.kotlin.gradle.report.BuildReportMode$Companion                    : loaded 3 times (x 73B)
Class org.jetbrains.kotlin.gradle.plugin.VariantImplementationFactories$VariantImplementationFactory: loaded 3 times (x 72B)
Class com.android.build.gradle.internal.services.StringCachingBuildService            : loaded 3 times (x 86B)
Class com.android.build.gradle.internal.errors.AndroidProblemReporterProvider$reporter$1: loaded 3 times (x 76B)
Class com.android.build.gradle.internal.component.ComponentCreationConfig             : loaded 3 times (x 72B)
Class com.android.build.gradle.internal.variant.VariantModel                          : loaded 3 times (x 72B)
Class com.android.build.gradle.internal.core.dsl.features.ManifestPlaceholdersDslInfo : loaded 3 times (x 72B)
Class com.android.build.api.component.impl.TestFixturesImpl                           : loaded 3 times (x 370B)
Class com.android.build.api.component.impl.LifecycleTasksImpl                         : loaded 3 times (x 78B)
Class com.android.build.gradle.internal.tasks.ModuleMetadataWriterTask                : loaded 3 times (x 344B)
Class com.android.build.gradle.tasks.MapSourceSetPathsTask                            : loaded 3 times (x 349B)
Class com.android.build.gradle.internal.tasks.DexMergingTask                          : loaded 3 times (x 347B)
Class com.android.build.gradle.internal.tasks.SigningConfigVersionsWriterTask$CreationAction: loaded 3 times (x 92B)
Class com.android.build.gradle.internal.tasks.ExtractApksTask$CreationAction$handleProvider$2: loaded 3 times (x 133B)
Class com.android.build.gradle.internal.tasks.ClasspathComparisonTask                 : loaded 3 times (x 338B)
Class com.android.build.gradle.internal.component.TestVariantCreationConfig           : loaded 3 times (x 72B)
Class com.sun.xml.bind.v2.ClassFactory$1                                              : loaded 3 times (x 84B)
Class com.android.build.api.variant.impl.FlatSourceDirectoriesForJavaImpl$all$2$1     : loaded 3 times (x 78B)
Class com.android.build.gradle.internal.dependency.IdentityTransform                  : loaded 3 times (x 80B)
Class kotlin.collections.SetsKt                                                       : loaded 3 times (x 73B)
Class kotlin.text.StringsKt__IndentKt                                                 : loaded 3 times (x 73B)
Class com.sun.xml.bind.v2.runtime.property.ArrayElementNodeProperty                   : loaded 3 times (x 107B)
Class com.sun.xml.bind.v2.model.annotation.XmlElementRefQuick                         : loaded 3 times (x 96B)
Class com.android.build.gradle.internal.utils.ConsoleProgressIndicatorFactory$create$1: loaded 3 times (x 110B)
Class com.google.common.io.ByteSink                                                   : loaded 3 times (x 78B)
Class com.sun.xml.bind.v2.runtime.JaxBeanInfo                                         : loaded 3 times (x 91B)
Class com.android.sdklib.repository.meta.DetailsTypes$SysImgDetailsType               : loaded 3 times (x 72B)
Class com.sun.xml.bind.v2.runtime.RuntimeUtil                                         : loaded 3 times (x 73B)
Class com.sun.xml.bind.v2.model.core.ValuePropertyInfo                                : loaded 3 times (x 72B)
Class com.android.repository.impl.meta.Archive$PatchType                              : loaded 3 times (x 83B)
Class com.sun.xml.bind.v2.runtime.property.SingleMapNodeProperty$2                    : loaded 3 times (x 80B)
Class javax.xml.bind.helpers.AbstractUnmarshallerImpl                                 : loaded 3 times (x 132B)
Class com.android.sdklib.repository.targets.PlatformTarget                            : loaded 3 times (x 131B)
Class com.android.repository.impl.meta.GenericFactory                                 : loaded 3 times (x 74B)
Class org.jetbrains.kotlin.gradle.tasks.internal.KotlinJvmOptionsCompat               : loaded 3 times (x 103B)
Class com.android.build.gradle.internal.SdkComponentsBuildService$VersionedSdkLoader$sdkSetupCorrectly$1: loaded 3 times (x 77B)
Class kotlin.collections.ArraysKt                                                     : loaded 3 times (x 73B)
Class org.jetbrains.kotlin.gradle.tasks.configuration.BaseKotlinCompileConfig$1$1$classpathEntrySnapshotFiles$1: loaded 3 times (x 76B)
Class com.google.gson.internal.ConstructorConstructor$13                              : loaded 3 times (x 77B)
Class com.sun.xml.bind.v2.runtime.reflect.Lister$CollectionLister                     : loaded 3 times (x 79B)
Class javax.xml.bind.annotation.XmlAccessOrder                                        : loaded 3 times (x 81B)
Class com.sun.xml.bind.v2.model.impl.RuntimeAnyTypeImpl                               : loaded 3 times (x 96B)
Class com.sun.xml.bind.v2.model.nav.Navigator                                         : loaded 3 times (x 72B)
Class com.android.build.gradle.internal.SdkLocator$ValidationResult                   : loaded 3 times (x 74B)
Class com.android.build.gradle.internal.scope.InternalArtifactType$JAVA_DOC_JAR       : loaded 3 times (x 76B)
Class com.android.build.gradle.internal.scope.InternalArtifactType$TEST_FIXTURES_LINT_MODEL: loaded 3 times (x 76B)
Class com.android.build.gradle.internal.scope.BootClasspathBuilder                    : loaded 3 times (x 73B)
Class com.android.build.gradle.internal.publishing.AarOrJarTypeToConsume              : loaded 3 times (x 74B)
Class com.android.build.api.variant.impl.SourcesImpl$manifestOverlayFiles$1           : loaded 3 times (x 76B)
Class com.android.build.api.component.impl.DefaultSourcesProviderImpl$getKeepRules$1  : loaded 3 times (x 133B)
Class com.android.build.api.artifact.SingleArtifact$METADATA_LIBRARY_DEPENDENCIES_REPORT: loaded 3 times (x 76B)
Class com.android.build.gradle.internal.tasks.FinalizeBundleTask$CreationAction$handleProvider$1: loaded 3 times (x 133B)
Class com.android.build.gradle.internal.tasks.SigningConfigVersionsWriterTask         : loaded 3 times (x 342B)
Class com.android.build.gradle.internal.tasks.featuresplit.PackagedDependenciesWriterTask$CreationAction$handleProvider$1: loaded 3 times (x 133B)
Class com.android.build.gradle.internal.scope.InternalArtifactType$GLOBAL_SYNTHETICS_EXTERNAL_LIBS_ARTIFACT_TRANSFORM: loaded 3 times (x 76B)
Class com.android.build.gradle.internal.scope.InternalArtifactType$MIXED_SCOPE_DEX_ARCHIVE: loaded 3 times (x 76B)
Class com.android.build.gradle.internal.tasks.MergeJavaResourceTask$CreationAction$handleProvider$1: loaded 3 times (x 133B)
Class org.jetbrains.kotlin.gradle.plugin.mpp.compilationImpl.KotlinCompilationImpl$1  : loaded 3 times (x 81B)
Class org.jetbrains.kotlin.gradle.plugin.mpp.compilationImpl.factory.KotlinJvmCompilerOptionsFactory: loaded 3 times (x 76B)
Class org.jetbrains.kotlin.compilerRunner.CompilerSystemPropertiesService             : loaded 3 times (x 82B)
Class com.android.build.gradle.internal.scope.InternalArtifactType$MANIFEST_MERGE_REPORT: loaded 3 times (x 76B)
Class com.android.build.gradle.internal.tasks.PrepareLintJarForPublish$CreationAction : loaded 3 times (x 92B)
Class com.android.build.gradle.internal.tasks.CheckMultiApkLibrariesTask$CreationAction: loaded 3 times (x 92B)
Class android.databinding.tool.DataBindingBuilder                                     : loaded 3 times (x 81B)
Class com.android.build.gradle.internal.component.InstrumentedTestCreationConfig      : loaded 3 times (x 72B)
Class com.android.build.gradle.internal.core.dsl.features.ShadersDslInfo              : loaded 3 times (x 72B)
Class com.android.build.gradle.internal.api.InstallableVariantImpl                    : loaded 3 times (x 243B)
Class com.android.build.api.variant.VariantFilter                                     : loaded 3 times (x 72B)
Class com.android.build.gradle.internal.dsl.ExternalNativeBuild$AgpDecorated          : loaded 3 times (x 98B)
Class com.android.build.gradle.internal.dsl.ResourcesPackagingImpl$AgpDecorated       : loaded 3 times (x 88B)
Class [Lcom.android.builder.model.TestOptions$Execution;                              : loaded 3 times (x 71B)
Class com.android.build.gradle.internal.dsl.LintOptions                               : loaded 3 times (x 203B)
Class com.android.build.gradle.internal.api.DefaultAndroidSourceDirectorySet$directories$1: loaded 3 times (x 145B)
Class com.android.build.api.dsl.Cmake                                                 : loaded 3 times (x 72B)
Class com.android.build.api.dsl.AarMetadata                                           : loaded 3 times (x 72B)
Class com.android.build.gradle.internal.services.BuiltInKotlinServices                : loaded 3 times (x 74B)
Class org.jetbrains.kotlin.gradle.dsl.ExplicitApiMode                                 : loaded 3 times (x 81B)
Class org.jetbrains.kotlin.gradle.plugin.mpp.KotlinUsages$KotlinCinteropCompatibility : loaded 3 times (x 79B)
Class org.jetbrains.kotlin.gradle.plugin.mpp.KotlinUsages$KotlinUsagesCompatibility   : loaded 3 times (x 78B)
Class org.jetbrains.kotlin.gradle.plugin.VariantImplementationFactories$Parameters$Inject_: loaded 3 times (x 108B)
Class org.jetbrains.kotlin.gradle.plugin.VariantImplementationFactories$Companion     : loaded 3 times (x 73B)
Class org.jetbrains.kotlin.gradle.plugin.internal.CustomPropertiesFileValueSource$Parameters_Decorated: loaded 3 times (x 132B)
Class org.jetbrains.kotlin.gradle.dsl.KotlinTopLevelExtensionConfig                   : loaded 3 times (x 72B)
Class com.android.build.gradle.internal.SdkHandler                                    : loaded 3 times (x 83B)
Class com.android.build.api.variant.impl.FlatSourceDirectoriesForJavaImpl$WhenMappings: loaded 3 times (x 73B)
Class com.google.protobuf.UnknownFieldSet$Parser                                      : loaded 3 times (x 152B)
Class com.android.build.gradle.internal.dependency.GenericTransformParameters_Decorated: loaded 3 times (x 132B)
Class com.android.build.api.variant.TestVariant                                       : loaded 3 times (x 72B)
Class com.google.common.collect.AbstractBiMap                                         : loaded 3 times (x 161B)
Class com.android.build.gradle.internal.tasks.ExtractApksTask$CreationAction          : loaded 3 times (x 92B)
Class [Lcom.android.build.gradle.options.SyncOptions$ErrorFormatMode;                 : loaded 3 times (x 71B)
Class [Lcom.android.build.gradle.options.HasFutureStage;                              : loaded 3 times (x 71B)
Class com.android.build.gradle.internal.utils.GradlePluginUtils                       : loaded 3 times (x 73B)
Class org.gradle.accessors.dm.LibrariesForLibs$KotlinPluginAccessors                  : loaded 3 times (x 76B)
Class org.gradle.accessors.dm.LibrariesForLibsInPluginsBlock$AndroidxComposeUiLibraryAccessors: loaded 3 times (x 87B)
Class org.gradle.accessors.dm.LibrariesForLibsInPluginsBlock$AndroidxComposeUiToolingLibraryAccessors: loaded 3 times (x 85B)
Class org.jetbrains.kotlin.gradle.plugin.KotlinCompilerPluginSupportPlugin            : loaded 3 times (x 72B)
Class kotlin.reflect.KFunction                                                        : loaded 3 times (x 72B)
Class com.android.build.gradle.internal.plugins.BasePlugin$Companion                  : loaded 3 times (x 73B)
Class [Lcom.android.build.gradle.options.ReplacedOption;                              : loaded 3 times (x 71B)
Class com.android.build.gradle.internal.services.GlobalServiceRegistrationAction$execute$globalService$1: loaded 3 times (x 77B)
Class com.android.build.gradle.internal.plugins.AndroidPluginBaseServices$projectServices$2$1$1: loaded 3 times (x 131B)
Class com.android.build.gradle.options.FeatureStage$Enforced                          : loaded 3 times (x 74B)
Class com.android.build.gradle.internal.res.Aapt2FromMaven                            : loaded 3 times (x 74B)
Class com.android.build.gradle.internal.res.Aapt2FromMaven$Companion                  : loaded 3 times (x 73B)
Class com.google.common.io.Files$FileByteSource                                       : loaded 3 times (x 87B)
Class com.android.build.gradle.internal.ide.v2.ProductFlavorImpl$Companion            : loaded 3 times (x 73B)
Class com.android.build.gradle.internal.ide.v2.VariantImpl                            : loaded 3 times (x 90B)
Class com.android.build.gradle.internal.dependency.JacocoInstrumentationService$RegistrationAction: loaded 3 times (x 76B)
Class com.android.build.gradle.internal.UsesSdkComponentsBuildService                 : loaded 3 times (x 72B)
Class com.android.build.gradle.internal.services.FakeDependencyJarBuildService        : loaded 3 times (x 84B)
Class org.jetbrains.kotlin.gradle.incremental.IncrementalModuleInfoProvider           : loaded 3 times (x 72B)
Class javax.xml.bind.annotation.XmlElementWrapper                                     : loaded 3 times (x 72B)
Class javax.xml.bind.annotation.adapters.XmlJavaTypeAdapter                           : loaded 3 times (x 72B)
Class com.sun.xml.bind.v2.model.annotation.AnnotationSource                           : loaded 3 times (x 72B)
Class com.android.repository.impl.generated.v1.LocalPackage                           : loaded 3 times (x 142B)
Class com.android.sdklib.repository.legacy.io.FileOpImpl                              : loaded 3 times (x 80B)
Class com.android.build.gradle.internal.TaskManager$configureTestData$1               : loaded 3 times (x 133B)
Class com.android.build.api.variant.impl.FlatSourceDirectoriesForJavaImpl             : loaded 3 times (x 95B)
Class com.google.wireless.android.sdk.stats.GradleBuildMemorySample$Builder           : loaded 3 times (x 304B)
Class com.android.build.gradle.internal.scope.InternalArtifactType$STRIPPED_NATIVE_LIBS: loaded 3 times (x 76B)
Class com.android.build.gradle.internal.tasks.MergeJavaResourceTask$CreationAction$handleProvider$2: loaded 3 times (x 133B)
Class org.jetbrains.kotlin.gradle.plugin.mpp.KotlinJvmAgpCompilation                  : loaded 3 times (x 200B)
Class org.jetbrains.kotlin.gradle.plugin.mpp.compilationImpl.KotlinCompilationImpl$2  : loaded 3 times (x 81B)
Class com.android.build.api.artifact.SingleArtifact$MERGED_NATIVE_LIBS                : loaded 3 times (x 76B)
Class com.android.build.gradle.tasks.MapSourceSetPathsTask$CreateAction$handleProvider$1: loaded 3 times (x 133B)
Class com.android.build.gradle.internal.tasks.CheckManifest                           : loaded 3 times (x 336B)
Class com.android.build.api.variant.TestedApkPackaging                                : loaded 3 times (x 72B)
Class com.android.build.api.variant.impl.ApplicationVariantBuilderImpl_Decorated      : loaded 3 times (x 277B)
Class com.android.build.gradle.internal.core.dsl.impl.features.NativeBuildDslInfoImpl : loaded 3 times (x 83B)
Class com.android.build.gradle.internal.dsl.decorator.LockableList                    : loaded 3 times (x 210B)
Class com.android.build.gradle.internal.dsl.decorator.SupportedPropertyType$Var$Int   : loaded 3 times (x 76B)
Class com.android.build.gradle.internal.dsl.decorator.SupportedPropertyType$Var$NullableBoolean: loaded 3 times (x 76B)
Class com.android.builder.model.ProductFlavor                                         : loaded 3 times (x 72B)
Class org.jetbrains.kotlin.gradle.dsl.KotlinJvmCompilerOptionsDefault                 : loaded 3 times (x 110B)
Class org.jetbrains.kotlin.gradle.internal.UsesClassLoadersCachingBuildService        : loaded 3 times (x 72B)
Class org.jetbrains.kotlin.gradle.plugin.KotlinBaseApiPlugin$kaptExtension$2          : loaded 3 times (x 81B)
Class com.android.build.gradle.internal.services.ConfigPhaseFileCreator$Params        : loaded 3 times (x 72B)
Class com.android.build.gradle.internal.core.dsl.PublishableComponentDslInfo          : loaded 3 times (x 72B)
Class com.android.build.gradle.TestedAndroidConfig                                    : loaded 3 times (x 72B)
Class org.jetbrains.kotlin.gradle.internal.properties.PropertiesBuildService$IntGradleProperty: loaded 3 times (x 78B)
Class org.jetbrains.kotlin.gradle.plugin.KotlinBasePlugin                             : loaded 3 times (x 72B)
Class org.jetbrains.kotlin.gradle.plugin.KotlinBaseApiPlugin_Decorated                : loaded 3 times (x 164B)
Class org.jetbrains.kotlin.gradle.utils.AndroidPluginIdsKt                            : loaded 3 times (x 73B)
Class org.jetbrains.kotlin.gradle.internal.diagnostics.AgpCompatibilityCheck$runAgpCompatibilityCheckIfAgpIsApplied$1$1: loaded 3 times (x 77B)
Class org.jetbrains.kotlin.gradle.plugin.PropertiesProvider$preciseCompilationResultsBackup$1: loaded 3 times (x 81B)
Class org.jetbrains.kotlin.gradle.plugin.KotlinGradleBuildServices$Companion$registerIfAbsent$2$1$1: loaded 3 times (x 77B)
Class org.jetbrains.kotlin.gradle.plugin.mpp.KotlinUsages$setupAttributesMatchingStrategy$1: loaded 3 times (x 76B)
Class kotlin.collections.MapsKt__MapsKt                                               : loaded 3 times (x 73B)
Class org.jetbrains.kotlin.gradle.plugin.mpp.AbstractKotlinTarget$components$2        : loaded 3 times (x 81B)
Class com.android.build.api.dsl.ApkSigningConfig                                      : loaded 3 times (x 72B)
Class com.android.build.api.dsl.BundleTexture                                         : loaded 3 times (x 72B)
Class com.android.build.gradle.internal.dsl.KmpOptimizationImpl                       : loaded 3 times (x 85B)
Class org.jetbrains.kotlin.gradle.plugin.ide.IdeMultiplatformImport                   : loaded 3 times (x 72B)
Class org.jetbrains.kotlin.gradle.plugin.AbstractKotlinPluginWrapper                  : loaded 3 times (x 88B)
Class com.android.build.gradle.internal.api.DefaultAndroidSourceSet$AndroidSourceDirectorySetFactory: loaded 3 times (x 77B)
Class [Lcom.android.build.gradle.internal.dependency.AdditionalArtifactType;          : loaded 3 times (x 71B)
Class com.android.build.gradle.internal.dependency.ProvidedClasspathSubtractor        : loaded 3 times (x 74B)
Class org.jetbrains.kotlin.gradle.plugin.mpp.compilationImpl.DefaultKotlinCompilationFriendPathsResolver$FriendArtifactResolver$Companion: loaded 3 times (x 73B)
Class org.jetbrains.kotlin.gradle.plugin.mpp.compilationImpl.factory.DefaultKotlinCompilationTaskNamesContainerFactory: loaded 3 times (x 76B)
Class org.jetbrains.kotlin.gradle.plugin.mpp.compilationImpl.KotlinCompilationRegisterInSourceSetsConfigurator: loaded 3 times (x 76B)
Class com.android.build.gradle.tasks.PackageApplication$CreationAction                : loaded 3 times (x 94B)
Class com.android.build.gradle.internal.scope.InternalArtifactType$BINARY_ART_PROFILE_METADATA: loaded 3 times (x 76B)
Class com.android.build.gradle.internal.tasks.ParseIntegrityConfigTask$CreationAction$handleProvider$1: loaded 3 times (x 133B)
Class com.android.build.gradle.internal.tasks.ExtractApksTask$CreationAction$handleProvider$1: loaded 3 times (x 133B)
Class com.android.build.gradle.internal.scope.InternalArtifactType$COMPILE_BUILD_CONFIG_JAR: loaded 3 times (x 76B)
Class org.jetbrains.kotlin.compilerRunner.KotlinCompilerArgumentsLogLevel$Companion   : loaded 3 times (x 73B)
Class org.jetbrains.kotlin.gradle.plugin.DefaultKotlinBasePlugin$addKotlinCompilerConfiguration$3$1: loaded 3 times (x 81B)
Class org.jetbrains.kotlin.gradle.tasks.AbstractKotlinCompile$defaultKotlinJavaToolchain$1: loaded 3 times (x 80B)
Class org.jetbrains.kotlin.daemon.common.MultiModuleICSettings                        : loaded 3 times (x 74B)
Class org.jetbrains.kotlin.gradle.plugin.mpp.KotlinUsages$KotlinMetadataDisambiguation: loaded 3 times (x 78B)
Class com.sun.xml.bind.annotation.OverrideAnnotationOf                                : loaded 3 times (x 72B)
Class com.sun.xml.bind.v2.model.impl.RuntimeValuePropertyInfoImpl                     : loaded 3 times (x 137B)
Class com.android.repository.impl.meta.LocalPackageImpl                               : loaded 3 times (x 133B)
Class com.android.repository.impl.generated.v1.RemotePackage                          : loaded 3 times (x 159B)
Class com.android.build.gradle.internal.SdkType                                       : loaded 3 times (x 81B)
Class com.android.build.gradle.internal.SdkDirectLoadingStrategy                      : loaded 3 times (x 74B)
Class com.android.builder.dexing.DependencyGraphUpdater                               : loaded 3 times (x 72B)
Class com.android.build.gradle.tasks.AnalyzeDependenciesTask$CreationAction           : loaded 3 times (x 92B)
Class com.android.build.gradle.internal.tasks.DeviceProviderInstrumentTestTask$CreationAction: loaded 3 times (x 93B)
Class com.android.build.gradle.internal.scope.InternalArtifactType$APKS_FROM_BUNDLE   : loaded 3 times (x 76B)
Class com.android.build.gradle.internal.tasks.MergeStartupProfileTask$CreationAction  : loaded 3 times (x 92B)
Class com.android.build.gradle.internal.tasks.ApkZipPackagingTask$CreationAction$handleProvider$1: loaded 3 times (x 133B)
Class com.android.build.gradle.tasks.PackageAndroidArtifact                           : loaded 3 times (x 377B)
Class org.jetbrains.kotlin.gradle.utils.ObservableSet                                 : loaded 3 times (x 72B)
Class org.jetbrains.kotlin.gradle.plugin.diagnostics.KotlinToolingDiagnosticsCollectorKt: loaded 3 times (x 73B)
Class org.jetbrains.kotlin.gradle.internal.transforms.BuildToolsApiClasspathEntrySnapshotTransform$Parameters: loaded 3 times (x 90B)
Class org.jetbrains.kotlin.gradle.tasks.KotlinCompile                                 : loaded 3 times (x 508B)
Class com.android.build.gradle.internal.scope.InternalArtifactType$PACKAGED_RES       : loaded 3 times (x 76B)
Class com.android.build.gradle.internal.component.HostTestCreationConfig              : loaded 3 times (x 72B)
Class com.android.build.gradle.internal.component.TestCreationConfig                  : loaded 3 times (x 72B)
Class com.android.build.api.attributes.BuildTypeAttr                                  : loaded 3 times (x 72B)
Class com.android.build.api.variant.impl.DeviceTestBuilderImpl                        : loaded 3 times (x 104B)
Class com.android.build.api.variant.impl.MutableAndroidVersion                        : loaded 3 times (x 78B)
Class com.android.build.gradle.internal.scope.BuildFeatureValuesImpl                  : loaded 3 times (x 102B)
Class com.android.build.gradle.internal.dsl.CompileSdkVersionImpl                     : loaded 3 times (x 84B)
Class com.android.build.gradle.internal.tasks.factory.GlobalTaskNames                 : loaded 3 times (x 72B)
Class com.android.build.api.artifact.impl.ArtifactsImpl$2$1                           : loaded 3 times (x 82B)
Class com.android.build.api.dsl.PublishingOptions                                     : loaded 3 times (x 72B)
Class com.android.build.gradle.internal.dsl.ExternalNativeCmakeOptions                : loaded 3 times (x 110B)
Class org.jetbrains.kotlin.gradle.plugin.mpp.KotlinAndroidTargetVariantDsl            : loaded 3 times (x 72B)
Class com.google.common.util.concurrent.AbstractFuture$AtomicHelper                   : loaded 3 times (x 80B)
Class com.android.build.gradle.internal.dsl.NdkBuildOptions                           : loaded 3 times (x 94B)
Class com.android.build.gradle.internal.dsl.DataBindingOptions                        : loaded 3 times (x 110B)
Class org.jetbrains.kotlin.gradle.plugin.mpp.HierarchyAttributeContainer              : loaded 3 times (x 89B)
Class org.jetbrains.kotlin.gradle.tasks.UsesKotlinJavaToolchain                       : loaded 3 times (x 72B)
Class org.jetbrains.kotlin.gradle.plugin.DefaultKotlinBasePlugin$apply$1              : loaded 3 times (x 77B)
Class org.jetbrains.kotlin.gradle.internal.properties.PropertiesBuildService$Params_Decorated: loaded 3 times (x 132B)
Class com.android.build.gradle.internal.services.AndroidLocationsBuildService$AndroidDirectoryCreator: loaded 3 times (x 82B)
Class com.google.gson.internal.JsonReaderInternalAccess                               : loaded 3 times (x 74B)
Class com.android.build.gradle.internal.res.Aapt2FromMaven$Companion$create$1         : loaded 3 times (x 77B)
Class com.android.sdklib.AndroidApiLevel$Companion                                    : loaded 3 times (x 73B)
Class com.android.build.gradle.options.Option$Status                                  : loaded 3 times (x 73B)
Class com.android.prefs.AndroidLocationsProvider                                      : loaded 3 times (x 72B)
Class com.android.build.api.variant.ApplicationVariant                                : loaded 3 times (x 72B)
Class com.android.build.gradle.internal.tasks.ApplicationTaskManager$createDynamicBundleTask$4: loaded 3 times (x 77B)
Class com.android.build.gradle.tasks.ProcessTestManifest$CreationAction               : loaded 3 times (x 92B)
Class com.android.build.gradle.internal.scope.InternalArtifactType$LINT_MODEL         : loaded 3 times (x 76B)
Class com.android.repository.io.FileOpUtils                                           : loaded 3 times (x 73B)
Class [Lcom.android.build.gradle.internal.SdkLocator$PropertyLocation;                : loaded 3 times (x 71B)
Class com.android.build.gradle.internal.PlatformToolsComponents                       : loaded 3 times (x 74B)
Class com.android.build.gradle.internal.SupportToolsComponents                        : loaded 3 times (x 74B)
Class com.sun.xml.bind.v2.model.core.EnumLeafInfo                                     : loaded 3 times (x 72B)
Class javax.xml.bind.annotation.XmlList                                               : loaded 3 times (x 72B)
Class com.sun.xml.bind.v2.runtime.property.SingleMapNodeProperty$1                    : loaded 3 times (x 80B)
Class com.android.build.gradle.internal.dsl.AgpExperimentalApiOptInRequiredException  : loaded 3 times (x 84B)
Class com.android.build.gradle.tasks.JavaCompileOptionsForRoom                        : loaded 3 times (x 77B)
Class com.android.build.gradle.internal.tasks.factory.GlobalTaskCreationConfigImpl$platformAttrs$2$attributes$1: loaded 3 times (x 76B)
Class com.android.build.gradle.internal.ide.v2.ProjectInfoImpl$Companion              : loaded 3 times (x 73B)
Class com.android.build.gradle.internal.ide.v2.ArtifactDependenciesAdjacencyListImpl$Companion: loaded 3 times (x 73B)
Class com.android.build.gradle.internal.ide.v2.SigningConfigImpl$Companion            : loaded 3 times (x 73B)
Class com.android.build.gradle.internal.ide.v2.DependenciesInfoImpl$Companion         : loaded 3 times (x 73B)
Class [Lcom.android.build.gradle.internal.core.Abi;                                   : loaded 3 times (x 71B)
Class org.jetbrains.kotlin.build.report.metrics.BuildAttribute                        : loaded 3 times (x 81B)
Class org.jetbrains.kotlin.gradle.tasks.DefaultKotlinJavaToolchain$javaExecutable$1   : loaded 3 times (x 77B)
Class com.android.build.gradle.internal.ide.dependencies.ArtifactUtils                : loaded 3 times (x 73B)
Class org.jetbrains.kotlin.compose.compiler.gradle.ComposeFeatureFlag                 : loaded 3 times (x 72B)
Class com.android.build.gradle.internal.ide.v2.ProjectInfoImpl$toKeyComponent$$inlined$sortedBy$1: loaded 3 times (x 91B)
Class kotlin.ranges.RangesKt___RangesKt                                               : loaded 3 times (x 73B)
Class com.android.build.gradle.internal.errors.AndroidProblemReporterProvider$Parameters: loaded 3 times (x 72B)
Class com.android.build.gradle.internal.errors.AndroidProblemReporterProvider$Parameters_Decorated: loaded 3 times (x 132B)
Class com.android.tools.analytics.Environment$EnvironmentVariable                     : loaded 3 times (x 81B)
Class com.android.build.gradle.internal.scope.InternalArtifactType$AIDL_SOURCE_OUTPUT_DIR: loaded 3 times (x 76B)
Class com.android.build.gradle.tasks.KotlinCompileCreationAction$ensureConsistentJvmTargetWithJavaCompileTask$1: loaded 3 times (x 77B)
Class com.sun.xml.bind.v2.runtime.property.SingleElementLeafProperty                  : loaded 3 times (x 104B)
Class com.android.sdklib.repository.generated.addon.v3.AddonDetailsType               : loaded 3 times (x 143B)
Class com.sun.xml.bind.api.impl.NameConverter$Standard                                : loaded 3 times (x 95B)
Class com.sun.xml.bind.v2.model.annotation.Init                                       : loaded 3 times (x 73B)
Class com.android.repository.impl.generated.v1.RevisionType                           : loaded 3 times (x 84B)
Class com.android.sdklib.repository.generated.common.v1.ObjectFactory                 : loaded 3 times (x 77B)
Class com.android.build.gradle.internal.SdkComponentsBuildService$VersionedSdkLoader$adbHelper$1: loaded 3 times (x 77B)
Class com.android.build.gradle.internal.scope.BuildArtifactSpec$Companion             : loaded 3 times (x 73B)
Class com.android.build.gradle.internal.dependency.ExtractJniTransform                : loaded 3 times (x 80B)
Class com.android.build.gradle.internal.scope.InternalMultipleArtifactType$EXTERNAL_LIBS_DEX: loaded 3 times (x 76B)
Class org.jetbrains.kotlin.gradle.incremental.UsesIncrementalModuleInfoBuildService   : loaded 3 times (x 72B)
Class com.android.build.api.component.impl.features.ResValuesCreationConfigImpl       : loaded 3 times (x 77B)
Class com.android.build.api.dsl.Device                                                : loaded 3 times (x 72B)
Class [Lcom.google.common.base.CaseFormat;                                            : loaded 3 times (x 71B)
Class com.android.build.gradle.internal.dsl.MinSdkSpecImpl$AgpDecorated               : loaded 3 times (x 86B)
Class com.android.build.gradle.internal.dsl.VectorDrawablesOptions                    : loaded 3 times (x 89B)
Class org.jetbrains.kotlin.gradle.utils.CompilerOptionsKt$configureExperimentalTryNext$1$1: loaded 3 times (x 80B)
Class org.jetbrains.kotlin.gradle.utils.CompilerOptionsKt                             : loaded 3 times (x 73B)
Class org.jetbrains.kotlin.gradle.plugin.PropertiesProvider$Companion                 : loaded 3 times (x 73B)
Class org.jetbrains.kotlin.gradle.utils.SingleAction                                  : loaded 3 times (x 75B)
Class com.android.build.gradle.internal.manifest.LazyManifestParser$manifestData$1    : loaded 3 times (x 77B)
Class com.google.wireless.android.sdk.stats.JavaProcessStats$Builder                  : loaded 3 times (x 308B)
Class com.android.build.api.component.impl.ComponentBuilderImpl                       : loaded 3 times (x 94B)
Class com.google.wireless.android.sdk.stats.GradleBuildVariant$Builder                : loaded 3 times (x 383B)
Class com.android.build.gradle.internal.profile.NoOpAnalyticsService$RegistrationAction: loaded 3 times (x 76B)
Class com.android.build.gradle.internal.variant.BaseVariantData                       : loaded 3 times (x 74B)
Class com.android.build.api.variant.ExternalNativeBuild                               : loaded 3 times (x 72B)
Class com.android.build.gradle.internal.errors.AndroidProblemReporterProvider         : loaded 3 times (x 78B)
Class com.android.build.gradle.internal.tasks.factory.BootClasspathConfigImpl         : loaded 3 times (x 81B)
Class com.android.build.gradle.internal.tasks.factory.GlobalTaskCreationConfig        : loaded 3 times (x 72B)
Class com.android.build.gradle.internal.tasks.factory.BootClasspathConfig             : loaded 3 times (x 72B)
Class com.google.protobuf.Message$Builder                                             : loaded 3 times (x 72B)
Class org.jetbrains.kotlin.gradle.plugin.internal.ProjectIsolationStartParameterAccessor$Factory: loaded 3 times (x 72B)
Class org.jetbrains.kotlin.gradle.plugin.VariantImplementationFactories$Companion$getProvider$2$1$1: loaded 3 times (x 77B)
Class org.jetbrains.kotlin.gradle.report.BuildReportMode                              : loaded 3 times (x 81B)
Class org.jetbrains.kotlin.gradle.internal.properties.NativePropertiesLoader$actualNativeHomeDirectory$3: loaded 3 times (x 77B)
Class com.android.build.gradle.internal.core.dsl.impl.InstrumentedTestDslInfoImpl     : loaded 3 times (x 82B)
Class kotlin.UninitializedPropertyAccessException                                     : loaded 3 times (x 84B)
Class com.android.build.api.dsl.BuildType                                             : loaded 3 times (x 72B)
Class com.android.build.gradle.internal.dsl.CoreProductFlavor                         : loaded 3 times (x 72B)
Class com.android.build.gradle.internal.dsl.LintImpl$AgpDecorated_Decorated           : loaded 3 times (x 309B)
Class com.android.build.gradle.internal.dsl.PackagingOptions$AgpDecorated_Decorated   : loaded 3 times (x 163B)
Class com.android.build.gradle.api.InstallableVariant                                 : loaded 3 times (x 72B)
Class com.android.build.api.variant.VariantSelector                                   : loaded 3 times (x 72B)
Class com.android.build.gradle.internal.variant.VariantModelImpl                      : loaded 3 times (x 89B)
Class com.android.build.gradle.internal.cxx.configure.NativeModelBuilderOutcome$Builder: loaded 3 times (x 323B)
Class com.android.build.gradle.internal.services.BuiltInKaptSupportMode               : loaded 3 times (x 73B)
Class com.android.build.api.component.impl.HostTestImpl_Decorated                     : loaded 3 times (x 488B)
Class org.jetbrains.kotlin.gradle.tasks.KotlinCompile$defaultKotlinJavaToolchain$1    : loaded 3 times (x 81B)
Class org.jetbrains.kotlin.gradle.tasks.KotlinJavaToolchain$JavaToolchainSetter       : loaded 3 times (x 72B)
Class com.android.build.gradle.tasks.JavaCompileUtils$checkDeprecatedSourceAndTargetAtExecutionTime$1: loaded 3 times (x 77B)
Class com.android.build.gradle.internal.variant.BaseVariantData$getGeneratedBytecode$1: loaded 3 times (x 76B)
Class com.sun.xml.bind.v2.runtime.Utils                                               : loaded 3 times (x 73B)
Class com.sun.xml.bind.v2.runtime.property.ArrayReferenceNodeProperty$MixedTextLoader : loaded 3 times (x 80B)
Class com.sun.xml.bind.v2.runtime.unmarshaller.XsiNilLoader$Array                     : loaded 3 times (x 82B)
Class com.android.sdklib.repository.generated.repository.v3.SourceDetailsType         : loaded 3 times (x 122B)
Class com.sun.xml.bind.AccessorFactory                                                : loaded 3 times (x 72B)
Class com.sun.xml.bind.v2.model.annotation.ClassLocatable                             : loaded 3 times (x 80B)
Class org.jetbrains.kotlin.gradle.tasks.configuration.AbstractKotlinCompileConfig$1   : loaded 3 times (x 81B)
Class com.android.build.gradle.internal.publishing.TestFixturesVariantSpecBuilder     : loaded 3 times (x 92B)
Class com.android.build.gradle.internal.dependency.DexingOutputSplitTransformKt$registerTransformWithOutputType$1$WhenMappings: loaded 3 times (x 73B)
Class com.android.build.gradle.internal.dependency.ExtractJniTransform$Inject_1       : loaded 3 times (x 111B)
Class com.android.build.gradle.internal.tasks.AndroidTestTask                         : loaded 3 times (x 72B)
Class com.android.build.api.variant.CanProduceConsumerProguardFiles                   : loaded 3 times (x 72B)
Class [Lcom.android.build.gradle.internal.tasks.DexMergingAction;                     : loaded 3 times (x 71B)
Class com.android.build.gradle.internal.tasks.ClassesClasspathUtils                   : loaded 3 times (x 74B)
Class org.jetbrains.kotlin.tooling.core.ExtrasPropertyKt$extrasLazyProperty$1         : loaded 3 times (x 96B)
Class org.jetbrains.kotlin.gradle.plugin.diagnostics.UsesKotlinToolingDiagnostics     : loaded 3 times (x 72B)
Class com.android.build.gradle.internal.scope.InternalArtifactType$LINKED_RESOURCES_FOR_BUNDLE_PROTO_FORMAT: loaded 3 times (x 76B)
Class com.android.build.gradle.internal.scope.InternalArtifactType$LINKED_RESOURCES_BINARY_FORMAT: loaded 3 times (x 76B)
Class com.android.build.gradle.internal.tasks.ProcessNavigationXmlTask$CreationAction$handleProvider$1: loaded 3 times (x 133B)
Class com.android.build.gradle.internal.tasks.ExtractNativeDebugMetadataTask$SymbolTableCreationAction: loaded 3 times (x 93B)
Class com.android.build.gradle.internal.services.BuiltInKaptSupportMode$NotSupported  : loaded 3 times (x 73B)
Class [Lcom.android.build.gradle.internal.variant.BaseVariantData$DiscoverableFilterType;: loaded 3 times (x 71B)
Class com.android.build.api.variant.LintReportsBuilder                                : loaded 3 times (x 72B)
Class com.android.build.gradle.internal.tasks.SigningConfigUtils$Companion            : loaded 3 times (x 73B)
Class com.android.build.gradle.api.AndroidSourceDirectorySet                          : loaded 3 times (x 72B)
Class com.android.build.gradle.internal.dsl.NdkOptions                                : loaded 3 times (x 118B)
Class com.android.build.api.dsl.CompileOptions                                        : loaded 3 times (x 72B)
Class org.jetbrains.kotlin.gradle.plugin.mpp.compilationImpl.KotlinCompilationFriendPathsResolver: loaded 3 times (x 72B)
Class com.android.build.api.variant.impl.SigningConfigImpl$enableV4Signing$1          : loaded 3 times (x 77B)
Class com.google.protobuf.GeneratedMessageV3                                          : loaded 3 times (x 180B)
Class com.android.build.gradle.tasks.ProcessTestManifest$CreationAction$handleProvider$2: loaded 3 times (x 133B)
Class com.android.build.gradle.options.OptionParsers                                  : loaded 3 times (x 73B)
Class com.android.build.api.variant.impl.ManifestFilesImpl                            : loaded 3 times (x 82B)
Class com.android.build.gradle.options.FeatureStage$Deprecated                        : loaded 3 times (x 74B)
Class com.android.build.gradle.internal.services.AndroidLocationsBuildService         : loaded 3 times (x 92B)
Class com.android.build.api.variant.Variant                                           : loaded 3 times (x 72B)
Class com.android.build.api.dsl.ApplicationExtension                                  : loaded 3 times (x 72B)
Class com.android.build.api.variant.impl.SourceDirectoriesImpl                        : loaded 3 times (x 88B)
Class com.android.build.gradle.internal.res.LinkApplicationAndroidResourcesTask$CreationAction$handleProvider$2: loaded 3 times (x 133B)
Class com.android.build.api.variant.impl.ResourcesPackagingImpl$excludes$1            : loaded 3 times (x 77B)
Class org.jetbrains.kotlin.gradle.tasks.KotlinJvmCompile                              : loaded 3 times (x 72B)
Class org.jetbrains.kotlin.gradle.tasks.configuration.BaseKotlinCompileConfig$registerBuildToolsApiTransformations$2: loaded 3 times (x 77B)
Class org.jetbrains.kotlin.gradle.plugin.mpp.compilationImpl.KotlinCompilationSourceSetsContainerKt: loaded 3 times (x 73B)
Class com.android.build.gradle.internal.tasks.CheckDuplicateClassesTask$CreationAction$handleProvider$1: loaded 3 times (x 133B)
Class com.android.build.gradle.internal.tasks.ValidateSigningTask$CreationAction      : loaded 3 times (x 92B)
Class com.android.build.gradle.internal.tasks.ApplicationTaskManager$createDynamicBundleTask$3: loaded 3 times (x 77B)
Class com.android.build.gradle.internal.publishing.PublishingSpecs$VariantSpecBuilder : loaded 3 times (x 72B)
Class com.android.repository.impl.downloader.LocalFileAwareDownloader                 : loaded 3 times (x 86B)
Class com.android.build.gradle.internal.SdkComponentsBuildService$VersionedSdkLoader$emulatorDirectoryProvider$1: loaded 3 times (x 77B)
Class com.android.repository.impl.generated.v2.ChannelRefType                         : loaded 3 times (x 79B)
Class com.sun.xml.bind.v2.model.annotation.XmlElementDeclQuick                        : loaded 3 times (x 98B)
Class [Lcom.sun.xml.bind.v2.model.impl.PropertyInfoImpl;                              : loaded 3 times (x 71B)
Class com.android.build.gradle.internal.ide.v2.EdgeImpl                               : loaded 3 times (x 78B)
Class com.android.build.gradle.internal.tasks.Workers$ProfileAwareExecutorServiceAdapter: loaded 3 times (x 89B)
Class com.android.build.gradle.internal.scope.BootClasspathBuilder$computeClasspath$1 : loaded 3 times (x 77B)
Class com.android.build.gradle.internal.ide.v2.GlobalSyncService$Parameters$Inject_   : loaded 3 times (x 108B)
Class com.android.sdklib.repository.generated.repository.v2.PlatformDetailsType       : loaded 3 times (x 128B)
Class com.sun.xml.bind.v2.runtime.ElementBeanInfoImpl$IntercepterLoader               : loaded 3 times (x 83B)
Class javax.xml.bind.ValidationEventLocator                                           : loaded 3 times (x 72B)
Class org.jetbrains.kotlin.gradle.internal.build.SourcesUtilsKt                       : loaded 3 times (x 73B)
Class com.android.build.gradle.internal.dependency.DexingNoClasspathTransform$Inject_1: loaded 3 times (x 114B)
Class com.android.build.gradle.internal.ide.dependencies.AdditionalArtifacts          : loaded 3 times (x 74B)
Class kotlin.KotlinNullPointerException                                               : loaded 3 times (x 84B)
Class org.gradle.accessors.dm.LibrariesForLibs$AndroidxLibraryAccessors               : loaded 3 times (x 85B)
Class com.android.build.gradle.internal.dsl.DeclarativeApplicationExtension           : loaded 3 times (x 72B)
Class com.google.common.util.concurrent.ListeningScheduledExecutorService             : loaded 3 times (x 72B)
Class com.android.build.gradle.internal.api.ApkVariantImpl                            : loaded 3 times (x 251B)
Class com.android.sdklib.repository.generated.common.v2.ApiDetailsType                : loaded 3 times (x 115B)
Class com.sun.xml.bind.v2.model.nav.ReflectionNavigator$BinderArg                     : loaded 3 times (x 75B)
Class com.sun.xml.bind.v2.model.impl.PropertyInfoImpl                                 : loaded 3 times (x 110B)
Class com.sun.xml.bind.v2.model.annotation.SecureLoader                               : loaded 3 times (x 73B)
Class com.sun.xml.bind.v2.runtime.output.Pcdata                                       : loaded 3 times (x 92B)
Class com.sun.xml.bind.v2.util.QNameMap                                               : loaded 3 times (x 74B)
Class com.sun.xml.bind.v2.runtime.JAXBContextImpl                                     : loaded 3 times (x 92B)
Class com.android.repository.impl.meta.RemotePackageImpl                              : loaded 3 times (x 146B)
Class com.android.sdklib.repository.generated.common.v1.package-info                  : loaded 3 times (x 72B)
Class com.android.sdklib.repository.meta.SdkCommonFactory                             : loaded 3 times (x 75B)
Class com.android.build.gradle.internal.SdkLibDataFactory                             : loaded 3 times (x 74B)
Class com.android.build.gradle.internal.scope.InternalArtifactType$LOCAL_AAR_FOR_LINT : loaded 3 times (x 76B)
Class com.android.build.gradle.internal.dependency.ExtractProGuardRulesTransform      : loaded 3 times (x 80B)
Class com.android.build.gradle.internal.PropertiesValueSource$Inject_                 : loaded 3 times (x 111B)
Class com.android.build.gradle.internal.scope.InternalArtifactType$CONNECTED_ANDROID_TEST_ADDITIONAL_OUTPUT: loaded 3 times (x 76B)
Class com.android.build.gradle.internal.scope.InternalArtifactType$GLOBAL_SYNTHETICS_EXTERNAL_LIB: loaded 3 times (x 76B)
Class com.android.build.gradle.internal.TaskManager$addSubpluginOptionsForBuiltInKotlin$compilerOptions$1: loaded 3 times (x 77B)
Class org.jetbrains.kotlin.gradle.plugin.mpp.compilationImpl.DefaultKotlinCompilationSourceSetsContainer$allKotlinSourceSetsImpl$1$1: loaded 3 times (x 82B)
Class org.jetbrains.kotlin.gradle.plugin.mpp.compilationImpl.DefaultKotlinCompilationSourceSetsContainer: loaded 3 times (x 80B)
Class com.android.build.api.variant.impl.ResourcesPackagingImpl$merges$1              : loaded 3 times (x 77B)
Class com.android.build.gradle.internal.scope.InternalArtifactType$DATA_BINDING_LAYOUT_INFO_TYPE_PACKAGE: loaded 3 times (x 76B)
Class com.android.build.gradle.internal.tasks.NewIncrementalTask                      : loaded 3 times (x 338B)
Class com.android.build.api.artifact.TaskBasedOperation                               : loaded 3 times (x 72B)
Class com.android.build.gradle.internal.scope.InternalArtifactType$BUNDLE_MANIFEST    : loaded 3 times (x 76B)
Class com.android.build.gradle.tasks.ProcessManifestForBundleTask                     : loaded 3 times (x 338B)
Class com.android.build.gradle.internal.dependency.ProvidedClasspath                  : loaded 3 times (x 73B)
Class com.android.build.gradle.internal.core.dsl.impl.ApplicationVariantDslInfoImpl$versionName$2$2: loaded 3 times (x 77B)
Class com.android.build.gradle.internal.lint.AndroidLintGlobalTask                    : loaded 3 times (x 328B)
Class com.android.build.gradle.internal.dsl.BuildType$Companion                       : loaded 3 times (x 73B)
Class com.android.build.api.artifact.Artifacts                                        : loaded 3 times (x 72B)
Class com.android.build.gradle.internal.services.FakeDependencyJarBuildService$lazyCachedFakeJar$1: loaded 3 times (x 77B)
Class com.android.build.gradle.internal.dsl.JavaCompileOptions$AgpDecorated_Decorated : loaded 3 times (x 132B)
Class com.android.build.gradle.internal.dsl.BundleOptionsLanguage                     : loaded 3 times (x 79B)
Class com.android.build.gradle.internal.dsl.BundleOptionsCountrySet                   : loaded 3 times (x 83B)
Class com.android.build.api.dsl.DynamicFeatureProductFlavor                           : loaded 3 times (x 72B)
Class com.android.builder.model.Named                                                 : loaded 3 times (x 72B)
Class org.jetbrains.kotlin.tooling.core.AbstractExtras                                : loaded 3 times (x 143B)
Class org.jetbrains.kotlin.gradle.internal.properties.NativePropertiesLoader$shouldUseEmbeddableCompilerJar$1: loaded 3 times (x 77B)
Class org.jetbrains.kotlin.gradle.fus.BuildUidService$Companion$registerIfAbsent$1    : loaded 3 times (x 76B)
Class org.jetbrains.kotlin.gradle.internal.diagnostics.AgpCompatibilityCheck$AndroidGradlePluginVersionProvider: loaded 3 times (x 72B)
Class com.sun.xml.bind.api.CompositeStructure                                         : loaded 3 times (x 74B)
Class com.google.protobuf.MessageLite$Builder                                         : loaded 3 times (x 72B)
Class javax.xml.bind.annotation.XmlValue                                              : loaded 3 times (x 72B)
Class com.android.build.gradle.options.ApiStage$Experimental                          : loaded 3 times (x 74B)
Class com.android.build.gradle.internal.core.dsl.ApkProducingComponentDslInfo         : loaded 3 times (x 72B)
Class com.android.build.api.extension.impl.AndroidComponentsExtensionImpl             : loaded 3 times (x 114B)
Class com.sun.xml.bind.v2.runtime.reflect.Accessor$2                                  : loaded 3 times (x 89B)
Class com.sun.xml.bind.v2.runtime.unmarshaller.DefaultValueLoaderDecorator            : loaded 3 times (x 80B)
Class org.jetbrains.kotlin.gradle.report.GradleBuildMetricsReporter                   : loaded 3 times (x 100B)
Class com.android.tools.analytics.AnalyticsState                                      : loaded 3 times (x 74B)
Class com.google.protobuf.AbstractProtobufList                                        : loaded 3 times (x 231B)
Class org.jetbrains.kotlin.gradle.tasks.KotlinCompile$androidLayoutResources$1        : loaded 3 times (x 76B)
Class org.jetbrains.kotlin.gradle.utils.StoredPropertyKt                              : loaded 3 times (x 73B)
Class org.jetbrains.kotlin.gradle.internal.properties.NativePropertiesLoader$actualNativeHomeDirectory$2: loaded 3 times (x 76B)
Class org.jetbrains.kotlin.gradle.dsl.KotlinVersion                                   : loaded 3 times (x 81B)
Class org.jetbrains.kotlin.gradle.plugin.KotlinCompilerArgumentsProducer$ArgumentType$Companion: loaded 3 times (x 73B)
Class com.android.build.gradle.internal.tasks.PrepareLintJarForPublishKt              : loaded 3 times (x 73B)
Class com.android.build.api.dsl.ApplicationProductFlavor                              : loaded 3 times (x 72B)
Class com.android.build.gradle.internal.model.CoreExternalNativeBuild                 : loaded 3 times (x 72B)
Class com.android.build.gradle.internal.dsl.LibraryAndroidResourcesImpl               : loaded 3 times (x 128B)
Class com.android.build.gradle.internal.scope.InternalArtifactType$BUNDLE_IDE_MODEL   : loaded 3 times (x 76B)
Class com.android.build.gradle.internal.api.artifact.SourceArtifactType$JNI           : loaded 3 times (x 76B)
Class com.android.build.gradle.internal.dsl.BaseAppModuleExtension_Decorated          : loaded 3 times (x 541B)
Class org.jetbrains.kotlin.gradle.plugin.SubpluginArtifact                            : loaded 3 times (x 74B)
Class com.android.build.gradle.internal.core.dsl.impl.features.ShadersDslInfoImpl     : loaded 3 times (x 78B)
Class com.android.build.gradle.internal.dependency.SourceTypeCompatibilityRule        : loaded 3 times (x 78B)
Class org.jetbrains.kotlin.build.report.metrics.BuildTimes                            : loaded 3 times (x 74B)
Class org.jetbrains.kotlin.gradle.tasks.KotlinCompile$ClasspathSnapshotProperties     : loaded 3 times (x 77B)
Class javax.xml.bind.annotation.XmlAnyAttribute                                       : loaded 3 times (x 72B)
Class com.sun.xml.bind.v2.model.impl.ValuePropertyInfoImpl                            : loaded 3 times (x 122B)
Class com.android.repository.impl.generated.v2.package-info                           : loaded 3 times (x 72B)
Class com.android.sdklib.repository.generated.addon.v1.package-info                   : loaded 3 times (x 72B)
Class com.android.sdklib.repository.legacy.LegacyDownloader                           : loaded 3 times (x 86B)
Class com.android.build.gradle.internal.scope.InternalArtifactType$MODULE_AND_RUNTIME_DEPS_CLASSES: loaded 3 times (x 76B)
Class com.android.build.gradle.internal.dependency.ModelArtifactCompatibilityRule$Companion: loaded 3 times (x 73B)
Class com.android.builder.files.SerializableFileChanges                               : loaded 3 times (x 74B)
Class com.android.build.gradle.internal.dependency.AarToClassTransform$Params         : loaded 3 times (x 72B)
Class com.android.build.gradle.internal.DependencyConfigurator                        : loaded 3 times (x 74B)
Class com.android.build.gradle.internal.scope.InternalArtifactType$SDK_DEPENDENCY_DATA: loaded 3 times (x 76B)
Class com.android.build.gradle.internal.scope.InternalArtifactType$BUNDLE_DEPENDENCY_REPORT: loaded 3 times (x 76B)
Class com.android.build.gradle.internal.tasks.creationconfig.DexMergingCreationConfig : loaded 3 times (x 72B)
Class org.jetbrains.kotlin.compose.compiler.gradle.internal.ComposeWithAgpConfig$AgpVersionProvider$Default: loaded 3 times (x 76B)
Class org.jetbrains.kotlin.gradle.plugin.mpp.KotlinCompilationsKt                     : loaded 3 times (x 73B)
Class org.jetbrains.kotlin.gradle.plugin.sources.DefaultKotlinSourceSet_Decorated     : loaded 3 times (x 189B)
Class org.jetbrains.kotlin.gradle.plugin.mpp.compilationImpl.factory.DefaultProcessResourcesTaskNameFactory: loaded 3 times (x 76B)
Class org.jetbrains.kotlin.gradle.plugin.diagnostics.TransformActionUsingKotlinToolingDiagnostics: loaded 3 times (x 72B)
Class com.android.build.gradle.internal.component.features.NativeBuildCreationConfig  : loaded 3 times (x 72B)
Class com.android.build.api.variant.Packaging                                         : loaded 3 times (x 72B)
Class com.android.build.gradle.internal.scope.InternalArtifactType$COMBINED_ART_PROFILE: loaded 3 times (x 76B)
Class com.google.wireless.android.sdk.stats.GradleBuildSplitsOrBuilder                : loaded 3 times (x 72B)
Class com.android.tools.lint.model.LintModelSeverity$Companion                        : loaded 3 times (x 73B)
Class com.android.build.gradle.internal.dsl.ApplicationExtensionImpl$dataBinding$1    : loaded 3 times (x 77B)
Class com.android.build.api.artifact.Artifact                                         : loaded 3 times (x 76B)
Class com.android.build.gradle.internal.tasks.ListingFileRedirectTask$CreationAction  : loaded 3 times (x 94B)
Class com.android.build.gradle.internal.dsl.ExternalNativeCmakeOptions_Decorated      : loaded 3 times (x 153B)
Class org.jetbrains.kotlin.gradle.plugin.mpp.compilationImpl.factory.KotlinCompilationImplFactory$create$1: loaded 3 times (x 77B)
Class com.android.build.api.dsl.MaxSdkSpec                                            : loaded 3 times (x 72B)
Class com.android.builder.core.AbstractBuildType                                      : loaded 3 times (x 155B)
Class org.jetbrains.kotlin.gradle.targets.native.KonanPropertiesBuildService$Companion: loaded 3 times (x 73B)
Class org.jetbrains.kotlin.gradle.plugin.PropertiesProvider$propertyWithDeprecatedValues$1: loaded 3 times (x 77B)
Class org.jetbrains.kotlin.gradle.utils.GradleUtilsKt$registerClassLoaderScopedBuildService$1: loaded 3 times (x 76B)
Class org.jetbrains.kotlin.gradle.internal.diagnostics.AgpCompatibilityCheck$AndroidGradlePluginVersionProvider$Default: loaded 3 times (x 76B)
Class com.android.build.gradle.tasks.CompatibleScreensManifest$CreationAction         : loaded 3 times (x 92B)
Class com.android.builder.profile.Recorder                                            : loaded 3 times (x 72B)
Class com.android.build.api.variant.ResValue                                          : loaded 3 times (x 74B)
Class com.google.wireless.android.sdk.stats.GradleBuildProfileSpanOrBuilder           : loaded 3 times (x 72B)
Class com.google.protobuf.Parser                                                      : loaded 3 times (x 72B)
Class com.android.build.api.variant.impl.SigningConfigImpl                            : loaded 3 times (x 83B)
Class com.android.build.gradle.internal.SdkComponentsKt                               : loaded 3 times (x 73B)
Class com.google.common.io.ByteArrayDataOutput                                        : loaded 3 times (x 72B)
Class com.google.common.util.concurrent.DirectExecutor                                : loaded 3 times (x 84B)
Class org.jetbrains.kotlin.compose.compiler.gradle.ComposeCompilerGradleSubplugin     : loaded 3 times (x 85B)
Class org.gradle.accessors.dm.LibrariesForLibs$AndroidxComposeUiToolingLibraryAccessors: loaded 3 times (x 85B)
Class com.android.build.gradle.internal.component.features.DexingCreationConfig       : loaded 3 times (x 72B)
Class com.android.build.api.variant.Renderscript                                      : loaded 3 times (x 72B)
Class com.android.build.api.variant.SigningConfig                                     : loaded 3 times (x 72B)
Class com.android.build.gradle.internal.services.BuiltInKotlinSupportMode$Supported$BuiltInKotlinBooleanOptionEnabled: loaded 3 times (x 73B)
Class com.android.build.gradle.internal.tasks.ValidateResourcesTask                   : loaded 3 times (x 337B)
Class com.android.build.gradle.internal.TaskManager$MergeType$PACKAGE                 : loaded 3 times (x 82B)
Class com.android.build.gradle.internal.res.LinkApplicationAndroidResourcesTask$CreationAction$handleProvider$1: loaded 3 times (x 133B)
Class com.android.build.gradle.internal.res.ParseLibraryResourcesTask                 : loaded 3 times (x 345B)
Class org.jetbrains.kotlin.gradle.plugin.internal.BuildIdService                      : loaded 3 times (x 78B)
Class org.jetbrains.kotlin.gradle.tasks.configuration.AbstractKotlinCompileConfigKt$sam$org_gradle_api_Action$0: loaded 3 times (x 77B)
Class org.jetbrains.kotlin.gradle.tasks.configuration.BaseKotlinCompileConfig$registerBuildToolsApiTransformations$1: loaded 3 times (x 77B)
Class org.jetbrains.kotlin.gradle.plugin.KotlinCompilerArgumentsProducer$CreateCompilerArgumentsContext$Companion: loaded 3 times (x 73B)
Class org.jetbrains.kotlin.gradle.plugin.mpp.compilationImpl.DefaultKotlinCompilationFriendPathsResolver: loaded 3 times (x 77B)
Class com.android.build.gradle.internal.tasks.MergeJavaResourceTask$Companion$predicate$1: loaded 3 times (x 82B)
Class org.jetbrains.kotlin.gradle.plugin.mpp.compilationImpl.factory.KotlinCompilationDependencyConfigurationsFactoriesKt: loaded 3 times (x 73B)
Class com.android.build.gradle.internal.scope.InternalArtifactType$DEVICE_PROVIDER_CODE_COVERAGE: loaded 3 times (x 76B)
Class com.android.build.gradle.internal.dependency.RecalculateStackFramesTransform$Parameters_Decorated: loaded 3 times (x 140B)
Class com.android.build.gradle.internal.GradleLocalPropertiesFactory$get$propertiesContent$1: loaded 3 times (x 77B)
Class [Lcom.android.sdklib.repository.legacy.remote.internal.DownloadCache$Strategy;  : loaded 3 times (x 71B)
Class com.android.sdklib.repository.AndroidSdkHandler                                 : loaded 3 times (x 74B)
Class com.android.sdklib.repository.generated.addon.v1.LibrariesType                  : loaded 3 times (x 77B)
Class com.sun.xml.bind.v2.model.impl.LeafInfoImpl                                     : loaded 3 times (x 104B)
Class [Lcom.sun.xml.bind.v2.model.impl.ClassInfoImpl$SecondaryAnnotation;             : loaded 3 times (x 71B)
Class com.sun.xml.bind.v2.model.core.TypeInfoSet                                      : loaded 3 times (x 72B)
Class com.sun.xml.bind.api.BridgeContext                                              : loaded 3 times (x 78B)
Class com.android.sdklib.repository.generated.repository.v4.ObjectFactory             : loaded 3 times (x 81B)
Class com.android.sdklib.repository.generated.addon.v2.ObjectFactory                  : loaded 3 times (x 82B)
Class com.android.build.gradle.internal.SdkLoadingStrategy                            : loaded 3 times (x 74B)
Class com.android.build.gradle.internal.scope.InternalArtifactType$COMPILE_LIBRARY_CLASSES_JAR: loaded 3 times (x 76B)
Class com.android.build.gradle.internal.dependency.DexingRegistration$registerTransform$1: loaded 3 times (x 77B)
Class com.android.build.gradle.internal.dependency.CollectClassesTransform            : loaded 3 times (x 80B)
Class com.android.build.gradle.internal.HostTestTaskManager$createRunHostTestTask$1   : loaded 3 times (x 77B)
Class com.android.build.gradle.internal.scope.InternalArtifactType$APK_ZIP            : loaded 3 times (x 76B)
Class com.android.build.gradle.internal.tasks.ListingFileRedirectTask                 : loaded 3 times (x 337B)
Class org.jetbrains.kotlin.gradle.utils.ConfigurationCacheOpaqueValue                 : loaded 3 times (x 74B)
Class [Lcom.android.build.gradle.internal.publishing.ArtifactCategory;                : loaded 3 times (x 71B)
Class [Lcom.android.build.gradle.internal.publishing.AndroidArtifacts$ArtifactScope;  : loaded 3 times (x 71B)
Class com.android.build.gradle.internal.dsl.InstrumentationImpl                       : loaded 3 times (x 79B)
Class com.android.build.gradle.internal.core.MergedFlavor$Companion                   : loaded 3 times (x 73B)
Class com.android.build.gradle.internal.dsl.MinSdkSpecImpl$AgpDecorated_Decorated     : loaded 3 times (x 131B)
Class [Lcom.android.build.api.artifact.impl.InternalScopedArtifacts$InternalScope;    : loaded 3 times (x 71B)
Class com.android.build.gradle.internal.services.FakeDependencyJarBuildService$FakeDependencyJarCreator$Inject_: loaded 3 times (x 113B)
Class com.android.build.api.variant.impl.ApplicationVariantImpl                       : loaded 3 times (x 642B)
Class com.android.build.gradle.internal.dsl.ComposeOptionsImpl_Decorated              : loaded 3 times (x 129B)
Class com.android.build.api.attributes.AgpVersionAttr$Impl                            : loaded 3 times (x 90B)
Class com.android.build.gradle.internal.dsl.decorator.DslDecorator$cache$1            : loaded 3 times (x 77B)
Class com.android.build.api.dsl.MinCompileSdkSpec                                     : loaded 3 times (x 72B)
Class com.android.build.api.dsl.AndroidResources                                      : loaded 3 times (x 72B)
Class com.google.wireless.android.sdk.stats.GradleBuildVariant$VariantType            : loaded 3 times (x 89B)
Class org.jetbrains.kotlin.gradle.dsl.KotlinAndroidProjectExtension_Decorated         : loaded 3 times (x 186B)
Class org.jetbrains.kotlin.gradle.plugin.mpp.KotlinUsages                             : loaded 3 times (x 73B)
Class org.jetbrains.kotlin.gradle.internal.properties.NativePropertiesLoader$Companion: loaded 3 times (x 73B)
Class [Lorg.jetbrains.kotlin.build.report.metrics.GradleBuildPerformanceMetric;       : loaded 3 times (x 71B)
Class org.jetbrains.kotlin.gradle.plugin.statistics.BuildFusService$Companion         : loaded 3 times (x 73B)
Class com.android.build.gradle.internal.TaskManager$Companion$createCoreLibraryDesugaringConfig$1: loaded 3 times (x 76B)
Class com.android.ProgressManagerAdapter                                              : loaded 3 times (x 75B)
Class com.google.protobuf.Descriptors$GenericDescriptor                               : loaded 3 times (x 77B)
Class kotlinx.coroutines.flow.StateFlow                                               : loaded 3 times (x 72B)
Class com.android.build.gradle.internal.TaskManager$Companion                         : loaded 3 times (x 73B)
Class com.android.ide.common.blame.MessageJsonSerializer                              : loaded 3 times (x 78B)
Class com.android.build.api.dsl.NdkBuild                                              : loaded 3 times (x 72B)
Class com.android.build.api.dsl.BundleAiModelVersion                                  : loaded 3 times (x 72B)
Class com.android.build.gradle.internal.plugins.FusedLibraryPlugin                    : loaded 3 times (x 83B)
Class com.android.build.gradle.internal.services.RunOnceBuildServiceImpl$Inject_      : loaded 3 times (x 104B)
Class com.sun.xml.bind.v2.runtime.reflect.AdaptedAccessor                             : loaded 3 times (x 87B)
Class com.sun.xml.bind.v2.runtime.unmarshaller.XsiTypeLoader                          : loaded 3 times (x 80B)
Class com.sun.xml.bind.v2.runtime.unmarshaller.WildcardLoader                         : loaded 3 times (x 81B)
Class com.sun.xml.bind.v2.runtime.reflect.TransducedAccessor$IDREFTransducedAccessorImpl: loaded 3 times (x 82B)
Class javax.xml.bind.annotation.W3CDomHandler                                         : loaded 3 times (x 87B)
Class org.jetbrains.kotlin.gradle.tasks.GradleCompileTaskProvider                     : loaded 3 times (x 74B)
Class com.android.ide.common.process.ProcessException                                 : loaded 3 times (x 84B)
Class com.google.common.io.ByteStreams$LimitedInputStream                             : loaded 3 times (x 94B)
Class [Lcom.android.build.gradle.internal.cxx.configure.NativeModelBuilderOutcome$Outcome;: loaded 3 times (x 71B)
Class com.android.build.gradle.internal.tasks.ProcessJavaResTask_Decorated            : loaded 3 times (x 638B)
Class org.gradle.kotlin.dsl.ImplementationConfigurationAccessorsKt                    : loaded 3 times (x 73B)
Class kotlin.collections.CollectionsKt__IterablesKt                                   : loaded 3 times (x 73B)
Class kotlin.collections.MapsKt                                                       : loaded 3 times (x 73B)
Class com.android.build.api.variant.CanMinifyCodeBuilder                              : loaded 3 times (x 72B)
Class com.android.build.gradle.internal.dsl.decorator.SupportedPropertyType$Var$File  : loaded 3 times (x 76B)
Class com.google.gson.internal.bind.TypeAdapters$28                                   : loaded 3 times (x 77B)
Class com.google.gson.internal.bind.TypeAdapters$EnumTypeAdapter                      : loaded 3 times (x 76B)
Class com.android.build.api.dsl.TestBaseFlavor                                        : loaded 3 times (x 72B)
Class com.android.build.api.dsl.LibraryBuildType                                      : loaded 3 times (x 72B)
Class org.jetbrains.kotlin.gradle.internal.properties.NativePropertiesKt              : loaded 3 times (x 73B)
Class com.android.build.api.dsl.VariantDimension                                      : loaded 3 times (x 72B)
Class org.jetbrains.kotlin.gradle.internal.properties.NativePropertiesLoader$actualNativeHomeDirectory$1: loaded 3 times (x 77B)
Class org.jetbrains.kotlin.gradle.plugin.KotlinPlatformType$CompatibilityRule         : loaded 3 times (x 78B)
Class org.jetbrains.kotlin.gradle.plugin.mpp.AbstractKotlinTarget$kotlinComponents$2  : loaded 3 times (x 81B)
Class org.jetbrains.kotlin.gradle.tasks.KotlinJavaToolchain                           : loaded 3 times (x 72B)
Class org.jetbrains.kotlin.gradle.plugin.internal.CompatibilityConventionRegistrar    : loaded 3 times (x 72B)
Class com.android.build.gradle.internal.dsl.DefaultConfig$AgpDecorated_Decorated      : loaded 3 times (x 518B)
Class com.google.common.base.CaseFormat                                               : loaded 3 times (x 85B)
Class com.android.build.gradle.internal.dsl.CoreExternalNativeNdkBuildOptions         : loaded 3 times (x 72B)
Class com.android.build.api.dsl.NdkBuildFlags                                         : loaded 3 times (x 72B)
Class com.android.build.gradle.internal.dsl.JavaCompileOptions$AgpDecorated           : loaded 3 times (x 88B)
Class com.sun.xml.bind.v2.runtime.unmarshaller.ValuePropertyLoader                    : loaded 3 times (x 80B)
Class com.sun.xml.bind.v2.model.runtime.RuntimeReferencePropertyInfo                  : loaded 3 times (x 72B)
Class javax.xml.bind.annotation.XmlRootElement                                        : loaded 3 times (x 72B)
Class com.sun.xml.bind.v2.model.core.Ref                                              : loaded 3 times (x 74B)
Class com.sun.xml.bind.v2.model.runtime.RuntimeElementInfo                            : loaded 3 times (x 72B)
Class com.sun.xml.bind.v2.model.impl.RuntimeModelBuilder                              : loaded 3 times (x 102B)
Class javax.xml.bind.ServiceLoaderUtil                                                : loaded 3 times (x 73B)
Class com.android.repository.impl.meta.Archive$CompleteType                           : loaded 3 times (x 81B)
Class com.android.repository.impl.meta.CommonFactory                                  : loaded 3 times (x 93B)
Class com.android.sdklib.repository.generated.common.v4.IdDisplayType                 : loaded 3 times (x 85B)
Class com.android.build.gradle.internal.SupportToolsComponents$Companion              : loaded 3 times (x 73B)
Class com.android.build.gradle.internal.SdkComponentsBuildService$VersionedSdkLoader$sdkDirectoryProvider$1: loaded 3 times (x 77B)
Class com.android.build.gradle.internal.VariantTaskManager$addBindingDependenciesIfNecessary$viewBindingEnabled$1: loaded 3 times (x 82B)
Class com.android.build.gradle.internal.dependency.LibrarySymbolTableTransform        : loaded 3 times (x 80B)
Class com.android.build.gradle.internal.attribution.CheckJetifierBuildService$Parameters_Decorated: loaded 3 times (x 132B)
Class com.android.build.gradle.internal.HostTestTaskManager$createRunHostTestTask$2   : loaded 3 times (x 77B)
Class com.android.build.api.variant.impl.FileBasedFileEntry                           : loaded 3 times (x 81B)
Class com.android.build.gradle.internal.tasks.AppMetadataTaskKt                       : loaded 3 times (x 73B)
Class com.android.build.gradle.internal.tasks.DexMergingTask$CreationAction           : loaded 3 times (x 95B)
Class com.android.build.gradle.internal.scope.InternalArtifactType$DUPLICATE_CLASSES_CHECK: loaded 3 times (x 76B)
Class org.jetbrains.kotlin.gradle.targets.js.ir.KotlinJsIrTarget                      : loaded 3 times (x 256B)
Class org.jetbrains.kotlin.gradle.plugin.HasCompilerOptions                           : loaded 3 times (x 72B)
Class org.jetbrains.kotlin.gradle.plugin.mpp.compilationImpl.DefaultKotlinCompilationFriendPathsResolver$FriendArtifactResolver: loaded 3 times (x 72B)
Class com.android.build.gradle.internal.scope.InternalArtifactType$BUILT_IN_KOTLINC   : loaded 3 times (x 76B)
Class com.android.build.gradle.internal.scope.InternalArtifactType$MERGED_TEST_ONLY_NATIVE_LIBS: loaded 3 times (x 76B)
Class com.android.build.gradle.internal.scope.InternalArtifactType$MERGED_JNI_LIBS    : loaded 3 times (x 76B)
Class com.android.build.gradle.internal.tasks.CompressAssetsTask                      : loaded 3 times (x 342B)
Class com.android.build.api.artifact.ArtifactTransformationRequest                    : loaded 3 times (x 72B)
Class com.android.build.api.artifact.ScopedArtifact$CLASSES                           : loaded 3 times (x 76B)
Class [Lcom.android.build.api.instrumentation.FramesComputationMode;                  : loaded 3 times (x 71B)
Class com.android.build.gradle.internal.tasks.ProcessNavigationXmlTask$ApplicationCreationAction: loaded 3 times (x 93B)
Class com.android.build.api.component.impl.ComponentImpl                              : loaded 3 times (x 214B)
Class com.android.build.gradle.internal.dsl.ModulePropertyKey$BooleanWithDefault      : loaded 3 times (x 85B)
Class com.android.build.api.variant.impl.HostTestBuilderImpl                          : loaded 3 times (x 91B)
Class com.android.build.gradle.internal.core.MergedAnnotationProcessorOptions         : loaded 3 times (x 109B)
Class com.android.build.api.artifact.Artifact$Replaceable                             : loaded 3 times (x 72B)
Class com.android.build.gradle.internal.services.TaskCreationServices                 : loaded 3 times (x 72B)
Class com.android.builder.model.SourceProvider                                        : loaded 3 times (x 72B)
Class com.android.utils.HelpfulEnumConverter                                          : loaded 3 times (x 94B)
Class com.google.common.util.concurrent.AbstractFuture$UnsafeAtomicHelper             : loaded 3 times (x 80B)
Class com.android.build.api.dsl.ProductFlavor                                         : loaded 3 times (x 72B)
Class com.android.build.api.dsl.BaseFlavor                                            : loaded 3 times (x 72B)
Class org.jetbrains.kotlin.gradle.plugin.mpp.DefaultKotlinUsageContext                : loaded 3 times (x 95B)
Class org.jetbrains.kotlin.gradle.internal.properties.PropertiesBuildService$Companion: loaded 3 times (x 73B)
Class org.jetbrains.kotlin.gradle.dsl.KotlinJvmExtension                              : loaded 3 times (x 72B)
Class org.jetbrains.kotlin.gradle.plugin.KotlinMultiplatformPluginWrapper             : loaded 3 times (x 88B)
Class com.android.build.gradle.internal.services.AndroidLocationsBuildService$AndroidDirectoryCreator$Params: loaded 3 times (x 72B)
Class com.android.build.gradle.internal.services.Aapt2DaemonBuildService$RegistrationAction: loaded 3 times (x 76B)
Class com.android.build.gradle.internal.ide.dependencies.LibraryDependencyCacheBuildService$Parameters_Decorated: loaded 3 times (x 132B)
Class org.jetbrains.kotlin.gradle.plugin.AndroidGradlePluginVersion                   : loaded 3 times (x 77B)
Class com.google.protobuf.AbstractMessageLite                                         : loaded 3 times (x 103B)
Class com.android.prefs.AndroidLocationsException                                     : loaded 3 times (x 84B)
Class com.android.build.gradle.internal.scope.BuildFeatureValues                      : loaded 3 times (x 72B)
Class com.android.builder.errors.EvalIssueException                                   : loaded 3 times (x 84B)
Class com.android.build.gradle.options.ReplacedOption                                 : loaded 3 times (x 87B)
Class [Lcom.android.build.gradle.options.OptionalBooleanOption;                       : loaded 3 times (x 71B)
Class com.android.build.api.variant.CanMinifyAndroidResourcesBuilder                  : loaded 3 times (x 72B)
Class com.android.build.gradle.internal.dsl.Lockable                                  : loaded 3 times (x 72B)
Class com.android.build.gradle.internal.dsl.CmakeOptions$AgpDecorated                 : loaded 3 times (x 103B)
Class com.android.build.gradle.internal.SdkComponentsBuildService$VersionedNdkHandler : loaded 3 times (x 74B)
Class com.android.build.api.variant.DeviceTest                                        : loaded 3 times (x 72B)
Class com.android.build.api.variant.TestFixtures                                      : loaded 3 times (x 72B)
Class com.android.build.gradle.internal.AndroidTestTaskManager                        : loaded 3 times (x 84B)
Class com.android.build.gradle.internal.scope.InternalArtifactType$MERGED_RES_BLAME_FOLDER: loaded 3 times (x 76B)
Class com.android.build.gradle.internal.res.GenerateLibraryRFileTask                  : loaded 3 times (x 352B)
Class org.jetbrains.kotlin.gradle.tasks.configuration.BaseKotlinCompileConfig$1$1     : loaded 3 times (x 77B)
Class org.jetbrains.kotlin.gradle.plugin.mpp.compilationImpl.factory.KotlinCompilationImplFactory$PostConfigure: loaded 3 times (x 72B)
Class kotlin.io.FilesKt__UtilsKt                                                      : loaded 3 times (x 73B)
Class kotlin.collections.CollectionsKt__CollectionsJVMKt                              : loaded 3 times (x 73B)
Class com.android.ide.common.blame.SourcePosition                                     : loaded 3 times (x 73B)
Class com.android.build.api.variant.MultiOutputHandler$Companion                      : loaded 3 times (x 73B)
Class com.android.build.gradle.internal.utils.GlobalSyntheticsMergingUtilsKt          : loaded 3 times (x 73B)
Class com.android.build.gradle.internal.tasks.creationconfig.TestComponentProcessTestManifestCreationConfig: loaded 3 times (x 146B)
Class com.android.build.api.variant.DynamicFeatureVariant                             : loaded 3 times (x 72B)
Class com.android.build.gradle.internal.dependency.ExtractProGuardRulesTransform$Companion: loaded 3 times (x 73B)
Class com.android.build.gradle.internal.dependency.DexingRegistration                 : loaded 3 times (x 73B)
Class com.android.build.gradle.internal.dependency.RecalculateStackFramesTransform$Companion$registerRecalculateStackFramesTransform$1$2: loaded 3 times (x 79B)
Class com.android.build.gradle.internal.publishing.LibraryVariantSpecBuilder          : loaded 3 times (x 92B)
Class com.android.build.gradle.internal.EnvironmentVariablesPropertiesFactory         : loaded 3 times (x 73B)
Class com.android.sdklib.BuildToolInfo                                                : loaded 3 times (x 78B)
Class com.android.repository.impl.generated.v1.ArchivesType                           : loaded 3 times (x 77B)
Class com.android.build.gradle.internal.utils.D8BackportedMethodsGenerator$Parameters$Inject_: loaded 3 times (x 118B)
Class com.sun.xml.bind.v2.runtime.unmarshaller.UnmarshallingContext                   : loaded 3 times (x 104B)
Class com.sun.xml.bind.v2.runtime.LifecycleMethods                                    : loaded 3 times (x 74B)
Class com.android.sdklib.repository.generated.addon.v1.AddonDetailsType               : loaded 3 times (x 143B)
Class com.sun.xml.bind.v2.model.runtime.RuntimeMapPropertyInfo                        : loaded 3 times (x 72B)
Class com.sun.xml.bind.v2.model.annotation.MethodLocatable                            : loaded 3 times (x 80B)
Class com.sun.xml.bind.v2.model.nav.TypeVisitor                                       : loaded 3 times (x 78B)
Class com.android.repository.impl.meta.RepoPackageImpl                                : loaded 3 times (x 116B)
Class com.android.build.gradle.internal.utils.ConsoleProgressIndicatorFactory$IsTerminalSmartValueSource: loaded 3 times (x 80B)
Class org.jetbrains.kotlin.gradle.dsl.KotlinMultiplatformSourceSetConventions         : loaded 3 times (x 72B)
Class com.android.build.api.variant.FilterConfiguration                               : loaded 3 times (x 72B)
Class com.android.build.gradle.internal.coverage.JacocoVersionUtilsKt                 : loaded 3 times (x 73B)
Class com.android.build.gradle.internal.dependency.SubtractingArtifactCollection      : loaded 3 times (x 86B)
Class com.android.build.gradle.internal.tasks.CompileArtProfileTask$CreationAction    : loaded 3 times (x 92B)
Class org.jetbrains.kotlin.gradle.plugin.mpp.compilationImpl.KotlinCompilationConfigurationsContainer: loaded 3 times (x 72B)
Class org.jetbrains.kotlin.gradle.plugin.mpp.KotlinJvmAgpCompilationFactory           : loaded 3 times (x 83B)
Class com.android.build.gradle.internal.tasks.IncrementalTask                         : loaded 3 times (x 72B)
Class com.android.build.gradle.internal.utils.VariantPostCreationChecksKt             : loaded 3 times (x 73B)
Class com.android.build.gradle.internal.dsl.CompileSdkProperties                      : loaded 3 times (x 72B)
Class com.android.build.gradle.internal.dsl.TestOptions                               : loaded 3 times (x 122B)
Class com.android.build.gradle.internal.CompileOptions                                : loaded 3 times (x 96B)
Class com.android.build.gradle.internal.dsl.BundleOptionsDeviceTier                   : loaded 3 times (x 83B)
Class org.jetbrains.kotlin.gradle.plugin.sources.KotlinSourceSetFactory$Companion     : loaded 3 times (x 73B)
Class [Lcom.android.prefs.Global;                                                     : loaded 3 times (x 71B)
Class com.android.build.gradle.internal.services.ConfigPhaseFileCreator               : loaded 3 times (x 72B)
Class com.android.build.gradle.internal.services.Aapt2ThreadPoolBuildService$Params_Decorated: loaded 3 times (x 132B)
Class com.google.wireless.android.sdk.stats.GradleBuildProfile$1                      : loaded 3 times (x 153B)
Class com.android.build.gradle.internal.utils.AnalyticsEnabledValueSource$Params$Inject_: loaded 3 times (x 108B)
Class com.google.protobuf.CodedInputStream$StreamDecoder                              : loaded 3 times (x 121B)
Class com.android.build.gradle.internal.services.Aapt2ThreadPoolBuildService$RegistrationAction: loaded 3 times (x 76B)
Class com.android.build.api.variant.HasTestFixtures                                   : loaded 3 times (x 72B)
Class javax.xml.bind.annotation.XmlElementRef                                         : loaded 3 times (x 72B)
Class com.sun.xml.bind.v2.model.annotation.XmlElementRefsQuick                        : loaded 3 times (x 93B)
Class com.sun.xml.bind.v2.model.runtime.RuntimePropertyInfo                           : loaded 3 times (x 72B)
Class com.sun.xml.bind.v2.model.impl.RuntimeElementInfoImpl$RuntimePropertyImpl       : loaded 3 times (x 162B)
Class com.sun.xml.bind.v2.util.FlattenIterator                                        : loaded 3 times (x 81B)
Class com.sun.xml.bind.v2.runtime.reflect.PrimitiveArrayListerFloat                   : loaded 3 times (x 78B)
Class com.sun.xml.bind.v2.runtime.Utils$1                                             : loaded 3 times (x 79B)
Class com.android.build.gradle.internal.dependency.JdkImageTransform                  : loaded 3 times (x 81B)
Class com.android.build.gradle.internal.AvdComponentsBuildService                     : loaded 3 times (x 78B)
Class com.android.build.gradle.internal.workeractions.DecoratedWorkParameters         : loaded 3 times (x 72B)
Class com.android.build.gradle.internal.ide.dependencies.ResolvedArtifact             : loaded 3 times (x 74B)
Class org.jetbrains.kotlin.gradle.utils.CompilerArgsUtilsKt                           : loaded 3 times (x 73B)
Class org.jetbrains.kotlin.compilerRunner.ArgumentsToStrings                          : loaded 3 times (x 73B)
Class kotlin.jvm.internal.Intrinsics                                                  : loaded 3 times (x 73B)
Class kotlin.reflect.KAnnotatedElement                                                : loaded 3 times (x 72B)
Class [Lcom.google.common.util.concurrent.DirectExecutor;                             : loaded 3 times (x 71B)
Class com.android.build.gradle.internal.services.ServiceRegistrationAction$execute$1  : loaded 3 times (x 77B)
Class kotlin.sequences.SequencesKt                                                    : loaded 3 times (x 73B)
Class kotlin.collections.CollectionsKt__IteratorsKt                                   : loaded 3 times (x 73B)
Class com.android.build.gradle.internal.services.FakeDependencyJarBuildService$Params : loaded 3 times (x 72B)
Class org.jetbrains.kotlin.gradle.plugin.internal.state.TaskExecutionResults          : loaded 3 times (x 73B)
Class org.jetbrains.kotlin.gradle.dsl.KotlinProjectExtensionKt$WhenMappings           : loaded 3 times (x 73B)
Class org.jetbrains.kotlin.gradle.plugin.ide.IdeCompilerArgumentsResolverImpl         : loaded 3 times (x 76B)
Class com.android.ide.common.caching.CreatingCache$ValueFactory                       : loaded 3 times (x 72B)
Class [Lcom.android.build.gradle.options.BooleanOption;                               : loaded 3 times (x 71B)
Class org.jetbrains.kotlin.gradle.plugin.internal.CustomPropertiesFileValueSource$Parameters$Inject_: loaded 3 times (x 108B)
Class org.jetbrains.kotlin.gradle.report.BuildReportType                              : loaded 3 times (x 81B)
Class org.jetbrains.kotlin.gradle.targets.native.KonanPropertiesBuildService$Companion$registerIfAbsent$2$1: loaded 3 times (x 81B)
Class com.android.build.gradle.internal.services.AndroidLocationsBuildService$AndroidDirectoryCreator$Inject_: loaded 3 times (x 113B)
Class com.android.build.api.dsl.JUnitEngineSpec                                       : loaded 3 times (x 72B)
Class org.jetbrains.kotlin.gradle.internal.Kapt3GradleSubplugin                       : loaded 3 times (x 85B)
Class org.jetbrains.kotlin.gradle.plugin.UsesVariantImplementationFactories           : loaded 3 times (x 72B)
Class com.android.build.gradle.internal.dsl.DefaultConfig                             : loaded 3 times (x 439B)
Class com.android.build.gradle.internal.dsl.MaxSdkSpecImpl                            : loaded 3 times (x 81B)
Class com.android.build.gradle.internal.dsl.ApplicationBuildFeaturesImpl_Decorated    : loaded 3 times (x 171B)
Class com.android.builder.model.VectorDrawablesOptions                                : loaded 3 times (x 72B)
Class org.jetbrains.kotlin.compilerRunner.KotlinCompilerArgumentsLogLevel             : loaded 3 times (x 81B)
Class com.android.build.gradle.internal.core.dsl.impl.features.OptimizationDslInfoImpl$WhenMappings: loaded 3 times (x 73B)
Class javax.xml.bind.Unmarshaller                                                     : loaded 3 times (x 72B)
Class com.android.build.gradle.internal.FileExistsValueSource                         : loaded 3 times (x 80B)
Class com.android.build.gradle.internal.SdkComponentsBuildService$VersionedSdkLoader$renderScriptSupportJarProvider$1: loaded 3 times (x 77B)
Class com.android.builder.sdk.InstallFailedException                                  : loaded 3 times (x 84B)
Class com.android.build.gradle.internal.cxx.gradle.generator.NativeProjectPath        : loaded 3 times (x 74B)
Class com.android.build.gradle.internal.cxx.logging.IssueReporterLoggingEnvironment   : loaded 3 times (x 85B)
Class com.android.build.gradle.internal.cxx.configure.CxxCreateGradleTasksKt          : loaded 3 times (x 73B)
Class com.android.build.gradle.internal.scope.InternalArtifactType$SDK_DEPENDENCY_DATA_PUBLIC: loaded 3 times (x 76B)
Class org.jetbrains.kotlin.gradle.plugin.mpp.compilationImpl.factory.CompositePostConfigure: loaded 3 times (x 77B)
Class com.android.build.gradle.internal.scope.InternalArtifactType$COMPRESSED_ASSETS  : loaded 3 times (x 76B)
Class com.android.build.gradle.internal.scope.InternalArtifactType$GENERATED_PNGS_RES : loaded 3 times (x 76B)
Class com.android.build.api.artifact.SingleArtifact$APK                               : loaded 3 times (x 76B)
Class com.android.build.api.artifact.SingleArtifact                                   : loaded 3 times (x 76B)
Class com.android.build.gradle.internal.dependency.VariantDependencies$Companion$computeLocalFileDependencies$2: loaded 3 times (x 77B)
Class com.android.build.gradle.internal.dependency.VariantDependencies$computeArtifactCollection$attributesAction$1: loaded 3 times (x 77B)
Class com.android.build.gradle.internal.TaskManager$createAssembleTask$1              : loaded 3 times (x 77B)
Class android.databinding.tool.DataBindingBuilder$GradleFileWriter                    : loaded 3 times (x 77B)
Class com.android.build.api.component.impl.TestComponentImpl                          : loaded 3 times (x 363B)
Class com.android.build.gradle.internal.core.MergedExternalNativeNdkBuildOptions      : loaded 3 times (x 88B)
Class com.android.build.gradle.internal.core.MergedNdkConfig                          : loaded 3 times (x 97B)
Class com.android.build.gradle.internal.publishing.PublishedConfigSpec                : loaded 3 times (x 74B)
Class com.android.build.gradle.internal.ProguardFilesProvider                         : loaded 3 times (x 72B)
Class com.android.build.gradle.internal.dsl.ApplicationBuildFeaturesImpl              : loaded 3 times (x 122B)
Class [Lcom.android.build.api.artifact.Artifact$Category;                             : loaded 3 times (x 71B)
Class com.android.build.gradle.internal.dsl.KeepRulesImpl$AgpDecorated                : loaded 3 times (x 99B)
Class com.android.build.gradle.internal.dsl.JniLibsPackagingImpl$AgpDecorated_Decorated: loaded 3 times (x 139B)
Class com.android.build.gradle.internal.dsl.DexOptions                                : loaded 3 times (x 105B)
Class com.android.build.api.dsl.ApplicationPublishing                                 : loaded 3 times (x 72B)
Class org.jetbrains.kotlin.gradle.plugin.AndroidGradlePluginVersion$Companion         : loaded 3 times (x 73B)
Class com.android.build.api.artifact.impl.StorageProviderImpl                         : loaded 3 times (x 74B)
Class com.android.build.gradle.internal.tasks.LintCompile                             : loaded 3 times (x 330B)
Class com.android.build.gradle.internal.manifest.ManifestValueSource$Params_Decorated : loaded 3 times (x 132B)
Class com.android.build.gradle.internal.dependency.VariantDependenciesBuilder         : loaded 3 times (x 84B)
Class com.android.build.api.attributes.AgpVersionAttr                                 : loaded 3 times (x 72B)
Class com.android.build.gradle.internal.variant.ApkVariantData                        : loaded 3 times (x 74B)
Class com.android.builder.errors.IssueReporter                                        : loaded 3 times (x 75B)
Class org.gradle.accessors.dm.LibrariesForLibsInPluginsBlock$AndroidxEspressoLibraryAccessors: loaded 3 times (x 79B)
Class org.gradle.accessors.dm.LibrariesForLibs$AndroidxComposeUiLibraryAccessors      : loaded 3 times (x 87B)
Class com.google.common.base.Enums                                                    : loaded 3 times (x 73B)
Class com.android.builder.core.LibraryRequest                                         : loaded 3 times (x 74B)
Class com.android.build.gradle.internal.api.ReadOnlyObjectProvider                    : loaded 3 times (x 78B)
Class com.android.build.gradle.internal.core.dsl.impl.DslInfoBuilder$Companion        : loaded 3 times (x 73B)
Class com.android.build.gradle.internal.core.dsl.impl.features.BuildConfigDslInfoImpl : loaded 3 times (x 77B)
Class com.android.build.api.variant.impl.LintReportsBuilderImpl                       : loaded 3 times (x 83B)
Class kotlin.text.StringsKt                                                           : loaded 3 times (x 73B)
Class com.android.build.gradle.internal.ide.dependencies.Graph$Companion              : loaded 3 times (x 73B)
Class com.android.ide.common.caching.CreatingCache                                    : loaded 3 times (x 78B)
Class com.android.build.gradle.internal.ide.v2.AndroidGradlePluginProjectFlagsImpl    : loaded 3 times (x 77B)
Class com.android.build.gradle.internal.core.dsl.InstrumentedTestComponentDslInfo     : loaded 3 times (x 72B)
Class com.android.build.gradle.internal.tasks.ExtractNativeDebugMetadataTask$CreationAction: loaded 3 times (x 93B)
Class com.android.build.gradle.tasks.GenerateManifestJarTask$CreationAction           : loaded 3 times (x 92B)
Class com.android.build.gradle.internal.scope.InternalArtifactType$ANNOTATION_PROCESSOR_LIST: loaded 3 times (x 76B)
Class org.jetbrains.kotlin.gradle.dsl.KotlinJvmCompile                                : loaded 3 times (x 72B)
Class com.android.build.gradle.internal.scope.InternalArtifactType$DEX_METADATA_DIRECTORY: loaded 3 times (x 76B)
Class com.android.build.gradle.internal.tasks.ApplicationTaskManager$doCreateTasksForVariant$d8DexStartupOptimizationEnabled$1: loaded 3 times (x 76B)
Class com.android.build.api.artifact.SingleArtifact$BUNDLE                            : loaded 3 times (x 76B)
Class com.android.build.api.variant.AnnotationProcessor                               : loaded 3 times (x 72B)
Class org.jetbrains.kotlin.gradle.tasks.KotlinCompilerExecutionStrategy$Companion     : loaded 3 times (x 73B)
Class org.jetbrains.kotlin.gradle.plugin.CompilerPluginConfig                         : loaded 3 times (x 74B)
Class com.sun.xml.bind.v2.runtime.Coordinator                                         : loaded 3 times (x 85B)
Class javax.xml.bind.ValidationEventHandler                                           : loaded 3 times (x 72B)
Class com.android.repository.impl.meta.Archive$PatchesType                            : loaded 3 times (x 74B)
Class com.sun.xml.bind.v2.model.annotation.XmlRootElementQuick                        : loaded 3 times (x 94B)
Class com.sun.xml.bind.v2.runtime.NameBuilder                                         : loaded 3 times (x 74B)
Class com.android.repository.impl.generated.v2.ArchiveType                            : loaded 3 times (x 99B)
Class com.android.sdklib.repository.generated.sysimg.v2.package-info                  : loaded 3 times (x 72B)
Class com.android.builder.errors.IssueReporter$Severity                               : loaded 3 times (x 81B)
Class com.android.build.gradle.internal.api.ApplicationVariantImpl_Decorated          : loaded 3 times (x 310B)
Class com.android.build.gradle.internal.dependency.AarTransform                       : loaded 3 times (x 80B)
Class com.android.build.gradle.internal.PropertiesValueSource$Params_Decorated        : loaded 3 times (x 132B)
Class com.android.build.gradle.internal.VariantTaskManager$createReportTasks$signingReportComponents$1: loaded 3 times (x 82B)
Class com.android.build.gradle.internal.tasks.ExtractVersionControlInfoTask           : loaded 3 times (x 339B)
Class com.android.build.gradle.internal.tasks.OptimizeResourcesTask$CreateAction$handleProvider$1: loaded 3 times (x 133B)
Class com.android.build.gradle.internal.tasks.MergeNativeDebugMetadataTask$CreationAction: loaded 3 times (x 92B)
Class com.android.build.gradle.internal.tasks.ValidateSigningTask$CreationAction$handleProvider$1: loaded 3 times (x 133B)
Class [Lorg.jetbrains.kotlin.tooling.core.HasMutableExtras;                           : loaded 3 times (x 71B)
Class com.android.build.gradle.internal.tasks.ProcessJavaResTask$CreationAction       : loaded 3 times (x 92B)
Class com.android.build.gradle.tasks.CompatibleScreensManifest                        : loaded 3 times (x 340B)
Class com.android.build.gradle.internal.TaskManager$createAssembleTask$2              : loaded 3 times (x 77B)
Class com.android.build.api.component.impl.features.InstrumentationCreationConfigImpl : loaded 3 times (x 85B)
Class com.android.build.api.component.UnitTest                                        : loaded 3 times (x 72B)
Class com.android.build.api.variant.impl.DependenciesInfoBuilderImpl_Decorated        : loaded 3 times (x 139B)
Class com.android.build.api.attributes.ProductFlavorAttr                              : loaded 3 times (x 72B)
Class com.android.build.gradle.internal.core.MergedFlavor                             : loaded 3 times (x 204B)
Class com.android.build.gradle.internal.services.FakeDependencyJarBuildService$FakeDependencyJarCreator$Params$Inject_: loaded 3 times (x 110B)
Class com.android.build.gradle.internal.dsl.SdkComponentsImpl$sdkDirectory$1          : loaded 3 times (x 77B)
Class com.android.build.gradle.api.AndroidArtifactVariant                             : loaded 3 times (x 72B)
Class com.android.build.gradle.internal.dsl.TestFixturesImpl                          : loaded 3 times (x 83B)
Class com.android.build.api.dsl.Installation                                          : loaded 3 times (x 72B)
Class com.android.build.gradle.internal.tasks.AppClasspathCheckTask$CreationAction    : loaded 3 times (x 92B)
Class com.android.build.gradle.tasks.ExtractDeepLinksTask$BaseCreationAction          : loaded 3 times (x 95B)
Class org.jetbrains.kotlin.gradle.plugin.internal.DefaultCompatibilityConventionRegistrar: loaded 3 times (x 76B)
Class org.jetbrains.kotlin.gradle.plugin.PropertiesProvider                           : loaded 3 times (x 75B)
Class org.jetbrains.kotlin.gradle.plugin.DefaultKotlinBasePlugin$addKotlinCompilerConfiguration$1: loaded 3 times (x 77B)
Class org.jetbrains.kotlin.gradle.plugin.mpp.KotlinAndroidTarget                      : loaded 3 times (x 161B)
Class com.android.build.gradle.internal.dependency.VariantDependencies$Companion$WhenMappings: loaded 3 times (x 73B)
Class com.android.build.gradle.internal.tasks.ModuleMetadataWriterTask$CreationAction$handleProvider$1: loaded 3 times (x 133B)
Class com.android.build.gradle.internal.services.Aapt2DaemonBuildService$Parameters   : loaded 3 times (x 74B)
Class com.android.build.gradle.internal.component.ComponentBasedMergeSourceSetFoldersCreationConfig: loaded 3 times (x 96B)
Class com.android.build.gradle.tasks.MergeSourceSetFolders$MergeAssetCreationAction   : loaded 3 times (x 93B)
Class com.android.build.api.variant.impl.JniLibsTestedApkPackagingImpl                : loaded 3 times (x 93B)
Class org.jetbrains.kotlin.gradle.report.UsesBuildMetricsService                      : loaded 3 times (x 72B)
Class org.jetbrains.kotlin.gradle.utils.ConfigurationCacheOpaqueValueSource           : loaded 3 times (x 81B)
Class com.android.build.gradle.BaseExtension                                          : loaded 3 times (x 197B)
Class com.android.build.gradle.internal.plugins.VersionCheckPlugin$Companion          : loaded 3 times (x 73B)
Class com.android.build.gradle.internal.dependency.RecalculateStackFramesTransform    : loaded 3 times (x 81B)
Class com.android.build.gradle.internal.dependency.RecalculateStackFramesTransform$Companion$registerRecalculateStackFramesTransform$1$1: loaded 3 times (x 77B)
Class com.android.build.gradle.tasks.GenerateBuildConfig                              : loaded 3 times (x 348B)
Class com.android.build.gradle.tasks.AidlCompile                                      : loaded 3 times (x 340B)
Class org.jetbrains.kotlin.gradle.plugin.mpp.compilationImpl.factory.KotlinCompilationImplFactory$KotlinCompilationSourceSetsContainerFactory: loaded 3 times (x 72B)
Class com.sun.xml.bind.v2.model.annotation.RuntimeInlineAnnotationReader              : loaded 3 times (x 108B)
Class org.jetbrains.kotlin.gradle.utils.MutableObservableSet                          : loaded 3 times (x 72B)
Class com.sun.xml.bind.v2.model.annotation.XmlEnumQuick                               : loaded 3 times (x 93B)
Class com.android.build.gradle.internal.AndroidJarInput                               : loaded 3 times (x 81B)
Class javax.xml.bind.annotation.XmlType                                               : loaded 3 times (x 72B)
Class javax.xml.bind.annotation.XmlAccessType                                         : loaded 3 times (x 81B)
Class com.sun.xml.bind.v2.runtime.reflect.Utils$1                                     : loaded 3 times (x 79B)
Class [Ljavax.xml.bind.annotation.XmlElement;                                         : loaded 3 times (x 71B)
Class com.sun.xml.bind.v2.runtime.property.ArrayERProperty$ReceiverImpl               : loaded 3 times (x 77B)
Class org.jetbrains.kotlin.gradle.plugin.hierarchy.KotlinSourceSetTreeClassifierKt    : loaded 3 times (x 73B)
Class com.android.build.gradle.internal.ProguardFileType                              : loaded 3 times (x 81B)
Class [Lorg.jetbrains.kotlin.gradle.dsl.jvm.JvmTargetValidationMode;                  : loaded 3 times (x 71B)
Class org.jetbrains.kotlin.gradle.tasks.DefaultKotlinJavaToolchain$javaVersion$1      : loaded 3 times (x 76B)
Class com.android.sdklib.repository.generated.sysimg.v2.SysImgDetailsType             : loaded 3 times (x 146B)
Class com.sun.xml.bind.v2.model.core.PropertyKind                                     : loaded 3 times (x 81B)
Class [Lcom.sun.xml.bind.v2.model.impl.ClassInfoImpl$PropertyGroup;                   : loaded 3 times (x 71B)
Class com.sun.xml.bind.v2.runtime.unmarshaller.Receiver                               : loaded 3 times (x 72B)
Class javax.xml.bind.annotation.XmlSeeAlso                                            : loaded 3 times (x 72B)
Class [Lcom.sun.xml.bind.v2.model.annotation.Quick;                                   : loaded 3 times (x 71B)
Class com.android.sdklib.repository.generated.sysimg.v1.ObjectFactory                 : loaded 3 times (x 77B)
Class com.android.sdklib.repository.generated.repository.v1.package-info              : loaded 3 times (x 72B)
Class com.android.sdklib.repository.meta.DetailsTypes$PlatformDetailsType             : loaded 3 times (x 72B)
Class com.android.build.gradle.internal.FileExistsValueSource$Inject_                 : loaded 3 times (x 111B)
Class com.android.build.gradle.internal.DependencyConfigurator$registerTransform$1    : loaded 3 times (x 77B)
Class com.android.build.gradle.internal.VariantTaskManager$createReportTasks$signingReportComponents$2: loaded 3 times (x 80B)
Class com.android.build.gradle.internal.variant.BuildAuthorSpecifiedDefaultsFlavorComparator: loaded 3 times (x 92B)
Class com.android.build.gradle.internal.testing.TestData                              : loaded 3 times (x 72B)
Class com.android.build.gradle.internal.scope.InternalArtifactType$OPTIMIZED_PROCESSED_RES: loaded 3 times (x 76B)
Class com.android.build.gradle.internal.tasks.AnchorTaskNames                         : loaded 3 times (x 73B)
Class com.android.build.gradle.internal.tasks.BundleToStandaloneApkTask$CreationAction: loaded 3 times (x 92B)
Class com.android.build.gradle.tasks.PackageAndroidArtifact$Companion$THROW_ON_ERROR_ISSUE_REPORTER$1: loaded 3 times (x 75B)
Class com.android.build.gradle.internal.tasks.StripDebugSymbolsTask$CreationAction$handleProvider$1: loaded 3 times (x 133B)
Class com.android.build.gradle.internal.scope.InternalMultipleArtifactType$DEX        : loaded 3 times (x 76B)
Class org.jetbrains.kotlin.gradle.plugin.mpp.compilationImpl.factory.KotlinCompilationImplFactory$KotlinCompilationOutputFactory: loaded 3 times (x 72B)
Class org.jetbrains.kotlin.gradle.plugin.mpp.compilationImpl.DefaultKotlinCompilationFriendPathsResolver$AdditionalAndroidFriendArtifactResolver: loaded 3 times (x 76B)
Class org.jetbrains.kotlin.gradle.internal.IsInIdeaEnvironmentValueSource             : loaded 3 times (x 82B)
Class com.android.build.gradle.internal.tasks.MergeNativeLibsTask                     : loaded 3 times (x 350B)
Class com.android.build.gradle.internal.res.LinkAndroidResForBundleTask$CreationAction: loaded 3 times (x 95B)
Class com.android.build.gradle.internal.tasks.CheckAarMetadataTask                    : loaded 3 times (x 347B)
Class com.android.build.gradle.internal.TaskManager$MergeType                         : loaded 3 times (x 82B)
Class com.android.build.api.artifact.Artifact$ContainsMany                            : loaded 3 times (x 72B)
Class com.android.build.gradle.internal.tasks.ExtractProfilerNativeDependenciesTask$CreationAction: loaded 3 times (x 92B)
Class com.android.build.api.variant.AndroidTest                                       : loaded 3 times (x 72B)
Class com.android.build.gradle.internal.scope.TaskContainer                           : loaded 3 times (x 72B)
Class [Lcom.android.build.gradle.internal.core.dsl.ComponentDslInfo$DslDefinedHostTest;: loaded 3 times (x 71B)
Class com.google.common.base.CaseFormat$StringConverter                               : loaded 3 times (x 92B)
Class com.android.build.gradle.internal.tasks.SigningConfigWriterTask$CreationAction$handleProvider$1: loaded 3 times (x 133B)
Class com.android.build.gradle.internal.dsl.AbstractPublishing                        : loaded 3 times (x 75B)
Class org.jetbrains.kotlin.gradle.plugin.mpp.KotlinAndroidTargetKt                    : loaded 3 times (x 73B)
Class org.jetbrains.kotlin.gradle.plugin.ProjectLocalConfigurations$setupAttributesMatchingStrategy$1$1: loaded 3 times (x 76B)
Class org.jetbrains.kotlin.gradle.targets.native.toolchain.KotlinNativeBundleBuildService$Companion$registerIfAbsent$2$1$1: loaded 3 times (x 77B)
Class org.jetbrains.kotlin.gradle.plugin.diagnostics.ProblemsReporter$Factory         : loaded 3 times (x 72B)
Class org.jetbrains.kotlin.gradle.plugin.KotlinCompilationToRunnableFiles             : loaded 3 times (x 72B)
Class com.android.build.gradle.internal.tasks.GlobalSyntheticsMergeTask               : loaded 3 times (x 338B)
Class com.google.wireless.android.sdk.stats.GradleBuildProfileOrBuilder               : loaded 3 times (x 72B)
Class com.android.build.gradle.internal.profile.NoOpAnalyticsService                  : loaded 3 times (x 112B)
Class com.android.build.gradle.internal.profile.AnalyticsServiceApi                   : loaded 3 times (x 72B)
Class com.android.build.gradle.tasks.ProcessTestManifest$CreationAction$handleProvider$1: loaded 3 times (x 133B)
Class com.android.build.gradle.internal.TaskManager$PreBuildCreationAction            : loaded 3 times (x 93B)
Class com.android.build.gradle.internal.attribution.CheckJetifierBuildService         : loaded 3 times (x 82B)
Class com.android.build.api.variant.HasAndroidTest                                    : loaded 3 times (x 72B)
Class org.gradle.accessors.dm.LibrariesForLibsInPluginsBlock$AndroidxComposeLibraryAccessors: loaded 3 times (x 81B)
Class org.jetbrains.kotlin.gradle.internal.Kapt3KotlinGradleSubpluginKt               : loaded 3 times (x 73B)
Class com.android.build.gradle.internal.ide.v2.TestInfoImpl$Companion                 : loaded 3 times (x 73B)
Class com.google.common.base.VerifyException                                          : loaded 3 times (x 84B)
Class com.android.build.api.dsl.TestExtension                                         : loaded 3 times (x 72B)
Class com.android.ide.common.caching.CreatingCache$State                              : loaded 3 times (x 81B)
Class org.jetbrains.kotlin.cli.common.arguments.InternalArgument                      : loaded 3 times (x 72B)
Class org.gradle.internal.IoActions                                                   : loaded 3 times (x 73B)
Class com.android.build.gradle.internal.plugins.BasePlugin$apply$1                    : loaded 3 times (x 77B)
Class com.android.build.gradle.options.ApiStage$Removed                               : loaded 3 times (x 74B)
Class org.jetbrains.kotlin.gradle.dsl.KotlinHierarchyDsl                              : loaded 3 times (x 72B)
Class com.android.build.gradle.internal.SdkParsingUtilsKt                             : loaded 3 times (x 73B)
Class com.android.sdklib.repository.generated.repository.v1.LayoutlibType             : loaded 3 times (x 76B)
Class com.google.protobuf.GeneratedMessageV3$Builder                                  : loaded 3 times (x 280B)
Class com.google.protobuf.MutabilityOracle                                            : loaded 3 times (x 72B)
Class kotlin.io.FilesKt__FileReadWriteKt                                              : loaded 3 times (x 73B)
Class kotlin.text.StringsKt__StringNumberConversionsKt                                : loaded 3 times (x 73B)
Class com.android.prefs.QueryResult                                                   : loaded 3 times (x 84B)
Class com.sun.xml.bind.v2.runtime.reflect.Accessor$1                                  : loaded 3 times (x 87B)
Class com.android.build.gradle.internal.res.LinkApplicationAndroidResourcesTask_Decorated: loaded 3 times (x 474B)
Class org.jetbrains.kotlin.gradle.plugin.VariantImplementationFactoriesConfigurator$Inject_: loaded 3 times (x 98B)
Class org.jetbrains.kotlin.gradle.plugin.PropertiesProvider$keepIncrementalCompilationCachesInMemory$1: loaded 3 times (x 81B)
Class org.jetbrains.kotlin.gradle.plugin.KotlinGradleBuildServices$Companion$registerIfAbsent$2$1: loaded 3 times (x 81B)
Class org.jetbrains.kotlin.gradle.plugin.KotlinGradleBuildServices$Inject_            : loaded 3 times (x 102B)
Class org.jetbrains.kotlin.gradle.internal.properties.NativePropertiesLoader$konanDataDirProperty$1: loaded 3 times (x 77B)
Class com.sun.xml.bind.v2.runtime.property.SingleReferenceNodeProperty                : loaded 3 times (x 104B)
Class [Lcom.google.wireless.android.sdk.stats.GradleBuildVariant$VariantType;         : loaded 3 times (x 71B)
Class com.android.build.gradle.internal.dsl.AndroidSourceSetFactory                   : loaded 3 times (x 79B)
Class com.android.builder.model.BaseConfig                                            : loaded 3 times (x 72B)
Class com.sun.xml.bind.v2.runtime.unmarshaller.StructureLoader$1                      : loaded 3 times (x 73B)
Class org.jetbrains.kotlin.gradle.plugin.mpp.KotlinCompilationsKt$sam$java_util_concurrent_Callable$0: loaded 3 times (x 77B)
Class org.jetbrains.kotlin.gradle.tasks.KotlinCompilerPluginData                      : loaded 3 times (x 74B)
Class com.android.build.gradle.internal.tasks.factory.GlobalTaskCreationConfigImpl$platformAttrs$2$1: loaded 3 times (x 77B)
Class com.android.build.api.component.impl.ComponentUtils                             : loaded 3 times (x 73B)
Class com.android.build.gradle.internal.dependency.JdkImageTransformKt$getJdkImageFromTransform$1: loaded 3 times (x 77B)
Class com.sun.xml.bind.v2.runtime.unmarshaller.SAXConnector$TagNameImpl               : loaded 3 times (x 77B)
Class javax.xml.bind.annotation.XmlAccessorOrder                                      : loaded 3 times (x 72B)
Class javax.xml.bind.JAXBElement                                                      : loaded 3 times (x 83B)
Class com.android.build.gradle.internal.SdkLocator$SdkLocationSource$LOCAL_ANDROID_DIR: loaded 3 times (x 82B)
Class com.android.repository.api.Downloader                                           : loaded 3 times (x 72B)
Class com.android.build.gradle.internal.dependency.ExtractProGuardRulesTransform$Parameters: loaded 3 times (x 72B)
Class com.android.build.gradle.internal.scope.InternalArtifactType$UNIT_TEST_CODE_COVERAGE: loaded 3 times (x 76B)
Class com.android.build.api.variant.impl.FileEntry                                    : loaded 3 times (x 72B)
Class com.android.build.gradle.internal.tasks.PerModuleReportDependenciesTask         : loaded 3 times (x 340B)
Class com.android.build.gradle.internal.scope.InternalArtifactType$DEX_ARCHIVE_INPUT_JAR_HASHES: loaded 3 times (x 76B)
Class com.android.build.gradle.internal.tasks.R8VersionCheckKt                        : loaded 3 times (x 73B)
Class org.jetbrains.kotlin.tooling.core.ExtrasPropertyKt                              : loaded 3 times (x 73B)
Class org.jetbrains.kotlin.gradle.plugin.mpp.compilationImpl.KotlinCompilationSourceSetInclusion$include$1: loaded 3 times (x 81B)
Class org.jetbrains.kotlin.gradle.dsl.KotlinProjectExtensionKt                        : loaded 3 times (x 73B)
Class org.jetbrains.kotlin.gradle.plugin.mpp.compilationImpl.factory.KotlinCompilationImplFactory$KotlinCompilationDependencyConfigurationsFactory: loaded 3 times (x 72B)
Class org.jetbrains.kotlin.gradle.tasks.BaseKotlinCompile                             : loaded 3 times (x 72B)
Class org.jetbrains.kotlin.gradle.plugin.internal.UsesBuildIdProviderService          : loaded 3 times (x 72B)
Class org.jetbrains.kotlin.compilerRunner.CompilerSystemPropertiesService$Companion$registerIfAbsent$2$1$1: loaded 3 times (x 77B)
Class com.android.build.gradle.internal.feature.BundleAllClasses                      : loaded 3 times (x 338B)
Class com.android.build.gradle.internal.tasks.MergeNativeLibsTask$CreationAction$handleProvider$1: loaded 3 times (x 133B)
Class com.android.build.api.variant.impl.JniLibsPackagingImpl                         : loaded 3 times (x 82B)
Class com.android.build.gradle.tasks.CompileNavigationXmlTask$CreationAction$handleProvider$1: loaded 3 times (x 133B)
Class com.android.build.gradle.tasks.ProcessMultiApkApplicationManifest$CreationAction$handleProvider$1: loaded 3 times (x 133B)
Class com.android.build.api.variant.impl.ApplicationVariantBuilderImpl                : loaded 3 times (x 212B)
Class com.android.build.gradle.internal.publishing.VariantPublishingInfo              : loaded 3 times (x 74B)
Class com.android.build.gradle.internal.dsl.BundleOptionsDeviceGroup$AgpDecorated_Decorated: loaded 3 times (x 132B)
Class com.android.build.gradle.internal.dsl.TestOptions$UnitTestOptions_Decorated     : loaded 3 times (x 132B)
Class com.android.build.gradle.internal.api.artifact.SourceArtifactType$KOTLIN_SOURCES: loaded 3 times (x 76B)
Class com.android.build.api.dsl.LibraryPublishing                                     : loaded 3 times (x 72B)
Class com.android.build.api.dsl.ApplicationBuildType                                  : loaded 3 times (x 72B)
Class org.jetbrains.kotlin.gradle.internal.ClassLoadersCachingBuildService$Companion$registerIfAbsent$1: loaded 3 times (x 77B)
Class org.jetbrains.kotlin.gradle.plugin.UsesKotlinGradleBuildServices                : loaded 3 times (x 72B)
Class org.jetbrains.kotlin.gradle.plugin.KotlinGradleBuildServices$Parameters_Decorated: loaded 3 times (x 132B)
Class org.jetbrains.kotlin.gradle.plugin.DefaultKotlinBasePlugin$addKotlinCompilerConfiguration$3: loaded 3 times (x 77B)
Class org.jetbrains.kotlin.gradle.internal.IdeaKt                                     : loaded 3 times (x 73B)
Class com.android.build.gradle.internal.SdkComponentsBuildService$Parameters_Decorated: loaded 3 times (x 153B)
Class com.google.protobuf.IterableByteBufferInputStream                               : loaded 3 times (x 94B)
Class com.android.sdklib.IAndroidTarget                                               : loaded 3 times (x 72B)
Class com.google.protobuf.CodedInputStream                                            : loaded 3 times (x 121B)
Class com.google.wireless.android.sdk.stats.GradleBuildProfileSpan                    : loaded 3 times (x 217B)
Class com.android.build.gradle.internal.component.TaskCreationConfig                  : loaded 3 times (x 72B)
Class com.android.build.gradle.internal.services.DslServicesImpl                      : loaded 3 times (x 101B)
Class org.gradle.accessors.dm.LibrariesForLibs$AndroidxCoreLibraryAccessors           : loaded 3 times (x 79B)
Class com.android.builder.core.ToolsRevisionUtils                                     : loaded 3 times (x 73B)
Class com.android.build.api.dsl.UnitTestOptions                                       : loaded 3 times (x 72B)
Class com.android.build.gradle.internal.tasks.factory.GlobalTaskCreationConfigImpl$Companion: loaded 3 times (x 73B)
Class com.android.build.gradle.internal.scope.AndroidTestBuildFeatureValuesImpl       : loaded 3 times (x 102B)
Class com.android.build.gradle.tasks.ProcessApplicationManifest                       : loaded 3 times (x 365B)
Class com.android.build.gradle.tasks.ProcessApplicationManifest$CreationAction$handleProvider$4: loaded 3 times (x 76B)
Class com.android.build.gradle.internal.component.KmpComponentCreationConfig          : loaded 3 times (x 72B)
Class org.jetbrains.kotlin.gradle.internal.transforms.BuildToolsApiClasspathEntrySnapshotTransform$Inject_1: loaded 3 times (x 115B)
Class org.jetbrains.kotlin.gradle.internal.CompilerOptionsDslHelpersKt                : loaded 3 times (x 73B)
Class com.android.build.gradle.internal.tasks.MergeGeneratedProguardFilesCreationAction$Companion: loaded 3 times (x 73B)
Class [Lcom.android.build.gradle.internal.scope.Java8LangSupport;                     : loaded 3 times (x 71B)
Class com.android.build.gradle.internal.scope.InternalArtifactType$NATIVE_SYMBOL_TABLES: loaded 3 times (x 76B)
Class com.android.build.api.variant.impl.FileBasedDirectoryEntryImpl                  : loaded 3 times (x 87B)
Class com.android.build.gradle.internal.scope.InternalArtifactType$CODE_COVERAGE      : loaded 3 times (x 76B)
Class com.android.build.gradle.internal.NdkHandlerInput                               : loaded 3 times (x 75B)
Class com.android.build.gradle.internal.dependency.LibrarySymbolTableTransform$Inject_1: loaded 3 times (x 111B)
Class org.jetbrains.kotlin.gradle.plugin.ide.IdeCompilerArgumentsResolver$Companion   : loaded 3 times (x 73B)
Class com.android.build.gradle.internal.ide.dependencies.LibraryCacheImpl$getLibraryInfo$1: loaded 3 times (x 81B)
Class com.android.build.gradle.internal.profile.WorkerProfilingRecord                 : loaded 3 times (x 74B)
Class com.android.build.gradle.internal.dependency.DexingOutputSplitTransform$DexOutput: loaded 3 times (x 81B)
Class com.android.build.api.variant.CanMinifyAndroidResources                         : loaded 3 times (x 72B)
Class com.android.build.api.artifact.SingleArtifact$OBFUSCATION_MAPPING_FILE          : loaded 3 times (x 76B)
Class com.android.build.gradle.internal.scope.InternalArtifactType$AAPT_PROGUARD_FILE : loaded 3 times (x 76B)
Class com.android.build.gradle.internal.scope.InternalArtifactType$FEATURE_NAME       : loaded 3 times (x 76B)
Class com.android.build.gradle.internal.SdkComponentsBuildService$VersionedSdkLoader$coreForSystemModulesProvider$1: loaded 3 times (x 77B)
Class com.android.build.gradle.internal.PlatformToolsComponents$Companion$build$fileExists$1: loaded 3 times (x 77B)
Class com.android.sdklib.repository.generated.sysimg.v4.ObjectFactory                 : loaded 3 times (x 77B)
Class com.android.sdklib.repository.meta.Library                                      : loaded 3 times (x 91B)
Class org.jetbrains.kotlin.gradle.tasks.GradleCompileTaskProvider_Decorated           : loaded 3 times (x 119B)
Class com.google.protobuf.MessageLite                                                 : loaded 3 times (x 72B)
Class com.sun.xml.bind.v2.runtime.reflect.PrimitiveArrayListerCharacter               : loaded 3 times (x 78B)
Class com.sun.xml.bind.v2.runtime.reflect.Lister$IDREFS                               : loaded 3 times (x 79B)
Class com.sun.xml.bind.v2.model.core.TypeRef                                          : loaded 3 times (x 72B)
Class com.sun.xml.bind.v2.model.impl.FieldPropertySeed                                : loaded 3 times (x 92B)
Class com.sun.xml.bind.v2.model.annotation.Quick                                      : loaded 3 times (x 90B)
Class com.sun.xml.bind.v2.runtime.ArrayBeanInfoImpl                                   : loaded 3 times (x 91B)
Class com.android.repository.impl.generated.v1.LicenseRefType                         : loaded 3 times (x 79B)
Class com.android.build.gradle.internal.scope.BuildArtifactType$JAVAC_CLASSES         : loaded 3 times (x 76B)
Class com.android.build.gradle.internal.scope.InternalArtifactType$LINT_MODEL_METADATA: loaded 3 times (x 76B)
Class com.android.build.gradle.internal.scope.InternalArtifactType$LIBRARY_JNI        : loaded 3 times (x 76B)
Class com.android.build.gradle.internal.DependencyConfigurator$configureVariantTransforms$3$2$1: loaded 3 times (x 77B)
Class com.android.build.gradle.internal.scope.InternalArtifactType$VALIDATE_SIGNING_CONFIG: loaded 3 times (x 76B)
Class org.jetbrains.kotlin.gradle.plugin.hierarchy.KotlinSourceSetTreeClassifierKt$sourceSetTreeClassifier$2: loaded 3 times (x 80B)
Class org.jetbrains.kotlin.gradle.internal.IsInIdeaEnvironmentValueSource$Inject_     : loaded 3 times (x 102B)
Class com.android.build.gradle.internal.tasks.MergeNativeLibsTask$CreationAction$handleProvider$2: loaded 3 times (x 133B)
Class com.android.build.api.artifact.impl.OperationRequestsImplKt$toCreate$1          : loaded 3 times (x 77B)
Class com.android.build.gradle.internal.scope.InternalArtifactType$MERGED_RES_INCREMENTAL_FOLDER: loaded 3 times (x 76B)
Class com.android.build.gradle.internal.tasks.ApplicationIdWriterTask$CreationAction$handleProvider$1: loaded 3 times (x 133B)
Class com.android.build.gradle.internal.services.BuiltInKotlinSupportMode$Supported   : loaded 3 times (x 73B)
Class com.android.build.gradle.internal.ide.v2.ViewBindingOptionsImpl$Companion       : loaded 3 times (x 73B)
Class com.android.build.gradle.internal.dsl.DexOptions_Decorated                      : loaded 3 times (x 157B)
Class com.android.build.api.dsl.BuildFeatures                                         : loaded 3 times (x 72B)
Class com.android.build.api.dsl.LintOptions                                           : loaded 3 times (x 72B)
Class com.android.build.gradle.api.BaseVariantOutput                                  : loaded 3 times (x 72B)
Class com.android.build.api.dsl.AndroidSourceDirectorySet                             : loaded 3 times (x 72B)
Class [Lcom.android.resources.ResourceEnum;                                           : loaded 3 times (x 71B)
Class com.android.builder.model.ApiVersion                                            : loaded 3 times (x 72B)
Class org.jetbrains.kotlin.gradle.plugin.mpp.KotlinUsageContext$MavenScope            : loaded 3 times (x 81B)
Class com.android.build.gradle.internal.ide.dependencies.StringCacheImpl              : loaded 3 times (x 77B)
Class com.google.protobuf.FieldSet$FieldDescriptorLite                                : loaded 3 times (x 72B)
Class com.google.protobuf.ExtensionLite                                               : loaded 3 times (x 79B)
Class org.gradle.accessors.dm.LibrariesForLibsInPluginsBlock$AndroidxComposeUiTestLibraryAccessors: loaded 3 times (x 80B)
Class kotlin.jvm.KotlinReflectionNotSupportedError                                    : loaded 3 times (x 84B)
Class com.google.wireless.android.sdk.stats.GradleTransformExecutionOrBuilder         : loaded 3 times (x 72B)
Class com.android.build.api.variant.HasTestSuites                                     : loaded 3 times (x 72B)
Class com.android.build.api.variant.HasTestFixturesBuilder                            : loaded 3 times (x 72B)
Class com.android.build.gradle.internal.core.SettingsOptions                          : loaded 3 times (x 74B)
Class org.jetbrains.kotlin.compose.compiler.gradle.ComposeCompilerGradleSubplugin$Companion: loaded 3 times (x 73B)
Class com.android.repository.api.Channel                                              : loaded 3 times (x 83B)
Class com.sun.xml.bind.v2.model.impl.Utils                                            : loaded 3 times (x 73B)
Class javax.xml.bind.ValidationEvent                                                  : loaded 3 times (x 72B)
Class com.sun.xml.bind.v2.runtime.JaxBeanInfo$1                                       : loaded 3 times (x 79B)
Class com.android.build.api.variant.impl.FlatSourceDirectoriesImpl$getAsFileTreesForOldVariantAPI$1: loaded 3 times (x 77B)
Class org.jetbrains.kotlin.gradle.tasks.TaskOutputsBackup                             : loaded 3 times (x 74B)
Class com.android.build.gradle.internal.ide.Utils                                     : loaded 3 times (x 73B)
Class com.android.build.gradle.internal.ide.v2.LintOptionsImpl                        : loaded 3 times (x 109B)
Class com.android.build.gradle.internal.ide.v2.LintOptionsImpl$Companion              : loaded 3 times (x 73B)
Class com.android.build.gradle.internal.signing.SigningConfigDataProvider_Decorated   : loaded 3 times (x 143B)
Class com.android.build.gradle.internal.ide.v2.ArtifactDependenciesAdjacencyListImpl  : loaded 3 times (x 79B)
Class org.jetbrains.kotlin.cli.common.arguments.ArgumentParseErrors                   : loaded 3 times (x 74B)
Class com.android.build.gradle.tasks.JavaCompileKt$recordAnnotationProcessors$1       : loaded 3 times (x 77B)
Class com.android.build.gradle.internal.ide.dependencies.Graph                        : loaded 3 times (x 73B)
Class com.android.build.gradle.internal.ide.v2.ProjectInfoImpl                        : loaded 3 times (x 85B)
Class com.sun.xml.bind.v2.runtime.unmarshaller.LeafPropertyLoader                     : loaded 3 times (x 80B)
Class kotlin.text.StringsKt___StringsKt                                               : loaded 3 times (x 73B)
Class kotlin.enums.EnumEntriesKt                                                      : loaded 3 times (x 73B)
Class kotlin.collections.CollectionsKt__MutableCollectionsJVMKt                       : loaded 3 times (x 73B)
Class org.gradle.accessors.dm.LibrariesForLibs$AndroidPluginAccessors                 : loaded 3 times (x 76B)
Class org.jetbrains.kotlin.gradle.tasks.DefaultKotlinJavaToolchain$currentJvmJdkToolsJar$1: loaded 3 times (x 76B)
Class com.sun.xml.bind.v2.runtime.reflect.PrimitiveArrayListerByte                    : loaded 3 times (x 78B)
Class com.sun.xml.bind.v2.runtime.property.SingleReferenceNodeProperty$1              : loaded 3 times (x 87B)
Class com.sun.xml.bind.v2.runtime.unmarshaller.XsiNilLoader                           : loaded 3 times (x 82B)
Class com.android.sdklib.repository.generated.addon.v4.MavenType                      : loaded 3 times (x 82B)
Class javax.xml.bind.MarshalException                                                 : loaded 3 times (x 87B)
Class com.android.repository.impl.generated.v2.RemotePackage                          : loaded 3 times (x 159B)
Class com.android.repository.api.RepoManager                                          : loaded 3 times (x 93B)
Class javax.xml.bind.annotation.XmlNsForm                                             : loaded 3 times (x 81B)
Class com.android.build.gradle.internal.SdkComponentsBuildService$VersionedSdkLoader$apiVersionsFile$1: loaded 3 times (x 77B)
Class com.android.build.gradle.internal.utils.D8BackportedMethodsGenerator$Parameters_Decorated: loaded 3 times (x 146B)
Class com.android.build.gradle.internal.PropertiesValueSource$Params                  : loaded 3 times (x 72B)
Class com.sun.xml.bind.v2.model.impl.RuntimeTypeRefImpl                               : loaded 3 times (x 98B)
Class com.android.build.gradle.internal.tasks.BundleReportDependenciesTask$CreationAction: loaded 3 times (x 92B)
Class com.android.build.gradle.internal.tasks.BundleToApkTask$CreationAction          : loaded 3 times (x 92B)
Class com.android.build.gradle.internal.tasks.PerModuleBundleTask$CreationAction      : loaded 3 times (x 92B)
Class com.android.build.gradle.internal.tasks.AppMetadataTask                         : loaded 3 times (x 339B)
Class com.android.build.gradle.internal.signing.SigningInputs                         : loaded 3 times (x 72B)
Class org.jetbrains.kotlin.gradle.plugin.sources.AbstractKotlinSourceSet              : loaded 3 times (x 143B)
Class com.android.build.gradle.internal.tasks.MergeNativeLibsTask$CreationAction$handleProvider$3: loaded 3 times (x 133B)
Class com.android.build.api.variant.SourceDirectories$Layered                         : loaded 3 times (x 72B)
Class com.android.build.api.artifact.impl.OperationRequestsImplKt$toCreate$2          : loaded 3 times (x 77B)
Class com.android.build.gradle.internal.scope.InternalArtifactType$BASE_MODULE_METADATA: loaded 3 times (x 76B)
Class com.android.build.api.component.impl.HostTestImpl                               : loaded 3 times (x 442B)
Class com.android.build.api.variant.impl.SourcesImpl                                  : loaded 3 times (x 169B)
Class com.android.build.api.variant.impl.AndroidResourcesImpl                         : loaded 3 times (x 86B)
Class com.google.wireless.android.sdk.stats.GradleBuildProject$CompileOptions         : loaded 3 times (x 201B)
Class com.google.wireless.android.sdk.stats.GradleProjectOptionsSettingsOrBuilder     : loaded 3 times (x 72B)
Class com.android.build.gradle.internal.api.artifact.SourceArtifactType$AIDL          : loaded 3 times (x 76B)
Class com.android.build.gradle.internal.api.DefaultAndroidSourceFile                  : loaded 3 times (x 90B)
Class com.android.build.api.dsl.CmakeFlags                                            : loaded 3 times (x 72B)
Class com.android.build.gradle.internal.dsl.KeepRulesImpl                             : loaded 3 times (x 94B)
Class org.jetbrains.kotlin.gradle.internal.properties.NativePropertiesLoader$nativeCacheKind$1: loaded 3 times (x 77B)
Class com.sun.xml.bind.v2.model.core.ReferencePropertyInfo                            : loaded 3 times (x 72B)
Class org.jetbrains.kotlin.gradle.internal.diagnostics.AgpCompatibilityCheck          : loaded 3 times (x 73B)
Class com.android.build.gradle.internal.plugins.AndroidPluginBaseServices             : loaded 3 times (x 80B)
Class com.android.build.gradle.internal.ClasspathVerifier                             : loaded 3 times (x 73B)
Class com.android.build.gradle.internal.errors.SyncIssueReporterImpl$GlobalSyncIssueService$RegistrationAction: loaded 3 times (x 76B)
Class com.android.build.gradle.internal.errors.AndroidProblemReporterProvider$Parameters$Inject_: loaded 3 times (x 108B)
Class com.android.build.gradle.internal.utils.AnalyticsSettingsUtils                  : loaded 3 times (x 73B)
Class com.android.build.gradle.internal.errors.AndroidProblemReporterProvider$Inject_ : loaded 3 times (x 98B)
Class com.google.protobuf.MapField                                                    : loaded 3 times (x 91B)
Class com.android.builder.profile.NameAnonymizer                                      : loaded 3 times (x 74B)
Class com.android.ide.common.blame.Message$Kind                                       : loaded 3 times (x 81B)
Class com.android.build.gradle.internal.plugins.KotlinMultiplatformAndroidPlugin      : loaded 3 times (x 83B)
Class com.android.build.api.variant.HasHostTestsBuilder                               : loaded 3 times (x 72B)
Class com.android.build.api.variant.ComponentBuilder                                  : loaded 3 times (x 72B)
Class com.android.build.api.dsl.SettingsExtension                                     : loaded 3 times (x 72B)
Class com.android.build.api.dsl.CommonExtension                                       : loaded 3 times (x 72B)
Class com.android.utils.Environment$Companion                                         : loaded 3 times (x 73B)
Class com.google.protobuf.CodedInputStream$UnsafeDirectNioDecoder                     : loaded 3 times (x 121B)
Class org.jetbrains.kotlin.gradle.plugin.KotlinPlatformType$Companion                 : loaded 3 times (x 73B)
Class com.google.protobuf.LazyStringList                                              : loaded 3 times (x 72B)
Class org.jetbrains.kotlin.gradle.plugin.KotlinPlatformType$DisambiguationRule        : loaded 3 times (x 78B)
Class [Lcom.android.prefs.VariableType;                                               : loaded 3 times (x 71B)
Class org.jetbrains.kotlin.gradle.InternalKotlinGradlePluginApi                       : loaded 3 times (x 72B)
Class kotlin.jvm.internal.CallableReference                                           : loaded 3 times (x 108B)
Class org.jetbrains.kotlin.gradle.plugin.internal.CustomPropertiesFileValueSource     : loaded 3 times (x 84B)
Class org.jetbrains.kotlin.gradle.plugin.VariantImplementationFactories$Inject_       : loaded 3 times (x 108B)
Class org.jetbrains.kotlin.gradle.dsl.DefaultToolchainSupport                         : loaded 3 times (x 78B)
Class org.bouncycastle.operator.OperatorCreationException                             : loaded 3 times (x 84B)
Class com.android.build.gradle.internal.dsl.BundleOptionsTexture                      : loaded 3 times (x 83B)
Class com.android.build.api.dsl.JavaCompileOptions                                    : loaded 3 times (x 72B)
Class com.android.build.gradle.internal.dsl.PackagingOptions                          : loaded 3 times (x 113B)
Class com.android.build.api.artifact.ArtifactKind                                     : loaded 3 times (x 74B)
Class com.android.build.gradle.internal.dsl.AdbOptions                                : loaded 3 times (x 89B)
Class com.android.build.gradle.internal.dsl.BundleOptionsDensity$AgpDecorated_Decorated: loaded 3 times (x 127B)
Class com.android.build.api.dsl.DynamicFeatureVariantDimension                        : loaded 3 times (x 72B)
Class org.jetbrains.kotlin.gradle.dsl.jvm.JvmTargetValidationMode                     : loaded 3 times (x 81B)
Class com.android.build.gradle.internal.ide.v2.ModelBuilder$DimensionInformation$Companion: loaded 3 times (x 73B)
Class com.android.build.gradle.internal.dsl.decorator.SupportedPropertyType$Collection$Set: loaded 3 times (x 76B)
Class com.android.repository.impl.generated.generic.v1.GenericDetailsType             : loaded 3 times (x 78B)
Class com.sun.xml.bind.v2.model.impl.ClassInfoImpl$PropertySorter                     : loaded 3 times (x 154B)
Class com.android.sdklib.repository.generated.common.v2.ObjectFactory                 : loaded 3 times (x 77B)
Class com.android.sdklib.repository.generated.addon.v3.ObjectFactory                  : loaded 3 times (x 82B)
Class com.android.build.gradle.internal.SdkFullLoadingStrategy                        : loaded 3 times (x 74B)
Class com.android.build.gradle.internal.dsl.ConsumerKeepRulesImpl                     : loaded 3 times (x 94B)
Class com.android.build.gradle.internal.testing.TestData$Companion                    : loaded 3 times (x 73B)
Class com.android.build.gradle.internal.tasks.PerModuleReportDependenciesTask$CreationAction: loaded 3 times (x 92B)
Class org.jetbrains.kotlin.compose.compiler.gradle.internal.ComposeWithAgpConfig$AgpConfigurationProvider$Default: loaded 3 times (x 76B)
Class org.jetbrains.kotlin.gradle.plugin.KotlinTargetConfiguratorKt$WhenMappings      : loaded 3 times (x 73B)
Class org.jetbrains.kotlin.project.model.LanguageSettings                             : loaded 3 times (x 72B)
Class com.android.build.gradle.internal.res.ParseLibraryResourcesTask$CreateAction    : loaded 3 times (x 92B)
Class com.android.build.gradle.internal.tasks.ApkZipPackagingTask$CreationAction      : loaded 3 times (x 92B)
Class com.android.build.gradle.internal.feature.BundleAllClasses$CreationAction       : loaded 3 times (x 92B)
Class com.android.build.gradle.internal.tasks.ApplicationIdWriterTask$CreationAction  : loaded 3 times (x 92B)
Class com.android.build.gradle.internal.component.AarCreationConfig                   : loaded 3 times (x 72B)
Class com.android.build.gradle.internal.dsl.TargetSdkSpecImpl$AgpDecorated            : loaded 3 times (x 87B)
Class [Lcom.android.buildanalyzer.common.TaskCategory;                                : loaded 3 times (x 71B)
Class com.android.build.gradle.internal.dsl.ApplicationSingleVariantImpl              : loaded 3 times (x 90B)
Class com.android.build.gradle.internal.dsl.VcsInfoImpl                               : loaded 3 times (x 79B)
Class com.android.build.gradle.internal.dsl.CoreExternalNativeBuildOptions            : loaded 3 times (x 72B)
Class org.jetbrains.kotlin.gradle.targets.native.KonanPropertiesBuildService$Parameters: loaded 3 times (x 72B)
Class org.jetbrains.kotlin.gradle.internal.IsInIdeaSyncValueSource$Inject_            : loaded 3 times (x 111B)
Class org.jetbrains.kotlin.gradle.plugin.internal.CompatibilityConventionRegistrar$Factory: loaded 3 times (x 72B)
Class com.android.utils.DateProvider                                                  : loaded 3 times (x 72B)
Class com.android.build.gradle.internal.utils.AnalyticsEnabledValueSource$Params      : loaded 3 times (x 72B)
Class com.android.build.gradle.internal.dsl.CompileSdkSpecImpl                        : loaded 3 times (x 92B)
Class com.google.gson.internal.$Gson$Preconditions                                    : loaded 3 times (x 73B)
Class com.android.build.api.variant.HasHostTests                                      : loaded 3 times (x 72B)
Class com.android.build.gradle.internal.services.VariantBuilderServicesImpl           : loaded 3 times (x 90B)
Class com.android.build.gradle.internal.manifest.ManifestValueSource$Params           : loaded 3 times (x 72B)
Class com.android.build.gradle.internal.core.dsl.impl.ComponentDslInfoImpl            : loaded 3 times (x 122B)
Class com.android.build.gradle.internal.core.MergedOptimization                       : loaded 3 times (x 78B)
Class com.android.build.api.variant.impl.DeviceTestBuilderImpl$Companion              : loaded 3 times (x 73B)
Class com.android.build.api.attributes.AgpVersionAttr$Companion                       : loaded 3 times (x 73B)
Class com.android.build.gradle.internal.scope.MutableTaskContainer                    : loaded 3 times (x 98B)
Class com.android.build.gradle.internal.variant.TestVariantData                       : loaded 3 times (x 74B)
Class com.android.build.gradle.internal.ScreenshotTestTaskManager                     : loaded 3 times (x 84B)
Class com.android.build.gradle.internal.scope.InternalArtifactType$APK_IDE_MODEL      : loaded 3 times (x 76B)
Class com.android.build.gradle.tasks.ProcessApplicationManifest$CreationAction$handleProvider$3: loaded 3 times (x 133B)
Class com.android.build.gradle.internal.dsl.CoreExternalNativeCmakeOptions            : loaded 3 times (x 72B)
Class com.android.build.gradle.tasks.KotlinTaskCreationAction                         : loaded 3 times (x 78B)
Class org.jetbrains.kotlin.gradle.plugin.mpp.KotlinOnlyTarget                         : loaded 3 times (x 155B)
Class org.jetbrains.kotlin.gradle.dsl.KotlinVersion$Companion                         : loaded 3 times (x 73B)
Class com.android.build.gradle.internal.dependency.AarTransform$Parameters$Inject_    : loaded 3 times (x 116B)
Class com.android.build.gradle.internal.ide.v2.ProjectGraphImpl$Companion             : loaded 3 times (x 73B)
Class com.android.build.gradle.internal.tasks.GlobalSyntheticsGeneratorTask$CreationAction$handleProvider$1: loaded 3 times (x 133B)
Class com.android.build.api.variant.impl.SigningConfigImpl$storeType$1                : loaded 3 times (x 133B)
Class com.android.build.gradle.internal.SdkLocationSourceSet                          : loaded 3 times (x 74B)
Class com.android.build.gradle.internal.services.Aapt2Input                           : loaded 3 times (x 72B)
Class com.android.build.gradle.internal.dependency.ClassesDirToClassesTransform$Inject_1: loaded 3 times (x 111B)
Class com.android.build.gradle.internal.dependency.ExtractNavigationXmlTransform$Inject_1: loaded 3 times (x 111B)
Class com.android.build.gradle.internal.scope.InternalArtifactType$ANDROID_TEST_LINT_PARTIAL_RESULTS: loaded 3 times (x 76B)
Class com.android.build.gradle.internal.scope.InternalArtifactType$DATA_BINDING_ARTIFACT: loaded 3 times (x 76B)
Class com.android.build.gradle.internal.SystemPropertiesFactory                       : loaded 3 times (x 73B)
Class javax.xml.bind.JAXBContextFactory                                               : loaded 3 times (x 72B)
Class com.sun.xml.bind.v2.runtime.Location                                            : loaded 3 times (x 72B)
Class javax.xml.bind.annotation.XmlInlineBinaryData                                   : loaded 3 times (x 72B)
Class com.android.build.gradle.internal.utils.DesugarLibUtils$getD8DesugarMethodFileFromTransform$1: loaded 3 times (x 76B)
Class com.android.build.gradle.internal.scope.InternalArtifactType$RENDERSCRIPT_GENERATED_RES: loaded 3 times (x 76B)
Class com.android.build.gradle.internal.scope.InternalArtifactType$BUILT_IN_KAPT_GENERATED_KOTLIN_SOURCES: loaded 3 times (x 76B)
Class com.android.build.gradle.internal.EmulatorComponents                            : loaded 3 times (x 74B)
Class com.sun.xml.bind.v2.runtime.reflect.TransducedAccessor$CompositeContextDependentTransducedAccessorImpl: loaded 3 times (x 81B)
Class javax.xml.bind.annotation.adapters.XmlAdapter                                   : loaded 3 times (x 75B)
Class com.sun.xml.bind.v2.runtime.reflect.Accessor                                    : loaded 3 times (x 87B)
Class com.sun.xml.bind.v2.model.impl.RuntimeAttributePropertyInfoImpl                 : loaded 3 times (x 146B)
Class javax.xml.bind.annotation.XmlType$DEFAULT                                       : loaded 3 times (x 73B)
Class com.sun.xml.bind.api.AccessorException                                          : loaded 3 times (x 84B)
Class com.android.build.gradle.internal.SdkLocation                                   : loaded 3 times (x 74B)
Class com.android.build.gradle.internal.api.UnitTestVariantImpl_Decorated             : loaded 3 times (x 265B)
Class com.android.build.gradle.internal.scope.GradleAwareFilterData                   : loaded 3 times (x 72B)
Class com.android.build.gradle.internal.dependency.AarResourcesCompilerTransform$Parameters_Decorated: loaded 3 times (x 139B)
Class com.android.build.gradle.internal.dependency.AarResourcesCompilerTransform$Parameters: loaded 3 times (x 72B)
Class com.android.build.gradle.internal.tasks.featuresplit.FeatureSplitUtils          : loaded 3 times (x 73B)
Class com.android.build.api.artifact.impl.OperationRequestsImplKt$toAppend$2          : loaded 3 times (x 77B)
Class com.android.build.gradle.internal.tasks.creationconfig.DexMergingCreationConfigKt$createDexMergingCreationConfig$1: loaded 3 times (x 126B)
Class com.android.build.api.artifact.impl.InternalScopedArtifact                      : loaded 3 times (x 76B)
Class org.jetbrains.kotlin.compose.compiler.gradle.ComposeCompilerGradleSubplugin$applyToCompilation$1: loaded 3 times (x 77B)
Class org.jetbrains.kotlin.gradle.plugin.mpp.InternalKotlinCompilation$DefaultImpls   : loaded 3 times (x 73B)
Class org.jetbrains.kotlin.gradle.plugin.mpp.KotlinMetadataTarget                     : loaded 3 times (x 163B)
Class org.jetbrains.kotlin.gradle.plugin.mpp.compilationImpl.KotlinCompilationSourceSetInclusion$DefaultAddSourcesToCompileTask: loaded 3 times (x 76B)
Class org.jetbrains.kotlin.gradle.tasks.configuration.BaseKotlinCompileConfig$1$jvmToolchain$1: loaded 3 times (x 76B)
Class com.android.build.gradle.internal.tasks.MergeNativeLibsTask$CreationAction      : loaded 3 times (x 92B)
Class com.android.build.gradle.internal.component.features.ResValuesCreationConfig    : loaded 3 times (x 72B)
Class com.android.build.gradle.internal.core.dsl.impl.SigningConfigResolver           : loaded 3 times (x 74B)
Class com.android.build.gradle.internal.scope.InternalArtifactType                    : loaded 3 times (x 76B)
Class com.android.build.gradle.internal.dsl.SdkComponentsImpl$adb$1                   : loaded 3 times (x 77B)
Class com.android.build.gradle.internal.dsl.ManagedVirtualDeviceFactory               : loaded 3 times (x 77B)
Class com.android.build.gradle.internal.dsl.ManagedVirtualDevice                      : loaded 3 times (x 123B)
Class com.android.build.gradle.internal.api.AndroidSourceSetName                      : loaded 3 times (x 74B)
Class com.android.build.api.dsl.AndroidSourceFile                                     : loaded 3 times (x 72B)
Class com.android.build.api.dsl.BundleAbi                                             : loaded 3 times (x 72B)
Class org.jetbrains.kotlin.gradle.dsl.KotlinGradlePluginDsl                           : loaded 3 times (x 72B)
Class org.jetbrains.kotlin.tooling.core.MutableExtras                                 : loaded 3 times (x 72B)
Class org.jetbrains.kotlin.gradle.plugin.KotlinGradleBuildServices$detectKotlinPluginLoadedInMultipleProjects$onRegister$1: loaded 3 times (x 81B)
Class com.android.build.gradle.internal.services.BuiltInKotlinServicesKt$failIfIncompatiblePluginsArePresent$1: loaded 3 times (x 76B)
Class com.android.build.gradle.internal.services.LintClassLoaderBuildService          : loaded 3 times (x 82B)
Class com.android.build.gradle.internal.dsl.ManagedDevices                            : loaded 3 times (x 82B)
Class com.android.build.gradle.internal.dsl.TestOptions$screenshotTests$1             : loaded 3 times (x 77B)
Class com.android.build.gradle.internal.dsl.CmakeOptions$AgpDecorated_Decorated       : loaded 3 times (x 148B)
Class com.android.build.gradle.options.ProjectOptionService$RegistrationAction        : loaded 3 times (x 76B)
Class com.android.build.api.variant.ApplicationVariantBuilder                         : loaded 3 times (x 72B)
Class com.android.build.gradle.internal.services.DslServices                          : loaded 3 times (x 72B)
Class com.sun.xml.bind.v2.model.impl.PropertyInfoImpl$1                               : loaded 3 times (x 73B)
Class com.android.build.gradle.internal.dsl.SdkComponentsImpl_Decorated               : loaded 3 times (x 131B)
Class org.jetbrains.kotlin.gradle.tasks.DefaultKotlinJavaToolchain$DefaultJdkSetter   : loaded 3 times (x 78B)
Class com.android.build.gradle.internal.tasks.PrepareLintJarForPublishKt$getPublishedCustomLintChecks$1: loaded 3 times (x 77B)
Class com.android.build.gradle.internal.profile.AnalyticsService$Params$Inject_       : loaded 3 times (x 122B)
Class com.android.build.gradle.internal.ide.dependencies.BuildIdentifierMethods       : loaded 3 times (x 73B)
Class com.google.common.io.Files                                                      : loaded 3 times (x 73B)
Class org.jetbrains.kotlin.gradle.plugin.ide.IdeCompilerArgumentsResolver             : loaded 3 times (x 72B)
Class kotlin.collections.MapsKt__MapWithDefaultKt                                     : loaded 3 times (x 73B)
Class com.android.build.gradle.internal.services.ProjectServices                      : loaded 3 times (x 74B)
Class [Lcom.android.build.gradle.internal.errors.DeprecationReporter$DeprecationTarget;: loaded 3 times (x 71B)
Class com.android.build.gradle.options.FeatureStage$Experimental                      : loaded 3 times (x 74B)
Class com.android.build.gradle.internal.services.FakeDependencyJarBuildService$FakeDependencyJarCreator$Params: loaded 3 times (x 72B)
Class com.android.build.api.artifact.impl.SingleInitialProviderRequestImpl$on$2       : loaded 3 times (x 77B)
Class kotlin.enums.EnumEntries                                                        : loaded 3 times (x 72B)
Class com.android.build.api.annotations.ReplacedByIncubating                          : loaded 3 times (x 72B)
Class com.google.gson.internal.bind.TypeAdapters$34$1                                 : loaded 3 times (x 76B)
Class com.android.build.gradle.internal.attributes.VariantAttr                        : loaded 3 times (x 72B)
Class com.android.build.gradle.internal.tasks.featuresplit.PackagedDependenciesWriterTask$CreationAction$configure$2: loaded 3 times (x 76B)
Class com.android.build.gradle.internal.ide.v2.AaptOptionsImpl                        : loaded 3 times (x 77B)
Class com.google.wireless.android.sdk.stats.GradleBuildMemorySample$1                 : loaded 3 times (x 153B)
Class com.android.build.gradle.internal.tasks.factory.BootClasspathConfigImpl$mockableJarArtifact$2$attributes$1: loaded 3 times (x 77B)
Class com.android.build.api.variant.impl.MultiOutputHandlerImplBase                   : loaded 3 times (x 97B)
Class com.google.protobuf.Internal$EnumLiteMap                                        : loaded 3 times (x 72B)
Class com.android.builder.internal.StringCachingService                               : loaded 3 times (x 72B)
Class org.jetbrains.kotlin.gradle.plugin.internal.DefaultCompatibilityConventionRegistrar$Factory: loaded 3 times (x 78B)
Class org.jetbrains.kotlin.gradle.plugin.DefaultKotlinBasePlugin$addKotlinCompilerConfiguration$2$1: loaded 3 times (x 77B)
Class com.android.build.gradle.internal.scope.InternalArtifactType$METADATA_FEATURE_MANIFEST: loaded 3 times (x 76B)
Class com.sun.xml.bind.v2.runtime.reflect.Lister$1                                    : loaded 3 times (x 78B)
Class com.sun.xml.bind.v2.model.nav.ReflectionNavigator$1                             : loaded 3 times (x 83B)
Class com.sun.xml.bind.v2.util.TypeCast                                               : loaded 3 times (x 73B)
Class com.android.repository.impl.meta.TypeDetails$GenericType                        : loaded 3 times (x 72B)
Class com.android.repository.impl.generated.v1.ArchiveType                            : loaded 3 times (x 98B)
Class com.android.build.gradle.internal.DependencyConfigurator$Companion              : loaded 3 times (x 73B)
Class com.android.build.gradle.internal.SdkLibDataFactory$Environment$SystemProperty  : loaded 3 times (x 81B)
Class com.android.build.gradle.internal.tasks.creationconfig.ProcessTestManifestCreationConfig: loaded 3 times (x 72B)
Class com.android.build.api.artifact.SingleArtifact$APK_FROM_BUNDLE                   : loaded 3 times (x 76B)
Class com.android.build.gradle.internal.scope.InternalArtifactType$BINARY_ART_PROFILE : loaded 3 times (x 76B)
Class com.android.build.gradle.internal.tasks.ApplicationTaskManager$createBundleTask$1: loaded 3 times (x 77B)
Class com.android.build.api.artifact.impl.OperationRequestsImplKt$toAppend$3          : loaded 3 times (x 77B)
Class com.android.build.gradle.internal.scope.InternalArtifactType$GLOBAL_SYNTHETICS_FILE_LIB: loaded 3 times (x 76B)
Class org.jetbrains.kotlin.compose.compiler.gradle.ComposeCompilerGradleSubplugin$applyToCompilation$2: loaded 3 times (x 76B)
Class com.android.build.gradle.internal.TaskManager$addSubpluginOptionsForBuiltInKotlin$1: loaded 3 times (x 77B)
Class org.jetbrains.kotlin.gradle.plugin.mpp.KotlinWithJavaTarget                     : loaded 3 times (x 162B)
Class org.jetbrains.kotlin.gradle.utils.StoredPropertyKt$extrasStoredProperty$1       : loaded 3 times (x 80B)
Class org.jetbrains.kotlin.gradle.tasks.CompileUsingKotlinDaemon                      : loaded 3 times (x 72B)
Class com.android.build.gradle.internal.feature.BundleAllClasses$CreationAction$handleProvider$1: loaded 3 times (x 133B)
Class com.android.build.gradle.internal.res.ParseLibraryResourcesTask$CreateAction$handleProvider$1: loaded 3 times (x 133B)
Class com.android.build.gradle.internal.tasks.ValidateResourcesTask$CreateAction$handleProvider$1: loaded 3 times (x 133B)
Class [Lcom.android.build.VariantOutput$FilterType;                                   : loaded 3 times (x 71B)
Class com.android.build.api.variant.ApkOutputProviders                                : loaded 3 times (x 72B)
Class com.android.build.gradle.internal.core.dsl.ComponentDslInfo$DslDefinedHostTest  : loaded 3 times (x 74B)
Class com.android.build.gradle.internal.tasks.BuildAnalyzer                           : loaded 3 times (x 72B)
Class com.android.builder.signing.DefaultSigningConfig$DebugSigningConfig             : loaded 3 times (x 74B)
Class com.android.build.gradle.internal.core.dsl.impl.features.DeviceTestOptionsDslInfoImpl: loaded 3 times (x 86B)
Class com.android.build.gradle.internal.core.dsl.features.TestOptionsDslInfo          : loaded 3 times (x 72B)
Class com.android.build.api.dsl.ApplicationSingleVariant                              : loaded 3 times (x 72B)
Class com.android.build.gradle.internal.dsl.DexPackagingImpl$AgpDecorated             : loaded 3 times (x 85B)
Class com.android.build.gradle.internal.dsl.BundleOptionsDensity$AgpDecorated         : loaded 3 times (x 83B)
Class com.android.build.VariantOutput                                                 : loaded 3 times (x 72B)
Class com.android.build.api.artifact.Artifact$Single                                  : loaded 3 times (x 76B)
Class com.android.build.api.dsl.Optimization                                          : loaded 3 times (x 72B)
Class com.android.build.gradle.internal.dsl.DependenciesInfoImpl                      : loaded 3 times (x 83B)
Class com.android.build.api.dsl.TestProductFlavor                                     : loaded 3 times (x 72B)
Class com.android.build.gradle.internal.services.BuiltInKotlinServicesKt$initBuiltInKaptSupportIfRequired$1: loaded 3 times (x 77B)
Class org.jetbrains.kotlin.gradle.plugin.KotlinPluginLifecycle$IllegalLifecycleException: loaded 3 times (x 84B)
Class org.jetbrains.kotlin.gradle.internal.properties.NativePropertiesLoader$userProvidedNativeHome$1: loaded 3 times (x 77B)
Class com.android.build.gradle.internal.res.LinkApplicationAndroidResourcesTask       : loaded 3 times (x 385B)
Class org.jetbrains.kotlin.gradle.plugin.KotlinGradleFinishBuildHandler               : loaded 3 times (x 74B)
Class org.jetbrains.kotlin.gradle.dsl.KotlinTopLevelExtension                         : loaded 3 times (x 72B)
Class com.android.build.gradle.internal.services.BuiltInKotlinServicesKt$failIfIncompatiblePluginsArePresent$2: loaded 3 times (x 76B)
Class com.android.build.gradle.internal.services.AndroidLocationsBuildService$AndroidDirectoryCreator$Params$Inject_: loaded 3 times (x 110B)
Class com.android.prefs.LocationValue                                                 : loaded 3 times (x 72B)
Class com.android.build.gradle.internal.scope.InternalArtifactType$COMPILE_AND_RUNTIME_R_CLASS_JAR: loaded 3 times (x 76B)
Class com.android.sdklib.AndroidVersion$PreviewType                                   : loaded 3 times (x 81B)
Class com.android.build.gradle.internal.res.Aapt2FromMaven$Companion$DefaultAapt2Version: loaded 3 times (x 73B)
Class org.jetbrains.kotlin.gradle.plugin.internal.ConfigurationCacheStartParameterAccessorKt: loaded 3 times (x 73B)
Class org.jetbrains.kotlin.gradle.plugin.mpp.compilationImpl.factory.DefaultKotlinCompilationSourceSetsContainerFactory: loaded 3 times (x 77B)
Class com.android.build.gradle.internal.tasks.UninstallTask                           : loaded 3 times (x 339B)
Class com.android.build.gradle.internal.plugins.DynamicFeaturePlugin                  : loaded 3 times (x 99B)
Class org.jetbrains.kotlin.gradle.utils.Completable                                   : loaded 3 times (x 74B)
Class com.android.build.api.dsl.ConfigurableFiles                                     : loaded 3 times (x 72B)
Class com.android.build.api.dsl.ApplicationInstallation                               : loaded 3 times (x 72B)
Class com.android.repository.Revision$Precision                                       : loaded 3 times (x 81B)
Class com.android.build.gradle.internal.dsl.Splits$AgpDecorated_Decorated             : loaded 3 times (x 131B)
Class com.google.wireless.android.sdk.stats.GradleBuildProject$CompileOptionsOrBuilder: loaded 3 times (x 72B)
Class com.android.build.gradle.internal.tasks.ExtractProguardFiles$CreationAction$handleProvider$1: loaded 3 times (x 133B)
Class com.android.build.api.variant.VariantOutputConfiguration                        : loaded 3 times (x 72B)
Class com.android.build.gradle.internal.VariantTaskManager$Companion                  : loaded 3 times (x 73B)
Class com.android.build.gradle.internal.tasks.PrepareLintJarForPublish                : loaded 3 times (x 331B)
Class com.android.build.gradle.tasks.ProcessApplicationManifest$CreationAction$handleProvider$2: loaded 3 times (x 133B)
Class com.android.build.gradle.tasks.ProcessMultiApkApplicationManifest$CreationAction: loaded 3 times (x 92B)
Class com.android.build.gradle.internal.tasks.CompressAssetsTask$CreationAction$handleProvider$1: loaded 3 times (x 133B)
Class com.android.build.api.variant.impl.JniLibsTestedApkPackagingImpl$testOnly$1     : loaded 3 times (x 77B)
Class org.jetbrains.kotlin.gradle.plugin.ide.IdeCompilerArgumentsResolverKt           : loaded 3 times (x 73B)
Class com.android.build.gradle.internal.ide.dependencies.AdditionalArtifacts$Companion: loaded 3 times (x 73B)
Class com.android.build.api.artifact.impl.InAndOutDirectoryOperationRequestImpl$Companion$initializeInput$1$1: loaded 3 times (x 77B)
Class com.android.build.gradle.internal.tasks.featuresplit.PackagedDependenciesWriterTask$CreationAction$configure$3: loaded 3 times (x 76B)
Class com.android.build.gradle.internal.ide.v2.SigningConfigImpl                      : loaded 3 times (x 86B)
Class com.android.build.gradle.internal.tasks.BundleToStandaloneApkTask               : loaded 3 times (x 338B)
Class com.android.build.gradle.internal.scope.InternalArtifactType$PUBLIC_RES         : loaded 3 times (x 76B)
Class com.android.build.gradle.internal.dependency.SubtractingArtifactCollection$SubtractingArtifactResult$initFileCollection$1: loaded 3 times (x 77B)
Class com.android.sdklib.repository.legacy.remote.internal.DownloadCache              : loaded 3 times (x 79B)
Class com.android.sdklib.repository.meta.DetailsTypes$AddonDetailsType                : loaded 3 times (x 72B)
Class com.android.sdklib.repository.generated.common.v1.LibraryType                   : loaded 3 times (x 92B)
Class com.android.repository.impl.generated.v1.LicenseType                            : loaded 3 times (x 89B)
Class com.sun.xml.bind.v2.model.annotation.AnnotationReader                           : loaded 3 times (x 72B)
Class com.sun.xml.bind.v2.runtime.reflect.Lister$2                                    : loaded 3 times (x 79B)
Class com.sun.xml.bind.v2.runtime.reflect.DefaultTransducedAccessor                   : loaded 3 times (x 81B)
Class javax.xml.bind.annotation.XmlAccessorType                                       : loaded 3 times (x 72B)
Class com.sun.xml.bind.v2.model.annotation.XmlTransientQuick                          : loaded 3 times (x 92B)
Class com.sun.xml.bind.v2.model.nav.ReflectionNavigator$2                             : loaded 3 times (x 83B)
Class com.sun.xml.bind.v2.model.impl.EnumLeafInfoImpl                                 : loaded 3 times (x 129B)
Class javax.xml.bind.ServiceLoaderUtil$ExceptionHandler                               : loaded 3 times (x 74B)
Class com.android.sdklib.SdkVersionUtil                                               : loaded 3 times (x 73B)
Class com.android.build.gradle.internal.publishing.AppVariantSpecBuilder              : loaded 3 times (x 92B)
Class com.android.build.gradle.internal.dependency.DexingOutputSplitTransform$Parameters_Decorated: loaded 3 times (x 137B)
Class com.android.build.gradle.internal.dependency.DexingOutputSplitTransform$Parameters: loaded 3 times (x 72B)
Class com.android.build.api.variant.impl.ManifestFilesImpl$allStatic$1                : loaded 3 times (x 76B)
Class com.android.build.gradle.internal.tasks.ApplicationTaskManager$createBundleTask$2: loaded 3 times (x 77B)
Class com.android.build.gradle.internal.tasks.creationconfig.DexMergingCreationConfigKt: loaded 3 times (x 73B)
Class org.jetbrains.kotlin.gradle.utils.StoredLazyProperty$getValue$1                 : loaded 3 times (x 81B)
Class org.jetbrains.kotlin.gradle.plugin.mpp.KotlinTargetWithBinaries                 : loaded 3 times (x 159B)
Class org.jetbrains.kotlin.gradle.plugin.ProjectLocalConfigurationsKt                 : loaded 3 times (x 73B)
Class [Lorg.jetbrains.kotlin.gradle.plugin.KotlinSourceSet;                           : loaded 3 times (x 71B)
Class org.jetbrains.kotlin.gradle.plugin.mpp.compilationImpl.factory.KotlinCompilationImplFactory: loaded 3 times (x 74B)
Class com.android.build.gradle.tasks.JavaPreCompileTask$CreationAction                : loaded 3 times (x 92B)
Class com.android.build.gradle.tasks.MergeSourceSetFolders$GenericMergeCreationAction : loaded 3 times (x 93B)
Class com.android.build.gradle.internal.publishing.AndroidArtifacts                   : loaded 3 times (x 73B)
Class com.android.build.gradle.internal.dependency.ConstraintHandler$checkConfigurationAlignments$1: loaded 3 times (x 77B)
Class com.android.build.api.variant.LintBuilder                                       : loaded 3 times (x 72B)
Class com.android.build.gradle.internal.core.SettingsOptionsKt                        : loaded 3 times (x 73B)
Class com.android.build.gradle.internal.dsl.BundleOptionsCodeTransparency$AgpDecorated: loaded 3 times (x 83B)
Class com.android.build.gradle.internal.api.artifact.SourceArtifactType$JAVA_RESOURCES: loaded 3 times (x 76B)
Class com.android.build.gradle.api.AndroidSourceFile                                  : loaded 3 times (x 72B)
Class org.objectweb.asm.commons.LocalVariablesSorter                                  : loaded 3 times (x 111B)
Class com.android.build.api.dsl.ViewBinding                                           : loaded 3 times (x 72B)
Class com.android.build.gradle.internal.dsl.DexPackagingImpl                          : loaded 3 times (x 72B)
Class com.android.build.gradle.internal.dsl.AssetPackBundleExtensionImpl              : loaded 3 times (x 72B)
Class com.android.build.gradle.internal.dsl.decorator.SupportedPropertyType$Var$String: loaded 3 times (x 76B)
Class org.jetbrains.kotlin.gradle.plugin.PropertiesProvider$localProperties$2         : loaded 3 times (x 81B)
Class com.android.build.gradle.internal.services.BuiltInKotlinServicesKt$failIfIncompatiblePluginsArePresent$3: loaded 3 times (x 76B)
Class com.android.build.gradle.internal.services.BuiltInKotlinServices$AvailabilityReason: loaded 3 times (x 72B)
Class com.android.build.gradle.internal.services.UsesAapt2ThreadPoolBuildService      : loaded 3 times (x 72B)
Class com.android.prefs.PathLocator                                                   : loaded 3 times (x 75B)
Class com.android.build.gradle.internal.publishing.OutputSpecImpl                     : loaded 3 times (x 80B)
Class com.android.build.gradle.internal.profile.NoOpAnalyticsConfiguratorService      : loaded 3 times (x 84B)
Class com.android.tools.analytics.AnalyticsSettingsData$DataTypeAdapter               : loaded 3 times (x 75B)
Class com.android.build.api.variant.impl.ArtifactMetadataProcessor$Companion$handleFinalizedByForType$1$1$1: loaded 3 times (x 77B)
Class com.sun.xml.bind.v2.model.nav.ReflectionNavigator                               : loaded 3 times (x 125B)
Class javax.xml.bind.annotation.XmlMixed                                              : loaded 3 times (x 72B)
Class com.sun.xml.bind.v2.runtime.reflect.Accessor$GetterOnlyReflection               : loaded 3 times (x 87B)
Class com.sun.xml.bind.v2.model.impl.ClassInfoImpl$1                                  : loaded 3 times (x 73B)
Class com.android.repository.api.RepositorySource                                     : loaded 3 times (x 72B)
Class com.android.sdklib.repository.generated.sysimg.v3.SysImgDetailsType             : loaded 3 times (x 146B)
Class com.sun.xml.bind.v2.runtime.property.Property                                   : loaded 3 times (x 72B)
Class com.sun.xml.bind.v2.runtime.reflect.PrimitiveArrayListerBoolean                 : loaded 3 times (x 78B)
Class org.jetbrains.kotlin.buildtools.api.SourcesChanges                              : loaded 3 times (x 72B)
Class com.android.build.gradle.internal.cxx.configure.NativeModelBuilderOutcome$1     : loaded 3 times (x 153B)
Class org.gradle.kotlin.dsl.TestImplementationConfigurationAccessorsKt                : loaded 3 times (x 73B)
Class com.android.build.gradle.internal.ide.dependencies.LibraryService               : loaded 3 times (x 72B)
Class com.android.build.gradle.internal.ide.dependencies.LibraryServiceImpl           : loaded 3 times (x 78B)
Class [Lcom.google.common.io.FileWriteMode;                                           : loaded 3 times (x 71B)
Class com.android.build.gradle.internal.ide.dependencies.LibraryCacheImpl$getLibrary$1$1: loaded 3 times (x 81B)
Class com.android.ide.common.caching.CreatingCache$ValueState                         : loaded 3 times (x 74B)
Class org.jetbrains.kotlin.gradle.tasks.CompilerPluginOptionsKt                       : loaded 3 times (x 73B)
Class kotlin.collections.ArraysKt___ArraysKt                                          : loaded 3 times (x 73B)
Class kotlin.io.FilesKt                                                               : loaded 3 times (x 73B)
Class org.jetbrains.kotlin.build.report.metrics.BuildMetricsReporterImpl              : loaded 3 times (x 100B)
Class com.android.build.gradle.internal.ide.v2.BasicAndroidProjectImpl                : loaded 3 times (x 86B)
Class com.sun.xml.bind.v2.runtime.unmarshaller.Patcher                                : loaded 3 times (x 72B)
Class com.sun.xml.bind.v2.model.nav.ReflectionNavigator$3                             : loaded 3 times (x 79B)
Class com.sun.xml.bind.v2.model.annotation.XmlValueQuick                              : loaded 3 times (x 92B)
Class com.sun.istack.Pool                                                             : loaded 3 times (x 72B)
Class com.android.repository.impl.generated.v2.ArchivesType                           : loaded 3 times (x 77B)
Class com.android.sdklib.repository.generated.common.v4.LibraryType                   : loaded 3 times (x 92B)
Class com.android.build.gradle.internal.FileExistsValueSource$Params                  : loaded 3 times (x 72B)
Class com.android.repository.Revision$PreviewComparison                               : loaded 3 times (x 81B)
Class org.jetbrains.kotlin.gradle.model.ComposeCompiler                               : loaded 3 times (x 72B)
Class com.android.build.gradle.internal.ide.FilterDataImpl                            : loaded 3 times (x 82B)
Class com.android.build.gradle.internal.dependency.AarToClassTransform$Companion      : loaded 3 times (x 73B)
Class com.android.build.gradle.internal.scope.InternalArtifactType$ANALYZE_DEPENDENCIES_REPORT: loaded 3 times (x 76B)
Class com.android.build.gradle.internal.HostTestTaskManager$setupAssembleTasks$1      : loaded 3 times (x 77B)
Class com.android.build.gradle.internal.testing.utp.UtpTestUtilsKt$maybeCreateUtpConfigurations$1$1: loaded 3 times (x 76B)
Class com.android.build.gradle.internal.tasks.ExtractVersionControlInfoTask$CreationAction$handleProvider$1: loaded 3 times (x 133B)
Class com.android.build.gradle.internal.tasks.PackageBundleTask$CreationAction$handleProvider$1: loaded 3 times (x 133B)
Class com.android.build.gradle.internal.tasks.DexFileDependenciesTask$CreationAction$handleProvider$1: loaded 3 times (x 133B)
Class com.android.build.gradle.tasks.KotlinCompileCreationAction                      : loaded 3 times (x 78B)
Class com.android.build.gradle.internal.scope.InternalArtifactType$SYMBOL_LIST_WITH_PACKAGE_NAME: loaded 3 times (x 76B)
Class com.android.build.gradle.internal.scope.InternalArtifactType$MERGED_MANIFESTS   : loaded 3 times (x 76B)
Class com.android.build.gradle.internal.VariantManager$createVariantsFromCombination$variantExtensionConfig$1: loaded 3 times (x 80B)
Class com.android.build.gradle.internal.core.dsl.ComponentDslInfo$DslDefinedDeviceTest: loaded 3 times (x 74B)
Class com.android.build.api.variant.impl.LintReportsBuilderImpl_Decorated             : loaded 3 times (x 129B)
Class com.android.build.gradle.internal.core.dsl.impl.features.AndroidResourcesDslInfoImpl: loaded 3 times (x 83B)
Class com.android.build.gradle.internal.lint.LintTaskManager$createBeforeEvaluateLintTasks$1: loaded 3 times (x 77B)
Class com.android.build.gradle.internal.lint.LintTaskManager$Companion                : loaded 3 times (x 73B)
Class com.android.build.gradle.internal.crash.ExternalApiUsageException               : loaded 3 times (x 84B)
Class [Lcom.android.build.api.variant.ScopedArtifacts$Scope;                          : loaded 3 times (x 71B)
Class com.android.build.gradle.api.ApplicationVariant                                 : loaded 3 times (x 72B)
Class com.android.build.gradle.internal.dsl.BundleOptionsCountrySet$AgpDecorated      : loaded 3 times (x 87B)
Class com.android.build.gradle.internal.dsl.EmulatorControl$AgpDecorated              : loaded 3 times (x 90B)
Class com.android.build.gradle.internal.dsl.JUnitEngineSpecImpl                       : loaded 3 times (x 86B)
Class com.android.build.gradle.internal.dsl.ApplicationPublishingImpl                 : loaded 3 times (x 83B)
Class org.jetbrains.kotlin.gradle.utils.WhenPluginEnabledKt$whenPluginsEnabled$1      : loaded 3 times (x 77B)
Class [Lorg.jetbrains.kotlin.gradle.report.BuildReportType;                           : loaded 3 times (x 71B)
Class org.jetbrains.kotlin.gradle.internal.properties.PropertiesBuildService$localProperties$2: loaded 3 times (x 81B)
Class org.jetbrains.kotlin.gradle.tasks.AbstractKotlinCompileTool                     : loaded 3 times (x 373B)
Class com.android.build.gradle.internal.errors.IncompatibleProjectOptionsReporter     : loaded 3 times (x 73B)
Class com.google.wireless.android.sdk.stats.GradleBuildVariantOrBuilder               : loaded 3 times (x 72B)
Class com.android.build.gradle.internal.profile.AnalyticsService$Params_Decorated     : loaded 3 times (x 153B)
Class com.android.sdklib.AndroidVersion                                               : loaded 3 times (x 77B)
Class com.android.build.api.variant.GeneratesApkBuilder                               : loaded 3 times (x 72B)
Class com.android.build.api.dsl.MinSdkSpec                                            : loaded 3 times (x 72B)
Class com.android.Version                                                             : loaded 3 times (x 73B)
Class kotlin.collections.MapsKt___MapsKt                                              : loaded 3 times (x 73B)
Class org.gradle.accessors.dm.LibrariesForLibs$AndroidxComposeUiTestLibraryAccessors  : loaded 3 times (x 80B)
Class com.android.build.api.dsl.ApkExtension                                          : loaded 3 times (x 72B)
Class com.android.build.gradle.options.ProjectOptions$OptionValue                     : loaded 3 times (x 74B)
Class com.android.sdklib.repository.meta.DetailsTypes$PlatformDetailsType$LayoutlibType: loaded 3 times (x 75B)
Class com.android.sdklib.util.CacheByCanonicalPath                                    : loaded 3 times (x 74B)
Class com.google.common.collect.ForwardingMap                                         : loaded 3 times (x 134B)
Class com.android.repository.impl.generated.v1.ObjectFactory                          : loaded 3 times (x 109B)
Class com.android.build.gradle.internal.res.Aapt2FromMaven$Companion$create$aapt2Directory$1$1: loaded 3 times (x 76B)
Class com.google.wireless.android.sdk.stats.GradleBuildMemorySample                   : loaded 3 times (x 204B)
Class com.android.build.gradle.internal.ide.dependencies.LibraryDependencyCacheBuildService$Parameters: loaded 3 times (x 72B)
Class com.android.build.gradle.internal.services.VersionedSdkLoaderService$versionedSdkLoader$2$1: loaded 3 times (x 77B)
Class org.jetbrains.kotlin.gradle.dsl.KotlinJvmCompilerOptions                        : loaded 3 times (x 72B)
Class org.jetbrains.kotlin.gradle.plugin.internal.DefaultProjectIsolationStartParameterAccessor$Factory: loaded 3 times (x 78B)
Class kotlin.io.FileSystemException                                                   : loaded 3 times (x 84B)
Class org.jetbrains.kotlin.cli.common.arguments.ParseCommandLineArgumentsKt           : loaded 3 times (x 73B)
Class org.jetbrains.kotlin.gradle.dsl.KotlinCommonCompilerOptionsExtensionsKt$usesK2$1: loaded 3 times (x 76B)
Class com.android.build.gradle.internal.ide.v2.LibraryInfoImpl                        : loaded 3 times (x 86B)
Class com.sun.xml.bind.v2.model.impl.ArrayInfoImpl                                    : loaded 3 times (x 100B)
Class com.google.wireless.android.sdk.stats.GradleBuildProfileSpan$Builder            : loaded 3 times (x 317B)
Class org.objectweb.asm.tree.MethodNode                                               : loaded 3 times (x 111B)
Class org.jetbrains.kotlin.gradle.plugin.internal.DefaultMavenPublicationComponentAccessor: loaded 3 times (x 77B)
Class org.jetbrains.kotlin.gradle.plugin.ProjectLocalConfigurations$ProjectLocalCompatibility: loaded 3 times (x 78B)
Class org.jetbrains.kotlin.gradle.dsl.JvmDefaultMode                                  : loaded 3 times (x 81B)
Class com.sun.xml.bind.v2.model.impl.ModelBuilder$1                                   : loaded 3 times (x 78B)
Class com.android.build.gradle.internal.dsl.VariantDimensionBinaryCompatibilityFixParent: loaded 3 times (x 72B)
Class com.android.build.api.artifact.impl.TypedStorageProvider                        : loaded 3 times (x 74B)
Class com.android.build.api.artifact.impl.SinglePropertyAdapter                       : loaded 3 times (x 80B)
Class com.android.build.gradle.internal.lint.AndroidLintGlobalTask$LintFixCreationAction$Companion: loaded 3 times (x 73B)
Class com.android.build.gradle.internal.dsl.TargetSdkSpecImpl$AgpDecorated_Decorated  : loaded 3 times (x 131B)
Class com.android.build.gradle.internal.EmulatorComponents$Companion                  : loaded 3 times (x 73B)
Class com.sun.xml.bind.v2.runtime.property.UnmarshallerChain                          : loaded 3 times (x 74B)
Class com.sun.istack.SAXException2                                                    : loaded 3 times (x 85B)
Class com.sun.xml.bind.v2.runtime.unmarshaller.TextLoader                             : loaded 3 times (x 80B)
Class com.sun.xml.bind.v2.TODO                                                        : loaded 3 times (x 73B)
Class com.sun.xml.bind.v2.model.runtime.RuntimeElementPropertyInfo                    : loaded 3 times (x 72B)
Class com.sun.xml.bind.v2.model.nav.ReflectionNavigator$4                             : loaded 3 times (x 79B)
Class com.sun.xml.bind.v2.model.impl.RuntimeBuiltinLeafInfoImpl$20                    : loaded 3 times (x 138B)
Class com.android.sdklib.repository.generated.sysimg.v2.ObjectFactory                 : loaded 3 times (x 77B)
Class com.android.build.gradle.internal.SdkComponentsBuildService$VersionedSdkLoader$additionalLibrariesProvider$1: loaded 3 times (x 77B)
Class com.android.build.gradle.internal.GradleLocalPropertiesFactory                  : loaded 3 times (x 73B)
Class com.android.build.gradle.internal.tasks.factory.BootClasspathConfigImpl$bootClasspath$2$1: loaded 3 times (x 77B)
Class com.android.build.gradle.internal.scope.InternalArtifactType$UNIT_TEST_RESULTS  : loaded 3 times (x 76B)
Class com.android.build.gradle.internal.HostTestTaskManager$setupAssembleTasks$2      : loaded 3 times (x 77B)
Class com.android.build.gradle.internal.tasks.DexFileDependenciesTask$CreationAction$handleProvider$2: loaded 3 times (x 133B)
Class com.android.build.gradle.internal.scope.InternalArtifactType$PROJECT_DEX_ARCHIVE: loaded 3 times (x 76B)
Class org.jetbrains.kotlin.gradle.utils.StringUtilsKt$lowerCamelCaseName$1            : loaded 3 times (x 131B)
Class org.jetbrains.kotlin.gradle.plugin.mpp.compilationImpl.DefaultKotlinCompilationFriendPathsResolver$DefaultFriendArtifactResolver: loaded 3 times (x 76B)
Class org.jetbrains.kotlin.gradle.dsl.KotlinCompile                                   : loaded 3 times (x 72B)
Class org.jetbrains.kotlin.gradle.plugin.internal.DefaultConfigurationCacheStartParameterAccessor_Decorated: loaded 3 times (x 123B)
Class org.jetbrains.kotlin.gradle.plugin.internal.DefaultConfigurationCacheStartParameterAccessor: loaded 3 times (x 79B)
Class com.android.build.gradle.tasks.ManifestProcessorTask                            : loaded 3 times (x 341B)
Class com.android.build.api.variant.impl.MetadataRecord                               : loaded 3 times (x 74B)
Class com.android.build.gradle.internal.component.features.AndroidResourcesCreationConfig: loaded 3 times (x 72B)
Class com.android.build.gradle.internal.dsl.ApplicationExtensionImpl$sam$org_gradle_api_Action$0: loaded 3 times (x 77B)
Class com.android.build.gradle.internal.dsl.ApplicationPublishingImpl$AgpDecorated_Decorated: loaded 3 times (x 132B)
Class com.google.common.base.Charsets                                                 : loaded 3 times (x 73B)
Class com.android.build.api.dsl.ComposeOptions                                        : loaded 3 times (x 72B)
Class com.android.build.gradle.internal.dsl.NdkOptions$DebugSymbolLevel               : loaded 3 times (x 81B)
Class com.sun.xml.bind.v2.runtime.property.Utils                                      : loaded 3 times (x 73B)
Class com.android.build.api.dsl.VectorDrawables                                       : loaded 3 times (x 72B)
Class com.android.build.gradle.internal.dsl.ViewBindingOptionsImpl                    : loaded 3 times (x 86B)
Class com.android.build.gradle.internal.dsl.ResourcesPackagingImpl                    : loaded 3 times (x 84B)
Class com.android.build.gradle.internal.dsl.BundleOptions                             : loaded 3 times (x 137B)
Class com.android.build.gradle.internal.services.BuiltInKotlinServicesKt$initBuiltInKotlinSupportIfRequired$3: loaded 3 times (x 77B)
Class org.jetbrains.kotlin.gradle.dsl.JvmTarget$Companion                             : loaded 3 times (x 73B)
Class org.jetbrains.kotlin.gradle.internal.properties.NativePropertiesLoader$downloadFromMaven$1: loaded 3 times (x 77B)
Class com.sun.xml.bind.v2.model.annotation.XmlTypeQuick                               : loaded 3 times (x 97B)
Class com.android.build.gradle.internal.SdkComponentsBuildService$Parameters          : loaded 3 times (x 72B)
Class com.android.build.gradle.internal.services.AndroidLocationsBuildService$androidLocations$1$1: loaded 3 times (x 77B)
Class com.android.build.gradle.options.FeatureStage$Supported                         : loaded 3 times (x 74B)
Class com.google.common.util.concurrent.MoreExecutors                                 : loaded 3 times (x 73B)
Class com.android.build.gradle.internal.SdkComponentsBuildService$VersionedSdkLoader$aidlExecutableProvider$1: loaded 3 times (x 77B)
Class com.android.build.gradle.internal.plugins.DslContainerProvider$lock$6           : loaded 3 times (x 77B)
Class com.android.build.api.variant.impl.GlobalVariantBuilderConfigImpl               : loaded 3 times (x 79B)
Class com.android.build.gradle.internal.VariantManager$getFlavorSelection$2           : loaded 3 times (x 81B)
Class com.android.build.api.variant.DependenciesInfo                                  : loaded 3 times (x 72B)
Class com.android.build.api.instrumentation.FramesComputationMode                     : loaded 3 times (x 81B)
Class kotlin.jvm.internal.DefaultConstructorMarker                                    : loaded 3 times (x 73B)
Class com.android.build.gradle.internal.HostTestTaskManager$createTopLevelTasksCore$2 : loaded 3 times (x 77B)
Class com.android.build.gradle.tasks.ProcessApplicationManifest$CreationAction$handleProvider$1: loaded 3 times (x 133B)
Class com.android.build.gradle.internal.res.LinkApplicationAndroidResourcesTask$CreationAction: loaded 3 times (x 98B)
Class com.android.build.gradle.internal.ide.v2.AndroidLibraryDataImpl$Companion       : loaded 3 times (x 73B)
Class com.android.build.gradle.internal.ide.dependencies.GraphEdgeCacheImpl           : loaded 3 times (x 77B)
Class com.android.build.gradle.internal.ide.v2.AndroidDslImpl$Companion               : loaded 3 times (x 73B)
Class com.android.build.gradle.internal.dependency.CollectResourceSymbolsTransform$Inject_1: loaded 3 times (x 111B)
Class com.android.build.gradle.internal.tasks.ListingFileRedirectTask$CreationAction$handleProvider$1: loaded 3 times (x 133B)
Class com.android.build.gradle.internal.tasks.SigningReportTask                       : loaded 3 times (x 324B)
Class com.android.build.gradle.internal.scope.InternalArtifactType$CONSUMER_PROGUARD_DIR: loaded 3 times (x 76B)
Class com.android.builder.sdk.SdkLibData                                              : loaded 3 times (x 79B)
Class [Lcom.android.repository.Revision$PreviewComparison;                            : loaded 3 times (x 71B)
Class javax.xml.bind.JAXBContext                                                      : loaded 3 times (x 80B)
Class javax.xml.bind.Binder                                                           : loaded 3 times (x 87B)
Class com.sun.xml.bind.v2.model.core.AttributePropertyInfo                            : loaded 3 times (x 72B)
Class com.sun.xml.bind.v2.model.impl.RuntimeReferencePropertyInfoImpl                 : loaded 3 times (x 143B)
Class com.android.build.gradle.internal.ide.v2.SourceSetContainerImpl                 : loaded 3 times (x 82B)
Class [Lcom.sun.xml.bind.v2.model.core.PropertyInfo;                                  : loaded 3 times (x 71B)
Class com.sun.xml.bind.v2.model.nav.ReflectionNavigator$5                             : loaded 3 times (x 79B)
Class com.sun.xml.bind.v2.model.impl.RuntimeBuiltinLeafInfoImpl$21                    : loaded 3 times (x 138B)
Class com.sun.xml.bind.v2.model.runtime.RuntimeTypeInfo                               : loaded 3 times (x 72B)
Class com.android.sdklib.repository.IdDisplay                                         : loaded 3 times (x 82B)
Class com.android.build.gradle.internal.scope.InternalArtifactType$SOURCE_JAR         : loaded 3 times (x 76B)
Class com.android.build.api.variant.impl.DirectoryEntry$Kind                          : loaded 3 times (x 81B)
Class com.android.build.api.variant.impl.FlatSourceDirectoriesImpl                    : loaded 3 times (x 95B)
Class com.android.build.gradle.internal.scope.InternalArtifactType$COMPILE_SYMBOL_LIST: loaded 3 times (x 76B)
Class com.android.build.api.artifact.impl.InAndOutDirectoryOperationRequestImpl$Companion$initializeInput$1: loaded 3 times (x 77B)
Class com.android.build.gradle.internal.core.dsl.HostTestComponentDslInfo             : loaded 3 times (x 72B)
Class [Lcom.android.build.api.variant.VariantOutputConfiguration$OutputType;          : loaded 3 times (x 71B)
Class com.android.build.api.component.impl.AnnotationProcessorImpl                    : loaded 3 times (x 79B)
Class com.android.build.api.variant.impl.PackagingImpl                                : loaded 3 times (x 82B)
Class [Lcom.android.build.gradle.internal.profile.ProfilingMode;                      : loaded 3 times (x 71B)
Class com.android.build.gradle.internal.dsl.TargetSdkVersionImpl                      : loaded 3 times (x 78B)
Class com.android.build.gradle.internal.TaskManager$ConfigAttrTask                    : loaded 3 times (x 322B)
Class com.android.builder.core.AbstractBuildType$Companion                            : loaded 3 times (x 73B)
Class com.android.builder.testing.api.TestServer                                      : loaded 3 times (x 76B)
Class com.android.build.gradle.internal.dsl.ShaderOptions_Decorated                   : loaded 3 times (x 132B)
Class com.android.build.gradle.internal.scope.InternalArtifactType$MERGED_NATIVE_DEBUG_METADATA: loaded 3 times (x 76B)
Class com.android.build.api.dsl.KmpOptimization                                       : loaded 3 times (x 72B)
Class com.android.build.gradle.internal.dsl.decorator.SupportedPropertyType$Var       : loaded 3 times (x 76B)
Class com.android.builder.signing.DefaultSigningConfig                                : loaded 3 times (x 111B)
Class org.jetbrains.kotlin.gradle.plugin.internal.DefaultProjectIsolationStartParameterAccessor: loaded 3 times (x 79B)
Class org.jetbrains.kotlin.gradle.utils.GradleConfigurationUtilsKt$addGradlePluginMetadataAttributes$1: loaded 3 times (x 77B)
Class org.jetbrains.kotlin.gradle.plugin.KaptExtension                                : loaded 3 times (x 138B)
Class org.jetbrains.kotlin.gradle.dsl.KotlinAndroidExtension                          : loaded 3 times (x 72B)
Class org.jetbrains.kotlin.gradle.plugin.AbstractKotlinMultiplatformPluginWrapper     : loaded 3 times (x 88B)
Class com.android.build.gradle.internal.services.LintClassLoaderBuildService$RegistrationAction: loaded 3 times (x 76B)
Class com.android.build.gradle.internal.utils.GradleEnvironmentProvider               : loaded 3 times (x 72B)
Class [Lcom.google.wireless.android.sdk.stats.GradleBuildProfileSpan$ExecutionType;   : loaded 3 times (x 71B)
Class com.android.build.gradle.internal.utils.AnalyticsSettingsUtils$analyticsEnabledProvider$1: loaded 3 times (x 76B)
Class com.android.build.gradle.internal.tasks.MergeGeneratedProguardFilesCreationAction$handleProvider$1: loaded 3 times (x 133B)
Class com.android.utils.Environment$Companion$SYSTEM$1                                : loaded 3 times (x 76B)
Class com.android.build.gradle.internal.TaskManager                                   : loaded 3 times (x 84B)
Class com.android.build.gradle.AppPluginKt                                            : loaded 3 times (x 73B)
Class org.gradle.accessors.dm.LibrariesForLibsInPluginsBlock$AndroidxLifecycleRuntimeLibraryAccessors: loaded 3 times (x 79B)
Class com.sun.xml.bind.v2.runtime.reflect.Accessor$ReadOnlyFieldReflection            : loaded 3 times (x 87B)
Class com.android.repository.impl.generated.v1.PatchType                              : loaded 3 times (x 89B)
Class com.android.build.gradle.internal.ide.v2.AndroidArtifactImpl$Companion          : loaded 3 times (x 73B)
Class com.android.build.api.variant.MultiOutputHandler                                : loaded 3 times (x 72B)
Class kotlin.text.StringsKt___StringsJvmKt                                            : loaded 3 times (x 73B)
Class kotlin.reflect.KDeclarationContainer                                            : loaded 3 times (x 72B)
Class org.gradle.api.GradleException                                                  : loaded 3 times (x 84B)
Class org.gradle.accessors.dm.LibrariesForLibsInPluginsBlock$AndroidxActivityLibraryAccessors: loaded 3 times (x 79B)
Class com.android.build.gradle.internal.services.GlobalServiceRegistrationAction      : loaded 3 times (x 75B)
Class com.android.build.gradle.internal.scope.InternalArtifactType$AAPT_FRIENDLY_MERGED_MANIFESTS: loaded 3 times (x 76B)
Class com.android.build.gradle.internal.ide.v2.GlobalSyncService$Inject_              : loaded 3 times (x 102B)
Class com.google.common.io.FileWriteMode                                              : loaded 3 times (x 81B)
Class org.jetbrains.kotlin.gradle.plugin.KotlinCompilation$Companion                  : loaded 3 times (x 73B)
Class com.google.gson.TypeAdapter$1                                                   : loaded 3 times (x 76B)
Class com.android.build.api.component.impl.features.DexingImpl                        : loaded 3 times (x 89B)
Class com.android.builder.model.v2.ide.GraphItem                                      : loaded 3 times (x 72B)
Class com.android.build.gradle.internal.signing.SigningConfigDataProvider$Companion   : loaded 3 times (x 73B)
Class com.android.build.api.variant.impl.HasTestSuitesCreationConfig                  : loaded 3 times (x 72B)
Class com.android.build.gradle.internal.ManagedDeviceUtilsKt                          : loaded 3 times (x 73B)
Class com.android.build.gradle.internal.plugins.BasePlugin$Companion$createAndroidJdkImageConfiguration$2: loaded 3 times (x 76B)
Class org.jetbrains.kotlin.gradle.plugin.KotlinBasePluginWrapper                      : loaded 3 times (x 88B)
Class org.jetbrains.kotlin.gradle.report.ReportingSettings                            : loaded 3 times (x 74B)
Class kotlin.collections.CollectionsKt__ReversedViewsKt                               : loaded 3 times (x 73B)
Class com.android.build.gradle.internal.dsl.ApplicationExtensionImpl$AgpDecorated_Decorated: loaded 3 times (x 469B)
Class com.android.build.gradle.internal.scope.InternalArtifactType$DATA_BINDING_BASE_CLASS_SOURCE_OUT: loaded 3 times (x 76B)
Class org.jetbrains.kotlin.gradle.tasks.KotlinCompile$disableMultiModuleIC$2          : loaded 3 times (x 81B)
Class org.jetbrains.kotlin.gradle.tasks.GradleCompileTaskProviderKt                   : loaded 3 times (x 73B)
Class com.android.sdklib.repository.generated.addon.v3.ExtraDetailsType               : loaded 3 times (x 87B)
Class com.sun.xml.bind.v2.model.impl.RuntimeBuiltinLeafInfoImpl$22                    : loaded 3 times (x 138B)
Class com.sun.xml.bind.v2.model.nav.ReflectionNavigator$6                             : loaded 3 times (x 83B)
Class com.android.sdklib.BuildToolInfo$PathId                                         : loaded 3 times (x 81B)
Class com.android.build.gradle.internal.dependency.BaseDexingTransform$Parameters     : loaded 3 times (x 72B)
Class com.android.build.gradle.internal.dependency.AarToClassTransform$Inject_1       : loaded 3 times (x 111B)
Class com.android.build.gradle.internal.tasks.CheckJetifierTask                       : loaded 3 times (x 333B)
Class com.android.build.api.variant.ManifestFiles                                     : loaded 3 times (x 72B)
Class com.android.build.api.variant.LibraryVariant                                    : loaded 3 times (x 72B)
Class com.android.build.gradle.internal.tasks.GlobalSyntheticsMergeTask$CreationAction$handleProvider$1: loaded 3 times (x 133B)
Class com.android.build.gradle.internal.scope.InternalArtifactType$INTERMEDIARY_BUNDLE: loaded 3 times (x 76B)
Class org.jetbrains.kotlin.gradle.plugin.mpp.compilationImpl.KotlinCompilationImpl$Params: loaded 3 times (x 74B)
Class com.android.build.gradle.tasks.KotlinTaskCreationAction$registerTask$1          : loaded 3 times (x 77B)
Class org.jetbrains.kotlin.gradle.tasks.configuration.BaseKotlinCompileConfig$Companion: loaded 3 times (x 73B)
Class com.android.build.gradle.internal.tasks.creationconfig.ProcessJavaResCreationConfig: loaded 3 times (x 72B)
Class com.android.build.api.variant.ResourcesPackaging                                : loaded 3 times (x 72B)
Class com.android.build.gradle.internal.tasks.factory.TaskConfigAction                : loaded 3 times (x 72B)
Class com.android.build.gradle.internal.dsl.AndroidTestImpl$AgpDecorated_Decorated    : loaded 3 times (x 127B)
Class com.android.build.api.artifact.impl.ScopedArtifactsImpl                         : loaded 3 times (x 77B)
Class com.android.build.api.artifact.impl.ArtifactsImpl                               : loaded 3 times (x 85B)
Class com.android.build.gradle.internal.core.ToolExecutionOptions                     : loaded 3 times (x 74B)
Class com.android.build.gradle.LintLifecycleExtensionImpl                             : loaded 3 times (x 82B)
Class com.android.build.gradle.internal.api.artifact.SourceArtifactType$JNI_LIBS      : loaded 3 times (x 76B)
Class com.android.build.gradle.internal.dsl.CoreShaderOptions                         : loaded 3 times (x 72B)
Class com.android.build.api.dsl.ScreenshotTestSuite                                   : loaded 3 times (x 72B)
Class com.android.build.gradle.internal.dsl.decorator.SupportedPropertyType$Var$Custom: loaded 3 times (x 76B)
Class com.android.build.gradle.internal.dsl.AgpDslLockedException                     : loaded 3 times (x 84B)
Class org.jetbrains.kotlin.gradle.targets.native.toolchain.KotlinNativeBundleBuildService$Companion$registerIfAbsent$2$1: loaded 3 times (x 81B)
Class org.jetbrains.kotlin.build.report.metrics.GradleBuildPerformanceMetric$Companion: loaded 3 times (x 73B)
Class org.jetbrains.kotlin.gradle.plugin.internal.MavenPublicationComponentAccessor$Factory: loaded 3 times (x 72B)
Class com.android.build.gradle.internal.services.Aapt2DaemonBuildService              : loaded 3 times (x 82B)
Class com.android.build.gradle.internal.ide.v2.GlobalSyncService                      : loaded 3 times (x 82B)
Class [Lcom.google.protobuf.ProtocolMessageEnum;                                      : loaded 3 times (x 71B)
Class com.google.protobuf.LazyStringArrayList                                         : loaded 3 times (x 316B)
Class kotlinx.coroutines.flow.StateFlowImpl                                           : loaded 3 times (x 105B)
Class com.android.build.gradle.internal.scope.ProjectInfo                             : loaded 3 times (x 74B)
Class kotlin.sequences.SequencesKt__SequenceBuilderKt                                 : loaded 3 times (x 73B)
Class kotlin.sequences.FilteringSequence$iterator$1                                   : loaded 3 times (x 81B)
Class com.android.build.api.variant.HasAndroidResources                               : loaded 3 times (x 72B)
Class com.android.build.gradle.internal.component.VariantCreationConfig               : loaded 3 times (x 72B)
Class com.android.build.api.variant.VariantBuilder                                    : loaded 3 times (x 72B)
Class com.android.build.gradle.internal.dsl.InternalApplicationExtension              : loaded 3 times (x 72B)
Class com.android.build.gradle.internal.dsl.BundleOptionsStoreArchive$AgpDecorated    : loaded 3 times (x 83B)
Class com.android.build.gradle.internal.plugins.DslContainerProvider$lock$5           : loaded 3 times (x 77B)
Class com.android.build.gradle.internal.VariantManager$getLazyManifestParser$1        : loaded 3 times (x 81B)
Class com.android.build.api.variant.impl.LintBuilderImpl                              : loaded 3 times (x 78B)
Class com.android.build.gradle.internal.dsl.ModulePropertyKey                         : loaded 3 times (x 72B)
Class com.android.build.gradle.internal.VariantManager$getFlavorSelection$1           : loaded 3 times (x 80B)
Class com.android.build.api.component.impl.OldVariantApiLegacySupportImpl             : loaded 3 times (x 91B)
Class com.android.build.gradle.internal.core.MergedExternalNativeBuildOptions         : loaded 3 times (x 89B)
Class com.android.build.gradle.internal.HostTestTaskManager$createTopLevelTasksCore$1 : loaded 3 times (x 77B)
Class com.android.build.gradle.internal.scope.ArtifactTypeUtil$getDirectories$1       : loaded 3 times (x 77B)
Class com.android.build.gradle.internal.ide.v2.BuildTypeImpl                          : loaded 3 times (x 104B)
Class com.android.build.gradle.internal.res.LinkApplicationAndroidResourcesTask$BaseCreationAction$configure$1: loaded 3 times (x 76B)
Class com.android.build.gradle.internal.scope.InternalArtifactType$NESTED_RESOURCES_VALIDATION_REPORT: loaded 3 times (x 76B)
Class com.android.build.gradle.internal.scope.InternalArtifactType$CHECK_MANIFEST_RESULT: loaded 3 times (x 76B)
Class com.android.build.gradle.internal.tasks.ProcessNavigationXmlTask                : loaded 3 times (x 341B)
Class com.android.build.api.variant.SourceDirectories                                 : loaded 3 times (x 72B)
Class [Lorg.jetbrains.kotlin.gradle.plugin.sources.ConsistencyCheck;                  : loaded 3 times (x 71B)
Class com.android.build.gradle.internal.tasks.MergeJavaResourceTask                   : loaded 3 times (x 370B)
Class com.android.build.gradle.internal.tasks.CheckDuplicateClassesTask$CreationAction: loaded 3 times (x 92B)
Class com.android.build.gradle.internal.tasks.DexMergingTask$CreationAction$WhenMappings: loaded 3 times (x 73B)
Class com.android.build.gradle.internal.core.dsl.DynamicFeatureVariantDslInfo         : loaded 3 times (x 72B)
Class com.android.build.api.variant.impl.FlatSourceDirectoriesForJavaImpl$internalGenerators$2$1: loaded 3 times (x 78B)
Class org.jetbrains.kotlin.gradle.tasks.configuration.AbstractKotlinCompileConfig$1$1 : loaded 3 times (x 76B)
Class org.jetbrains.kotlin.gradle.tasks.KotlinCompile$kotlinOptions$1                 : loaded 3 times (x 81B)
Class com.sun.xml.bind.v2.model.nav.ParameterizedTypeImpl                             : loaded 3 times (x 87B)
Class com.sun.xml.bind.v2.runtime.reflect.Accessor$GetterSetterReflection             : loaded 3 times (x 87B)
Class com.sun.xml.bind.v2.model.impl.RuntimeBuiltinLeafInfoImpl$23                    : loaded 3 times (x 138B)
Class javax.activation.DataHandler                                                    : loaded 3 times (x 94B)
Class com.sun.xml.bind.v2.model.runtime.RuntimeTypeInfoSet                            : loaded 3 times (x 72B)
Class com.sun.xml.bind.v2.model.impl.TypeInfoSetImpl                                  : loaded 3 times (x 113B)
Class javax.xml.bind.JAXBException                                                    : loaded 3 times (x 87B)
Class com.android.repository.api.RepoPackage                                          : loaded 3 times (x 72B)
Class com.android.build.gradle.internal.ide.v2.VersionImpl                            : loaded 3 times (x 79B)
Class com.android.build.gradle.internal.dependency.CollectClassesTransform$Inject_1   : loaded 3 times (x 111B)
Class com.android.build.gradle.internal.dependency.PlatformAttrTransform$Inject_1     : loaded 3 times (x 111B)
Class [Lcom.android.build.gradle.internal.SdkLibDataFactory$Environment$SystemProperty;: loaded 3 times (x 71B)
Class com.android.build.gradle.tasks.AnalyzeDependenciesTask$CreationAction$handleProvider$1: loaded 3 times (x 133B)
Class com.android.build.gradle.internal.testing.utp.UtpTestUtilsKt                    : loaded 3 times (x 73B)
Class com.android.build.api.variant.impl.ManifestFilesImpl$addSource$1                : loaded 3 times (x 77B)
Class org.jetbrains.kotlin.tooling.core.ExtrasLazyProperty                            : loaded 3 times (x 72B)
Class org.jetbrains.kotlin.gradle.utils.StringUtilsKt                                 : loaded 3 times (x 73B)
Class com.android.build.gradle.internal.HostTestTaskManager                           : loaded 3 times (x 84B)
Class com.android.build.api.variant.impl.AndroidResourcesImplKt                       : loaded 3 times (x 73B)
Class com.android.build.gradle.internal.core.dsl.impl.InstrumentedTestDslInfoImpl$functionalTest$2: loaded 3 times (x 76B)
Class com.android.build.VariantOutput$FilterType                                      : loaded 3 times (x 81B)
Class com.android.build.api.attributes.BuildTypeAttr$ImplFactory                      : loaded 3 times (x 77B)
Class com.android.build.api.variant.AndroidResourcesBuilder                           : loaded 3 times (x 72B)
Class com.android.build.gradle.api.AndroidBasePlugin                                  : loaded 3 times (x 76B)
Class com.android.build.gradle.internal.plugins.AppPlugin$ApplicationAndroidComponentsExtensionImplCompat_Decorated: loaded 3 times (x 163B)
Class com.android.build.gradle.internal.dsl.PublishingOptionsImpl                     : loaded 3 times (x 79B)
Class com.android.build.gradle.internal.dsl.AbiSplitOptions$AgpDecorated              : loaded 3 times (x 100B)
Class com.android.build.api.artifact.Artifact$Category                                : loaded 3 times (x 81B)
Class com.android.build.gradle.internal.dsl.FusedLibraryExtensionImpl                 : loaded 3 times (x 106B)
Class com.android.build.gradle.internal.dsl.BundleOptionsAiModelVersion               : loaded 3 times (x 83B)
Class com.android.build.api.dsl.Publishing                                            : loaded 3 times (x 72B)
Class org.jetbrains.kotlin.gradle.utils.CompletableFuture                             : loaded 3 times (x 72B)
Class kotlin.io.FilesKt__FileTreeWalkKt                                               : loaded 3 times (x 73B)
Class org.jetbrains.kotlin.gradle.plugin.internal.JavaExecTaskParametersCompatibility : loaded 3 times (x 72B)
Class [Lcom.android.build.gradle.internal.profile.AnalyticsConfiguratorService$State; : loaded 3 times (x 71B)
Class com.android.build.gradle.internal.utils.PublishingUtils                         : loaded 3 times (x 73B)
Class com.google.protobuf.UninitializedMessageException                               : loaded 3 times (x 86B)
Class com.android.builder.errors.IssueReporter$Type                                   : loaded 3 times (x 81B)
Class com.android.build.api.dsl.TargetSdkVersion                                      : loaded 3 times (x 72B)
Class com.android.build.gradle.internal.dependency.AarTransform$Companion             : loaded 3 times (x 73B)
Class com.android.build.gradle.internal.scope.InternalArtifactType$AIDL_PARCELABLE    : loaded 3 times (x 76B)
Class com.android.repository.api.SettingsController                                   : loaded 3 times (x 72B)
Class kotlin.collections.EmptyIterator                                                : loaded 3 times (x 91B)
Class javax.xml.bind.JAXBIntrospector                                                 : loaded 3 times (x 75B)
Class com.sun.xml.bind.v2.model.impl.RuntimeEnumLeafInfoImpl                          : loaded 3 times (x 151B)
Class com.sun.xml.bind.v2.runtime.IllegalAnnotationException                          : loaded 3 times (x 88B)
Class kotlin.text.StringsKt__RegexExtensionsKt                                        : loaded 3 times (x 73B)
Class Build_gradle$1                                                                  : loaded 3 times (x 76B)
Class [Lcom.sun.xml.bind.v2.runtime.property.PropertyImpl;                            : loaded 3 times (x 71B)
Class com.android.build.gradle.internal.manifest.LazyManifestParser                   : loaded 3 times (x 78B)
Class org.jetbrains.kotlin.build.report.metrics.BuildPerformanceMetrics$Companion     : loaded 3 times (x 73B)
Class com.android.build.gradle.internal.lint.CustomLintCheckUtils$getLocalCustomLintChecks$1: loaded 3 times (x 76B)
Class com.android.build.gradle.internal.ide.dependencies.LocalJarCacheImpl            : loaded 3 times (x 77B)
Class com.android.build.gradle.internal.ide.v2.ProjectGraphImpl                       : loaded 3 times (x 78B)
Class com.android.build.gradle.internal.cxx.logging.LoggingEnvironmentKt              : loaded 3 times (x 73B)
Class com.android.build.gradle.internal.ide.v2.ProductFlavorImpl                      : loaded 3 times (x 113B)
Class com.android.build.gradle.internal.tasks.ProcessJavaResTaskKt                    : loaded 3 times (x 73B)
Class com.android.build.gradle.internal.tasks.featuresplit.PackagedDependenciesWriterTask_Decorated: loaded 3 times (x 385B)
Class com.android.build.gradle.internal.ide.v2.LibraryImpl                            : loaded 3 times (x 87B)
Class org.jetbrains.kotlin.gradle.plugin.sources.SourceSetsVisibilityInferenceKt      : loaded 3 times (x 73B)
Class kotlin.collections.CollectionsKt___CollectionsKt                                : loaded 3 times (x 73B)
Class kotlin.collections.EmptySet                                                     : loaded 3 times (x 124B)
Class com.android.build.gradle.AssetPackPluginKt                                      : loaded 3 times (x 73B)
Class org.jetbrains.kotlin.gradle.tasks.configuration.AbstractKotlinCompileConfig$getClasspathSnapshotDir$1: loaded 3 times (x 76B)
Class org.jetbrains.kotlin.gradle.tasks.configuration.AbstractKotlinCompileConfig$1$2 : loaded 3 times (x 76B)
Class com.sun.xml.bind.v2.runtime.reflect.Lister                                      : loaded 3 times (x 78B)
Class com.sun.xml.bind.v2.model.core.NonElementRef                                    : loaded 3 times (x 72B)
Class com.sun.xml.bind.v2.model.impl.RegistryInfoImpl                                 : loaded 3 times (x 82B)
Class com.sun.xml.bind.v2.model.annotation.XmlAttributeQuick                          : loaded 3 times (x 95B)
Class com.sun.xml.bind.v2.model.impl.RuntimeBuiltinLeafInfoImpl$24                    : loaded 3 times (x 139B)
Class com.sun.xml.bind.Util                                                           : loaded 3 times (x 73B)
Class com.android.sdklib.repository.generated.common.v3.ObjectFactory                 : loaded 3 times (x 77B)
Class com.android.sdklib.repository.generated.addon.v4.ObjectFactory                  : loaded 3 times (x 82B)
Class com.android.repository.api.SchemaModule                                         : loaded 3 times (x 78B)
Class [Lcom.android.sdklib.BuildToolInfo$PathId;                                      : loaded 3 times (x 71B)
Class com.android.build.gradle.internal.api.TestVariantImpl_Decorated                 : loaded 3 times (x 308B)
Class com.android.build.gradle.internal.dependency.EnumerateClassesTransform          : loaded 3 times (x 80B)
Class com.android.build.api.component.impl.DefaultSourcesProviderImpl$getJniLibs$1    : loaded 3 times (x 133B)
Class kotlin.jvm.internal.CollectionToArray                                           : loaded 3 times (x 73B)
Class com.android.build.gradle.internal.tasks.TestPreBuildTask$CreationAction         : loaded 3 times (x 93B)
Class com.android.build.gradle.internal.publishing.ArtifactCategory                   : loaded 3 times (x 81B)
Class com.android.build.api.variant.ApplicationAndroidResources                       : loaded 3 times (x 72B)
Class com.android.build.api.variant.TestSuite                                         : loaded 3 times (x 72B)
Class com.android.build.gradle.internal.plugins.BasePlugin$createTasks$2$1            : loaded 3 times (x 77B)
Class com.android.build.gradle.internal.ide.v2.NativeModelBuilder                     : loaded 3 times (x 88B)
Class com.google.wireless.android.sdk.stats.GradleBuildProject$1                      : loaded 3 times (x 78B)
Class com.android.build.gradle.internal.dsl.TestOptions$UnitTestOptions               : loaded 3 times (x 86B)
Class com.android.build.api.dsl.MultiDexConfig                                        : loaded 3 times (x 72B)
Class com.android.build.gradle.internal.dsl.AbiSplitOptions                           : loaded 3 times (x 97B)
Class com.android.build.gradle.api.BaseVariant                                        : loaded 3 times (x 72B)
Class org.jetbrains.kotlin.gradle.plugin.AndroidProjectHandler                        : loaded 3 times (x 74B)
Class org.jetbrains.kotlin.gradle.plugin.KotlinTarget                                 : loaded 3 times (x 72B)
Class com.android.build.gradle.internal.services.BuiltInKotlinServicesKt              : loaded 3 times (x 73B)
Class com.android.build.gradle.internal.profile.AnalyticsConfiguratorService$Params   : loaded 3 times (x 72B)
Class com.android.build.gradle.internal.tasks.factory.TaskFactoryImpl                 : loaded 3 times (x 85B)
Class com.android.build.gradle.internal.lint.LintFromMaven                            : loaded 3 times (x 74B)
Class com.android.build.api.artifact.impl.ArtifactsImpl$3$1                           : loaded 3 times (x 82B)
Class com.android.build.gradle.internal.plugins.LibraryPlugin                         : loaded 3 times (x 99B)
Class com.android.utils.Environment                                                   : loaded 3 times (x 76B)
Class com.android.build.gradle.internal.dsl.DependenciesInfoImpl$AgpDecorated_Decorated: loaded 3 times (x 132B)
Class com.android.build.gradle.internal.dsl.DependenciesInfoImpl$AgpDecorated         : loaded 3 times (x 86B)
Class com.android.build.gradle.internal.coverage.JacocoOptions_Decorated              : loaded 3 times (x 132B)
Class com.android.build.gradle.internal.api.artifact.SourceArtifactType$SHADERS       : loaded 3 times (x 76B)
Class com.android.builder.core.AbstractProductFlavor$Companion                        : loaded 3 times (x 73B)
Class [Lcom.android.prefs.LocationValue;                                              : loaded 3 times (x 71B)
Class com.android.build.gradle.internal.plugins.BasePlugin$Companion$createAndroidJdkImageConfiguration$1: loaded 3 times (x 76B)
Class org.jetbrains.kotlin.gradle.dsl.KotlinCommonCompilerToolOptions                 : loaded 3 times (x 72B)
Class org.jetbrains.kotlin.gradle.plugin.internal.DefaultConfigurationCacheStartParameterAccessorVariantFactory: loaded 3 times (x 78B)
Class org.jetbrains.kotlin.gradle.internal.properties.PropertiesBuildService$Companion$registerIfAbsent$1: loaded 3 times (x 77B)
Class com.android.build.gradle.internal.scope.DelayedActionsExecutor                  : loaded 3 times (x 74B)
Class kotlin.sequences.SequencesKt__SequencesJVMKt                                    : loaded 3 times (x 73B)
Class kotlin.collections.AbstractList                                                 : loaded 3 times (x 199B)
Class kotlin.collections.AbstractCollection                                           : loaded 3 times (x 119B)
Class com.android.build.gradle.internal.core.InternalBaseVariant                      : loaded 3 times (x 72B)
Class com.android.build.gradle.internal.ide.v2.AaptOptionsImpl$Companion              : loaded 3 times (x 73B)
Class com.android.build.api.variant.HasUnitTestBuilder                                : loaded 3 times (x 72B)
Class com.android.build.gradle.internal.ide.v2.AndroidProjectImpl$Companion           : loaded 3 times (x 73B)
Class com.android.build.api.dsl.CompileSdkReleaseSpec                                 : loaded 3 times (x 72B)
Class com.android.build.gradle.internal.plugins.DslContainerProvider$lock$4           : loaded 3 times (x 77B)
Class com.android.build.gradle.internal.dependency.MockableJarTransform$Parameters$Inject_: loaded 3 times (x 112B)
Class com.android.build.api.component.impl.features.OptimizationCreationConfigImpl    : loaded 3 times (x 87B)
Class com.android.build.api.variant.InternalSources                                   : loaded 3 times (x 72B)
Class com.android.build.api.variant.impl.CodeTransparencyImpl                         : loaded 3 times (x 77B)
Class com.android.build.gradle.internal.dependency.VariantDependencies$WhenMappings   : loaded 3 times (x 73B)
Class [Lcom.android.build.gradle.tasks.MergeResources$Flag;                           : loaded 3 times (x 71B)
Class com.android.build.api.variant.JniLibsTestedApkPackaging                         : loaded 3 times (x 72B)
Class com.android.build.gradle.internal.scope.InternalArtifactType$JAVA_RES           : loaded 3 times (x 76B)
Class com.android.build.gradle.internal.ide.v2.ApiVersionImpl$Companion               : loaded 3 times (x 73B)
Class com.android.build.gradle.options.ApiStage$Deprecated                            : loaded 3 times (x 74B)
Class [Lorg.jetbrains.kotlin.build.report.metrics.BuildAttributeKind;                 : loaded 3 times (x 71B)
Class org.jetbrains.kotlin.gradle.tasks.K2MultiplatformStructure                      : loaded 3 times (x 76B)
Class com.android.sdklib.repository.targets.OptionalLibraryImpl                       : loaded 3 times (x 86B)
Class com.android.ide.common.blame.SourceFileJsonTypeAdapter                          : loaded 3 times (x 77B)
Class com.sun.xml.bind.v2.runtime.unmarshaller.DefaultIDResolver$1                    : loaded 3 times (x 78B)
Class com.sun.xml.bind.v2.runtime.reflect.Accessor$FieldReflection                    : loaded 3 times (x 87B)
Class com.sun.xml.bind.v2.model.runtime.RuntimeNonElementRef                          : loaded 3 times (x 72B)
Class com.sun.xml.bind.v2.runtime.unmarshaller.Base64Data                             : loaded 3 times (x 93B)
Class com.android.build.gradle.internal.scope.InternalArtifactType$COMPILED_LOCAL_RESOURCES: loaded 3 times (x 76B)
Class com.android.build.gradle.internal.scope.InternalArtifactType$JAVA_RES_COMPRESSED_JAR: loaded 3 times (x 76B)
Class com.android.build.gradle.internal.SdkLibDataFactory$Environment                 : loaded 3 times (x 74B)
Class com.android.build.gradle.internal.test.TestDataImpl                             : loaded 3 times (x 111B)
Class com.android.build.gradle.internal.tasks.BundleIdeModelProducerTask              : loaded 3 times (x 338B)
Class org.jetbrains.kotlin.gradle.plugin.mpp.compilationImpl.KotlinCompilationSourceSetsContainer: loaded 3 times (x 72B)
Class org.jetbrains.kotlin.gradle.plugin.diagnostics.KotlinToolingDiagnosticsCollector$Parameter: loaded 3 times (x 72B)
Class org.jetbrains.kotlin.gradle.plugin.diagnostics.KotlinToolingDiagnosticsCollectorKt$kotlinToolingDiagnosticsCollectorProvider$1: loaded 3 times (x 77B)
Class org.jetbrains.kotlin.compilerRunner.CompilerSystemPropertiesService$Parameters  : loaded 3 times (x 72B)
Class com.android.build.api.artifact.ScopedArtifact                                   : loaded 3 times (x 76B)
Class com.android.build.api.component.impl.features.RenderscriptCreationConfigImpl    : loaded 3 times (x 79B)
Class com.android.build.api.variant.ApplicationAndroidResourcesBuilder                : loaded 3 times (x 72B)
Class com.android.build.gradle.internal.ide.v2.ModelBuilder                           : loaded 3 times (x 82B)
Class com.google.wireless.android.sdk.stats.GradleBuildProject$2                      : loaded 3 times (x 153B)
Class com.google.wireless.android.sdk.stats.JavaProcessStatsOrBuilder                 : loaded 3 times (x 72B)
Class com.android.build.gradle.internal.dsl.JniLibsPackagingImpl$AgpDecorated         : loaded 3 times (x 95B)
Class com.android.build.api.artifact.ArtifactKind$FILE                                : loaded 3 times (x 74B)
Class com.android.build.gradle.internal.dsl.AnnotationProcessorOptions                : loaded 3 times (x 104B)
Class com.android.build.gradle.internal.dsl.AarMetadataImpl                           : loaded 3 times (x 95B)
Class com.android.build.gradle.internal.dsl.decorator.SupportedPropertyType$Var$Boolean: loaded 3 times (x 76B)
Class com.android.build.gradle.internal.dsl.VariantDimensionBinaryCompatibilityFix    : loaded 3 times (x 72B)
Class org.jetbrains.kotlin.gradle.plugin.ProjectLocalConfigurations                   : loaded 3 times (x 73B)
Class org.jetbrains.kotlin.gradle.plugin.mpp.KotlinUsages$KotlinUsagesDisambiguation  : loaded 3 times (x 78B)
Class org.jetbrains.kotlin.tooling.core.Extras$Key$Companion                          : loaded 3 times (x 73B)
Class org.jetbrains.kotlin.tooling.core.Extras$Key                                    : loaded 3 times (x 74B)
Class com.android.build.gradle.internal.utils.GradleEnvironmentProviderImpl           : loaded 3 times (x 78B)
Class com.google.protobuf.Internal$LongList                                           : loaded 3 times (x 72B)
Class com.google.gson.internal.$Gson$Types                                            : loaded 3 times (x 73B)
Class com.google.gson.JsonDeserializer                                                : loaded 3 times (x 72B)
Class com.android.prefs.AndroidPathLocator                                            : loaded 3 times (x 75B)
Class com.android.build.gradle.internal.services.ClassesHierarchyBuildService         : loaded 3 times (x 82B)
Class com.android.build.gradle.options.OptionalBooleanOption                          : loaded 3 times (x 87B)
Class com.android.build.gradle.internal.variant.ApplicationVariantFactory             : loaded 3 times (x 108B)
Class com.android.build.gradle.internal.dsl.DeclarativeApplicationExtensionImpl       : loaded 3 times (x 395B)
Class org.gradle.accessors.dm.LibrariesForLibsInPluginsBlock                          : loaded 3 times (x 83B)
Class org.jetbrains.kotlin.gradle.plugin.mpp.compilationImpl.factory.DefaultKotlinCompilationDependencyConfigurationsFactory: loaded 3 times (x 77B)
Class org.jetbrains.kotlin.gradle.plugin.mpp.KotlinCompilationFactory$DefaultImpls    : loaded 3 times (x 73B)
Class com.android.build.gradle.internal.tasks.CheckDuplicateClassesTask               : loaded 3 times (x 336B)
Class com.android.build.gradle.internal.tasks.BundleReportDependenciesTask            : loaded 3 times (x 337B)
Class com.android.build.gradle.internal.tasks.SdkDependencyDataGeneratorTask$CreationAction: loaded 3 times (x 92B)
Class com.android.build.gradle.tasks.ProcessTestManifestPackaging                     : loaded 3 times (x 338B)
Class com.android.build.api.variant.impl.TestVariantImpl                              : loaded 3 times (x 695B)
Class com.android.build.gradle.internal.cxx.configure.NdkLocator                      : loaded 3 times (x 74B)
Class com.android.build.gradle.internal.dependency.AarResourcesCompilerTransform$Inject_1: loaded 3 times (x 111B)
Class com.android.build.gradle.internal.utils.DesugarLibUtils                         : loaded 3 times (x 73B)
Class com.android.build.gradle.internal.dependency.DexingRegistration$ComponentSpecificParameters: loaded 3 times (x 74B)
Class com.android.build.gradle.internal.scope.InternalArtifactType$FULL_JAR           : loaded 3 times (x 76B)
Class com.android.build.gradle.internal.SdkDirectLoadingStrategy$Companion            : loaded 3 times (x 73B)
Class com.android.sdklib.repository.AndroidSdkHandler$Companion                       : loaded 3 times (x 73B)
Class com.android.sdklib.repository.meta.AddonFactory                                 : loaded 3 times (x 76B)
Class [Ljavax.xml.bind.annotation.XmlAccessOrder;                                     : loaded 3 times (x 71B)
Class kotlin.text.StringsKt__StringBuilderJVMKt                                       : loaded 3 times (x 73B)
Class javax.xml.bind.annotation.adapters.XmlJavaTypeAdapters                          : loaded 3 times (x 72B)
Class com.sun.xml.bind.v2.runtime.unmarshaller.Intercepter                            : loaded 3 times (x 72B)
Class com.google.gson.stream.JsonToken                                                : loaded 3 times (x 81B)
Class com.android.build.gradle.internal.profile.TaskProfilingRecord                   : loaded 3 times (x 77B)
Class com.android.build.gradle.internal.ide.v2.DependenciesInfoImpl                   : loaded 3 times (x 77B)
Class com.android.build.gradle.internal.ide.v2.AndroidGradlePluginProjectFlagsImpl$Companion: loaded 3 times (x 73B)
Class com.android.build.gradle.internal.tasks.factory.BootClasspathConfigImpl$mockableJarArtifact$2$1: loaded 3 times (x 77B)
Class com.android.build.gradle.internal.dependency.JdkImageTransformKt$registerJdkImageTransform$1: loaded 3 times (x 77B)
Class com.android.build.gradle.internal.dependency.JdkImageTransform$Inject_1         : loaded 3 times (x 112B)
Class com.android.build.gradle.internal.ide.v2.ModelBuilder$createAndroidArtifact$testInfo$1: loaded 3 times (x 79B)
Class com.android.build.gradle.internal.ide.dependencies.GraphEdgeCache               : loaded 3 times (x 72B)
Class com.android.build.gradle.internal.ide.dependencies.LibraryServiceKt             : loaded 3 times (x 73B)
Class kotlin.collections.MapsKt___MapsJvmKt                                           : loaded 3 times (x 73B)
Class com.android.build.gradle.internal.services.RunOnceBuildService                  : loaded 3 times (x 72B)
Class com.android.build.gradle.internal.services.GlobalServiceRegistrationAction$execute$1: loaded 3 times (x 77B)
Class org.jetbrains.kotlin.gradle.tasks.configuration.AbstractKotlinCompileConfig$1$4 : loaded 3 times (x 77B)
Class com.android.build.gradle.internal.ide.v2.BasicVariantImpl                       : loaded 3 times (x 86B)
Class [Lcom.sun.xml.bind.v2.runtime.property.StructureLoaderBuilder;                  : loaded 3 times (x 71B)
Class com.sun.xml.bind.v2.model.impl.RuntimeBuiltinLeafInfoImpl$26                    : loaded 3 times (x 138B)
Class com.sun.xml.bind.v2.model.impl.RuntimeBuiltinLeafInfoImpl$10$1                  : loaded 3 times (x 358B)
Class com.sun.xml.bind.v2.runtime.BinderImpl                                          : loaded 3 times (x 88B)
Class com.sun.xml.bind.v2.model.core.TypeInfo                                         : loaded 3 times (x 72B)
Class com.android.sdklib.repository.generated.common.v3.LibraryType                   : loaded 3 times (x 92B)
Class com.android.build.gradle.internal.PlatformComponents                            : loaded 3 times (x 74B)
Class com.android.build.gradle.internal.scope.InternalArtifactType$TEST_FIXTURES_LINT_PARTIAL_RESULTS: loaded 3 times (x 76B)
Class com.android.build.gradle.internal.utils.D8BackportedMethodsGenerator            : loaded 3 times (x 80B)
Class com.android.build.gradle.internal.cxx.logging.IssueReporterLoggingEnvironmentKt : loaded 3 times (x 73B)
Class com.android.build.gradle.tasks.ProcessTestManifestPackaging$CreationAction$handleProvider$1: loaded 3 times (x 133B)
Class com.android.build.gradle.internal.AndroidTestTaskManager$createVariantPreBuildTask$1: loaded 3 times (x 76B)
Class com.android.build.gradle.internal.scope.InternalArtifactType$D8_METADATA        : loaded 3 times (x 76B)
Class com.android.build.gradle.internal.tasks.OptimizeResourcesTask                   : loaded 3 times (x 342B)
Class com.android.build.gradle.internal.tasks.BundleToApkTask$CreationAction$handleProvider$1: loaded 3 times (x 133B)
Class com.android.build.gradle.internal.tasks.FinalizeBundleTask                      : loaded 3 times (x 342B)
Class org.jetbrains.kotlin.gradle.plugin.sources.DefaultKotlinSourceSetKt             : loaded 3 times (x 73B)
Class com.android.build.gradle.internal.scope.InternalArtifactType$STABLE_RESOURCE_IDS_FILE: loaded 3 times (x 76B)
Class com.android.build.api.component.impl.features.AndroidResourcesCreationConfigImpl: loaded 3 times (x 92B)
Class org.jetbrains.kotlin.gradle.plugin.internal.CustomPropertiesFileValueSource$Inject_: loaded 3 times (x 115B)
Class com.android.builder.core.DefaultApiVersion                                      : loaded 3 times (x 79B)
Class com.android.build.gradle.internal.core.dsl.features.OptimizationDslInfo         : loaded 3 times (x 72B)
Class com.android.build.gradle.internal.utils.SdkUtilsKt                              : loaded 3 times (x 73B)
Class com.android.build.gradle.internal.lint.AndroidLintGlobalTask$GlobalCreationAction: loaded 3 times (x 93B)
Class com.android.build.gradle.internal.api.VariantFilter                             : loaded 3 times (x 82B)
Class com.android.build.gradle.internal.dsl.BundleOptionsTexture$AgpDecorated         : loaded 3 times (x 87B)
Class com.android.build.api.dsl.ManagedVirtualDevice                                  : loaded 3 times (x 72B)
Class com.android.build.gradle.internal.dsl.TestFixturesImpl_Decorated                : loaded 3 times (x 129B)
Class com.android.build.api.dsl.SdkComponents                                         : loaded 3 times (x 72B)
Class com.android.build.gradle.internal.coverage.JacocoOptions                        : loaded 3 times (x 87B)
Class com.android.build.api.artifact.ArtifactKind$DIRECTORY                           : loaded 3 times (x 74B)
Class org.jetbrains.kotlin.gradle.plugin.PropertiesProvider$booleanPropertyWithDeprecatedValues$1: loaded 3 times (x 80B)
Class org.jetbrains.kotlin.gradle.internal.ClassLoadersCachingBuildService$Companion$registerIfAbsent$2$1$1: loaded 3 times (x 77B)
Class com.google.common.util.concurrent.AbstractFuture$SynchronizedHelper             : loaded 3 times (x 80B)
Class com.android.build.api.dsl.TestOptions                                           : loaded 3 times (x 72B)
Class com.android.build.api.dsl.AbiSplit                                              : loaded 3 times (x 72B)
Class com.android.build.api.dsl.LibraryVariantDimension                               : loaded 3 times (x 72B)
Class org.jetbrains.kotlin.gradle.plugin.mpp.HierarchyAttributeContainer$1            : loaded 3 times (x 80B)
Class org.jetbrains.kotlin.gradle.dsl.ToolchainSupport                                : loaded 3 times (x 72B)
Class org.jetbrains.kotlin.gradle.targets.native.KonanPropertiesBuildService$Companion$registerIfAbsent$1: loaded 3 times (x 77B)
Class org.jetbrains.kotlin.gradle.plugin.KotlinJsPluginWrapper                        : loaded 3 times (x 88B)
Class org.jetbrains.kotlin.gradle.plugin.mpp.InternalKotlinTarget                     : loaded 3 times (x 72B)
Class org.jetbrains.kotlin.gradle.dsl.KotlinJvmOptions                                : loaded 3 times (x 72B)
Class com.android.build.gradle.internal.services.FakeDependencyJarBuildService$RegistrationAction: loaded 3 times (x 76B)
Class com.android.utils.EnvironmentProvider                                           : loaded 3 times (x 72B)
Class com.google.protobuf.InvalidProtocolBufferException                              : loaded 3 times (x 89B)
Class com.google.common.collect.EnumHashBiMap                                         : loaded 3 times (x 161B)
Class com.android.build.api.instrumentation.manageddevice.ManagedDeviceRegistry       : loaded 3 times (x 72B)
Class com.android.build.gradle.internal.packaging.GradleKeystoreHelper                : loaded 3 times (x 73B)
Class com.android.build.gradle.internal.services.R8D8ThreadPoolBuildService$Companion : loaded 3 times (x 73B)
Class com.android.build.gradle.internal.dsl.JavaCompileOptions                        : loaded 3 times (x 84B)
Class com.android.SdkConstants                                                        : loaded 3 times (x 73B)
Class [Lcom.android.tools.analytics.Environment$EnvironmentVariable;                  : loaded 3 times (x 71B)
Class com.android.build.gradle.internal.dsl.OptimizationImpl                          : loaded 3 times (x 88B)
Class com.android.build.gradle.internal.dsl.decorator.annotation.NonNullableSetter    : loaded 3 times (x 72B)
Class com.android.build.api.dsl.DeviceGroup                                           : loaded 3 times (x 72B)
Class com.android.build.gradle.internal.dsl.BundleOptionsLanguage$AgpDecorated_Decorated: loaded 3 times (x 127B)
Class org.jetbrains.kotlin.gradle.utils.FileUtilsKt                                   : loaded 3 times (x 73B)
Class org.jetbrains.kotlin.tooling.core.MutableExtrasImpl                             : loaded 3 times (x 167B)
Class org.jetbrains.kotlin.gradle.tasks.CompilerPluginOptions                         : loaded 3 times (x 74B)
Class com.android.build.gradle.internal.dependency.VariantDependencies$getAdditionalArtifacts$1: loaded 3 times (x 77B)
Class com.google.common.graph.SuccessorsFunction                                      : loaded 3 times (x 72B)
Class com.android.build.gradle.internal.ide.v2.BuildTypeImpl$Companion                : loaded 3 times (x 73B)
Class [Lcom.android.build.gradle.internal.dsl.decorator.SupportedPropertyType;        : loaded 3 times (x 71B)
Class com.android.build.api.dsl.MaxSdkVersion                                         : loaded 3 times (x 72B)
Class com.android.build.api.dsl.AgpTestSuite                                          : loaded 3 times (x 72B)
Class com.android.build.gradle.internal.dsl.CompileSdkBetaSpecImpl                    : loaded 3 times (x 83B)
Class com.android.build.gradle.internal.dsl.decorator.annotation.RuntimeGuardedExperimentalApi: loaded 3 times (x 72B)
Class com.android.build.gradle.internal.api.artifact.SourceArtifactType               : loaded 3 times (x 76B)
Class com.google.wireless.android.sdk.stats.GradleProjectOptionsSettings              : loaded 3 times (x 221B)
Class org.jetbrains.kotlin.gradle.tasks.configuration.AbstractKotlinCompileConfig$1$5 : loaded 3 times (x 78B)
Class com.android.build.gradle.internal.api.DefaultAndroidLibrarySourceSet            : loaded 3 times (x 234B)
Class [Lcom.google.gson.stream.JsonToken;                                             : loaded 3 times (x 71B)
Class com.sun.xml.bind.v2.runtime.unmarshaller.SAXConnector                           : loaded 3 times (x 103B)
Class com.android.sdklib.repository.generated.common.v3.ApiDetailsType                : loaded 3 times (x 115B)
Class [Lcom.sun.xml.bind.v2.model.annotation.Locatable;                               : loaded 3 times (x 71B)
Class com.sun.xml.bind.v2.model.impl.RuntimeBuiltinLeafInfoImpl$27                    : loaded 3 times (x 138B)
Class com.sun.xml.bind.v2.model.impl.ModelBuilder                                     : loaded 3 times (x 94B)
Class com.android.repository.impl.generated.generic.v1.ObjectFactory                  : loaded 3 times (x 77B)
Class com.android.repository.impl.generated.v1.ChannelRefType                         : loaded 3 times (x 79B)
Class com.android.build.gradle.internal.SdkComponentsBuildService$VersionedSdkLoader$adbExecutableProvider$1: loaded 3 times (x 77B)
Class com.android.build.gradle.internal.tasks.TestPreBuildTask                        : loaded 3 times (x 338B)
Class com.android.build.gradle.internal.tasks.MergeStartupProfileTask$CreationAction$handleProvider$1: loaded 3 times (x 133B)
Class com.android.build.gradle.internal.tasks.featuresplit.FeatureSetMetadataWriterTask$CreationAction$handleProvider$1: loaded 3 times (x 133B)
Class com.android.build.gradle.tasks.PackageApplication$CreationAction$handleProvider$operationRequest$1: loaded 3 times (x 133B)
Class com.android.build.api.variant.impl.SigningConfigImpl$storeFile$1                : loaded 3 times (x 76B)
Class com.android.build.gradle.internal.tasks.factory.features.DexingTaskCreationAction: loaded 3 times (x 72B)
Class org.jetbrains.kotlin.gradle.plugin.hierarchy.KotlinSourceSetTreeClassifier$Property: loaded 3 times (x 74B)
Class org.jetbrains.kotlin.gradle.dsl.KotlinCommonCompilerOptionsHelper               : loaded 3 times (x 73B)
Class com.android.build.gradle.tasks.MergeSourceSetFolders$MergeAssetCreationAction$handleProvider$1: loaded 3 times (x 133B)
Class com.android.build.gradle.internal.scope.InternalArtifactType$COMPILED_NAVIGATION_RES: loaded 3 times (x 76B)
Class com.android.build.gradle.internal.VariantTaskManager$createTasks$1              : loaded 3 times (x 77B)
Class com.android.build.gradle.internal.tasks.ModuleMetadataWriterTask$CreationAction : loaded 3 times (x 92B)
Class com.android.build.gradle.internal.core.dsl.impl.DslInfoCommonKt$getTestComponentNamespace$2$1: loaded 3 times (x 77B)
Class com.android.build.api.variant.impl.ApplicationVariantImpl$addVariantOutput$1    : loaded 3 times (x 77B)
Class com.android.build.gradle.internal.component.legacy.OldVariantApiLegacySupport   : loaded 3 times (x 72B)
Class com.android.build.api.variant.ScopedArtifacts$Scope                             : loaded 3 times (x 81B)
Class com.android.build.gradle.internal.CompileOptions$AgpDecorated                   : loaded 3 times (x 99B)
Class com.android.build.gradle.internal.dsl.AbiSplitOptions$AgpDecorated_Decorated    : loaded 3 times (x 146B)
Class com.android.build.gradle.internal.dsl.BundleOptions$AgpDecorated_Decorated      : loaded 3 times (x 196B)
Class com.android.build.gradle.internal.dsl.BuildFeaturesImpl                         : loaded 3 times (x 112B)
Class com.android.build.gradle.internal.dsl.ExternalNativeNdkBuildOptions             : loaded 3 times (x 111B)
Class com.android.build.gradle.internal.dsl.CmakeOptions                              : loaded 3 times (x 100B)
Class com.android.build.gradle.internal.dsl.BundleOptionsCountrySet$AgpDecorated_Decorated: loaded 3 times (x 132B)
Class com.google.wireless.android.sdk.stats.GradleBuildVariant$VariantType$1          : loaded 3 times (x 78B)
Class org.jetbrains.kotlin.gradle.internal.properties.PropertiesBuildService$property$1$valueFromGradleAndLocalProperties$1: loaded 3 times (x 77B)
Class org.jetbrains.kotlin.gradle.plugin.KotlinPluginWrapperKt$kotlinToolingVersion$2 : loaded 3 times (x 80B)
Class com.android.build.gradle.internal.errors.OptionInfo                             : loaded 3 times (x 74B)
Class com.android.build.gradle.internal.services.AndroidLocationsBuildService$AndroidDirectoryCreator$Params_Decorated: loaded 3 times (x 134B)
Class com.android.build.gradle.internal.ide.v2.GlobalSyncService$RegistrationAction   : loaded 3 times (x 76B)
Class com.android.build.gradle.internal.ide.dependencies.MavenCoordinatesCacheBuildService$Parameters: loaded 3 times (x 72B)
Class com.google.protobuf.Extension                                                   : loaded 3 times (x 87B)
Class com.google.wireless.android.sdk.stats.GradleBuildProfile                        : loaded 3 times (x 249B)
Class com.google.protobuf.MessageOrBuilder                                            : loaded 3 times (x 72B)
Class com.android.build.gradle.internal.dsl.VcsInfoImpl$AgpDecorated                  : loaded 3 times (x 83B)
Class com.android.build.api.artifact.impl.SingleInitialProviderRequestImpl$on$1       : loaded 3 times (x 77B)
Class com.android.build.gradle.internal.plugins.DslContainerProvider$lock$3           : loaded 3 times (x 76B)
Class com.android.build.gradle.internal.dependency.VariantDependencies                : loaded 3 times (x 78B)
Class com.android.build.api.variant.impl.VariantOutputConfigurationImplKt$WhenMappings: loaded 3 times (x 73B)
Class com.android.build.gradle.internal.core.dsl.AndroidTestComponentDslInfo          : loaded 3 times (x 72B)
Class com.android.build.api.variant.VariantExtensionConfig                            : loaded 3 times (x 72B)
Class kotlin.comparisons.ComparisonsKt__ComparisonsKt                                 : loaded 3 times (x 73B)
Class kotlin.ranges.RangesKt__RangesKt                                                : loaded 3 times (x 73B)
Class kotlin.collections.SetsKt___SetsKt                                              : loaded 3 times (x 73B)
Class kotlin.sequences.SequencesKt__SequencesKt                                       : loaded 3 times (x 73B)
Class org.gradle.kotlin.dsl.AndroidTestImplementationConfigurationAccessorsKt         : loaded 3 times (x 73B)
Class com.android.build.api.component.impl.MutableListBackedUpWithListProperty        : loaded 3 times (x 207B)
Class com.android.build.gradle.internal.scope.InternalArtifactType$ANDROID_RES_SOURCE_SET_PATH_MAP: loaded 3 times (x 76B)
Class com.android.build.gradle.internal.ide.v2.GraphItemImpl                          : loaded 3 times (x 79B)
Class com.google.common.io.Files$FileByteSink                                         : loaded 3 times (x 79B)
Class com.android.build.gradle.internal.tasks.ProcessJavaResTaskKt$getProjectJavaRes$2$1: loaded 3 times (x 76B)
Class com.google.wireless.android.sdk.stats.AndroidStudioEventOrBuilder               : loaded 3 times (x 72B)
Class com.android.build.gradle.internal.dsl.CompileSdkSpecImpl$AgpDecorated_Decorated : loaded 3 times (x 142B)
Class com.android.build.gradle.internal.core.VariantSources                           : loaded 3 times (x 75B)
Class com.android.build.gradle.internal.ide.v2.JavaCompileOptionsImpl$Companion       : loaded 3 times (x 73B)
Class com.android.build.api.variant.impl.DexPackagingOptionsImpl                      : loaded 3 times (x 77B)
Class com.android.build.gradle.internal.tasks.MergeNativeLibsTaskKt                   : loaded 3 times (x 73B)
Class com.android.build.gradle.internal.scope.InternalArtifactType$COMPILE_APP_CLASSES_JAR: loaded 3 times (x 76B)
Class org.jetbrains.kotlin.gradle.plugin.diagnostics.KotlinToolingDiagnosticsCollector: loaded 3 times (x 78B)
Class org.jetbrains.kotlin.compose.compiler.gradle.ComposeCompilerGradleSubplugin$applyToCompilation$allPluginProperties$1$9: loaded 3 times (x 78B)
Class com.android.build.gradle.internal.scope.InternalArtifactType$EXTERNAL_FILE_LIB_DEX_ARCHIVES: loaded 3 times (x 76B)
Class com.android.build.gradle.internal.tasks.ExtractNativeDebugMetadataTask          : loaded 3 times (x 341B)
Class com.android.build.gradle.tasks.ProcessTestManifest                              : loaded 3 times (x 363B)
Class com.android.build.api.variant.impl.ResSourceDirectoriesImpl                     : loaded 3 times (x 94B)
Class org.jetbrains.kotlin.gradle.tasks.configuration.AbstractKotlinCompileConfig$1$6 : loaded 3 times (x 77B)
Class [Lorg.jetbrains.kotlin.gradle.tasks.KotlinCompilerExecutionStrategy;            : loaded 3 times (x 71B)
Class org.jetbrains.kotlin.gradle.tasks.FailedCompilationException                    : loaded 3 times (x 84B)
Class com.android.build.gradle.internal.res.GenerateLibraryRFileTask_Decorated        : loaded 3 times (x 410B)
Class com.android.build.api.variant.ApkPackaging                                      : loaded 3 times (x 72B)
Class com.sun.xml.bind.v2.runtime.unmarshaller.UnmarshallerImpl                       : loaded 3 times (x 141B)
Class com.sun.xml.bind.v2.runtime.property.StructureLoaderBuilder                     : loaded 3 times (x 72B)
Class com.android.sdklib.repository.generated.addon.v1.ExtraDetailsType               : loaded 3 times (x 87B)
Class com.sun.xml.bind.v2.model.impl.RuntimeElementPropertyInfoImpl                   : loaded 3 times (x 141B)
Class com.sun.xml.bind.v2.model.impl.RuntimeBuiltinLeafInfoImpl$28                    : loaded 3 times (x 78B)
Class [Lcom.sun.xml.bind.v2.util.QNameMap$Entry;                                      : loaded 3 times (x 71B)
Class com.sun.xml.bind.unmarshaller.InfosetScanner                                    : loaded 3 times (x 72B)
Class [Lcom.android.build.gradle.internal.scope.InternalArtifactType;                 : loaded 3 times (x 71B)
Class com.android.build.gradle.internal.scope.InternalArtifactType$PREFAB_PACKAGE_CONFIGURATION: loaded 3 times (x 76B)
Class com.android.build.gradle.internal.api.TestVariantImpl                           : loaded 3 times (x 264B)
Class com.android.build.gradle.internal.dependency.ExtractProGuardRulesTransform$Parameters_Decorated: loaded 3 times (x 137B)
Class com.android.tools.utp.gradle.api.UtpDependency                                  : loaded 3 times (x 81B)
Class com.android.build.gradle.tasks.PackageApplication$CreationAction$handleProvider$operationRequest$2: loaded 3 times (x 133B)
Class org.jetbrains.kotlin.compose.compiler.gradle.ComposeCompilerGradleSubplugin$applyToCompilation$allPluginProperties$1$1: loaded 3 times (x 76B)
Class org.jetbrains.kotlin.gradle.utils.ProjectExtensionsKt                           : loaded 3 times (x 73B)
Class org.jetbrains.kotlin.gradle.plugin.hierarchy.KotlinSourceSetTreeClassifier      : loaded 3 times (x 72B)
Class org.jetbrains.kotlin.gradle.plugin.mpp.KotlinNativeTarget                       : loaded 3 times (x 169B)
Class org.jetbrains.kotlin.gradle.plugin.mpp.compilationImpl.KotlinCompilationAssociator: loaded 3 times (x 72B)
Class com.android.build.api.variant.impl.JniLibsApkPackagingImpl                      : loaded 3 times (x 88B)
Class com.android.build.api.variant.DexPackagingOptions                               : loaded 3 times (x 72B)
Class com.android.build.gradle.internal.tasks.CheckAarMetadataTask$CreationAction$handleProvider$1: loaded 3 times (x 133B)
Class com.android.build.api.artifact.SingleArtifact$ASSETS                            : loaded 3 times (x 76B)
Class com.android.build.gradle.internal.dependency.AndroidAttributes                  : loaded 3 times (x 74B)
Class com.android.build.gradle.internal.AndroidTestTaskManager$createTopLevelTasks$1  : loaded 3 times (x 76B)
Class com.android.build.gradle.internal.tasks.CompressAssetsTask$CreationAction       : loaded 3 times (x 92B)
Class com.android.build.gradle.tasks.CompileNavigationXmlTask$CreationAction          : loaded 3 times (x 93B)
Class com.android.build.gradle.internal.publishing.AndroidArtifacts$ArtifactType      : loaded 3 times (x 81B)
Class com.android.build.api.variant.impl.HasTestFixtures                              : loaded 3 times (x 72B)
Class com.android.build.gradle.internal.tasks.ExtractProguardFiles$CreationAction     : loaded 3 times (x 92B)
Class com.android.build.gradle.internal.component.features.RenderscriptCreationConfig : loaded 3 times (x 72B)
Class com.android.build.gradle.internal.dsl.BundleOptionsAiModelVersion$AgpDecorated_Decorated: loaded 3 times (x 132B)
Class com.android.build.gradle.internal.variant.LegacyVariantInputManager$1           : loaded 3 times (x 77B)
Class com.android.builder.internal.BaseConfigImpl$Companion                           : loaded 3 times (x 73B)
Class android.databinding.tool.processing.ScopedException                             : loaded 3 times (x 88B)
Class com.android.ide.common.gradle.DEV                                               : loaded 3 times (x 79B)
Class org.jetbrains.kotlin.gradle.plugin.KotlinSourceSetTree$Companion                : loaded 3 times (x 73B)
Class org.jetbrains.kotlin.gradle.plugin.KotlinGradleBuildServices$Parameters         : loaded 3 times (x 72B)
Class com.android.build.gradle.internal.UnitTestTaskManager                           : loaded 3 times (x 84B)
Class com.android.build.gradle.internal.TaskManager$createAnchorTasks$1               : loaded 3 times (x 77B)
Class com.android.build.gradle.internal.errors.DeprecationReporter$DeprecationTarget  : loaded 3 times (x 81B)
Class com.android.build.gradle.internal.core.dsl.TestedVariantDslInfo                 : loaded 3 times (x 72B)
Class com.android.build.gradle.internal.variant.AbstractAppVariantFactory             : loaded 3 times (x 108B)
Class com.android.build.gradle.internal.scope.InternalArtifactType$UNIT_TEST_CONFIG_DIRECTORY: loaded 3 times (x 76B)
Class com.android.build.gradle.internal.dependency.IdentityTransform$Parameters_Decorated: loaded 3 times (x 137B)
Class com.android.build.gradle.internal.scope.InternalArtifactType$LINT_VITAL_LINT_MODEL: loaded 3 times (x 76B)
Class com.android.repository.impl.generated.v1.DependenciesType                       : loaded 3 times (x 77B)
Class com.android.repository.impl.generated.generic.v2.ObjectFactory                  : loaded 3 times (x 77B)
Class com.sun.xml.bind.v2.model.runtime.RuntimeArrayInfo                              : loaded 3 times (x 72B)
Class com.sun.xml.bind.v2.model.impl.TypeInfoSetImpl$1                                : loaded 3 times (x 82B)
Class com.sun.xml.bind.v2.model.impl.ElementPropertyInfoImpl                          : loaded 3 times (x 124B)
Class com.sun.xml.bind.v2.runtime.reflect.Accessor$SetterOnlyReflection               : loaded 3 times (x 87B)
Class kotlin.comparisons.ComparisonsKt                                                : loaded 3 times (x 73B)
Class kotlin.comparisons.ComparisonsKt___ComparisonsKt                                : loaded 3 times (x 73B)
Class kotlin.sequences.FilteringSequence                                              : loaded 3 times (x 77B)
Class com.android.build.gradle.internal.scope.InternalArtifactType$NAVIGATION_JSON    : loaded 3 times (x 76B)
Class com.sun.xml.bind.v2.runtime.unmarshaller.StructureLoader                        : loaded 3 times (x 80B)
Class org.jetbrains.kotlin.incremental.IncrementalCompilationFeatures                 : loaded 3 times (x 73B)
Class com.android.build.gradle.internal.ide.v2.ProjectSyncIssuesImpl$Companion        : loaded 3 times (x 73B)
Class com.android.build.gradle.internal.ide.v2.LibraryInfoImpl$toKeyComponent$$inlined$sortedBy$1: loaded 3 times (x 91B)
Class com.android.build.gradle.tasks.ExtractDeepLinksTask$BaseCreationAction$configure$1$1: loaded 3 times (x 76B)
Class com.android.build.gradle.internal.tasks.ProcessJavaResTaskKt$getProjectJavaRes$2$2: loaded 3 times (x 76B)
Class com.android.build.gradle.internal.cxx.configure.NativeModelBuilderOutcome$Outcome: loaded 3 times (x 89B)
Class com.android.build.gradle.internal.lint.CustomLintCheckUtils                     : loaded 3 times (x 73B)
Class com.android.build.gradle.tasks.ProcessManifestForBundleTask$CreationAction      : loaded 3 times (x 92B)
Class org.jetbrains.kotlin.gradle.tasks.KotlinCompile$javaSources$1                   : loaded 3 times (x 77B)
Class com.android.build.gradle.internal.ide.v2.EdgeImpl$Companion                     : loaded 3 times (x 73B)
Class kotlin.jvm.functions.Function2                                                  : loaded 3 times (x 72B)
Class com.android.build.gradle.internal.variant.VariantFactory                        : loaded 3 times (x 72B)
Class com.android.build.gradle.internal.core.dsl.VariantDslInfo                       : loaded 3 times (x 72B)
Class com.android.build.gradle.internal.variant.DimensionCombination                  : loaded 3 times (x 72B)
Class com.android.build.gradle.internal.core.dsl.ApplicationVariantDslInfo            : loaded 3 times (x 72B)
Class [Lcom.android.builder.errors.IssueReporter$Type;                                : loaded 3 times (x 71B)
Class com.google.gson.InstanceCreator                                                 : loaded 3 times (x 72B)
Class org.jetbrains.kotlin.compilerRunner.CompilerSystemPropertiesService$Companion   : loaded 3 times (x 73B)
Class org.jetbrains.kotlin.gradle.plugin.mpp.compilationImpl.factory.KotlinJvmCompilerOptionsFactory$create$compilerOptions$1: loaded 3 times (x 79B)
Class com.sun.xml.bind.api.impl.NameConverter                                         : loaded 3 times (x 72B)
Class com.sun.xml.bind.v2.model.core.NonElement                                       : loaded 3 times (x 72B)
Class com.sun.xml.bind.v2.ContextFactory                                              : loaded 3 times (x 73B)
Class com.android.repository.impl.meta.SchemaModuleUtil                               : loaded 3 times (x 73B)
Class com.android.sdklib.repository.generated.common.v4.package-info                  : loaded 3 times (x 72B)
Class com.android.build.gradle.internal.errors.SyncIssueReporterImpl$GlobalSyncIssueService$Inject_: loaded 3 times (x 104B)
Class org.jetbrains.kotlin.gradle.plugin.KotlinJsCompilerTypeHolder                   : loaded 3 times (x 72B)
Class com.android.build.gradle.internal.scope.BuildArtifactType$JAVA_COMPILE_CLASSPATH: loaded 3 times (x 76B)
Class com.android.build.gradle.api.SourceKind                                         : loaded 3 times (x 81B)
Class com.android.build.gradle.tasks.factory.AndroidUnitTest                          : loaded 3 times (x 584B)
Class [Lcom.android.build.gradle.internal.tasks.DeviceProviderInstrumentTestTask$CreationAction$Type;: loaded 3 times (x 71B)
Class com.android.build.api.artifact.SingleArtifact$VERSION_CONTROL_INFO_FILE         : loaded 3 times (x 76B)
Class org.jetbrains.kotlin.compose.compiler.gradle.ComposeCompilerGradleSubplugin$applyToCompilation$allPluginProperties$1$2: loaded 3 times (x 76B)
Class [Lorg.jetbrains.kotlin.gradle.plugin.HasProject;                                : loaded 3 times (x 71B)
Class org.jetbrains.kotlin.gradle.utils.MutableObservableSetImpl                      : loaded 3 times (x 165B)
Class org.jetbrains.kotlin.gradle.plugin.mpp.compilationImpl.KotlinCompilationSourceSetInclusion$AddSourcesToCompileTask: loaded 3 times (x 72B)
Class com.android.build.gradle.internal.scope.InternalArtifactType$JAVAC              : loaded 3 times (x 76B)
Class com.android.build.gradle.internal.res.GenerateLibraryRFileTask$CreationAction$handleProvider$1: loaded 3 times (x 133B)
Class com.android.build.api.artifact.impl.OperationRequestsImplKt                     : loaded 3 times (x 73B)
Class com.android.build.gradle.internal.AndroidTestTaskManager$createTopLevelTasks$2  : loaded 3 times (x 77B)
Class com.android.build.api.component.impl.ComponentIdentityImpl                      : loaded 3 times (x 80B)
Class com.android.build.gradle.internal.tasks.factory.GlobalTaskNamesImpl             : loaded 3 times (x 83B)
Class com.android.build.gradle.internal.services.FakeDependencyJarBuildService$Inject_: loaded 3 times (x 104B)
Class com.android.build.gradle.internal.variant.LegacyVariantInputManager$2           : loaded 3 times (x 76B)
Class com.android.build.gradle.internal.scope.InternalArtifactType$FEATURE_SET_METADATA: loaded 3 times (x 76B)
Class com.android.build.api.dsl.Splits                                                : loaded 3 times (x 72B)
Class com.android.build.gradle.internal.dsl.BundleOptionsStoreArchive                 : loaded 3 times (x 79B)
Class org.jetbrains.kotlin.gradle.dsl.DefaultToolchainSupport$wireToolchainToTasks$1  : loaded 3 times (x 77B)
Class org.jetbrains.kotlin.gradle.internal.properties.PropertiesBuildService$MemoizedCallable: loaded 3 times (x 77B)
Class org.jetbrains.kotlin.gradle.plugin.internal.DefaultMavenPublicationComponentAccessorFactory: loaded 3 times (x 78B)
Class org.jetbrains.kotlin.gradle.tasks.KotlinTasksProvider                           : loaded 3 times (x 74B)
Class org.jetbrains.kotlin.gradle.dsl.KotlinCommonCompilerOptions                     : loaded 3 times (x 72B)
Class com.google.protobuf.Reader                                                      : loaded 3 times (x 72B)
Class com.google.common.collect.Maps$UnmodifiableBiMap                                : loaded 3 times (x 155B)
Class com.android.builder.errors.IssueReporter$Companion                              : loaded 3 times (x 73B)
Class org.gradle.accessors.dm.LibrariesForLibsInPluginsBlock$KotlinPluginAccessors    : loaded 3 times (x 76B)
Class com.android.build.gradle.internal.tasks.PerModuleReportDependenciesTask$CreationAction$Companion: loaded 3 times (x 73B)
Class com.android.tools.analytics.AnalyticsSettingsData$Companion                     : loaded 3 times (x 73B)
Class com.android.build.gradle.internal.test.AbstractTestDataImpl                     : loaded 3 times (x 111B)
Class com.android.build.api.variant.impl.DirectoryEntries                             : loaded 3 times (x 74B)
Class com.android.builder.profile.ThreadRecorder                                      : loaded 3 times (x 78B)
Class org.jetbrains.kotlin.gradle.plugin.BuildFinishedListenerService$Companion$registerIfAbsent$1$1$1: loaded 3 times (x 77B)
Class org.jetbrains.kotlin.gradle.internal.properties.PropertiesBuildService          : loaded 3 times (x 78B)
Class org.jetbrains.kotlin.gradle.internal.properties.PropertiesBuildService$Params$Inject_: loaded 3 times (x 108B)
Class org.jetbrains.kotlin.gradle.plugin.GradleUtilsKt                                : loaded 3 times (x 73B)
Class com.android.build.gradle.internal.tasks.DeviceProviderInstrumentTestTask$CreationAction$Type: loaded 3 times (x 81B)
Class com.android.build.api.dsl.BundleCodeTransparency                                : loaded 3 times (x 72B)
Class com.android.build.api.dsl.BundleStoreArchive                                    : loaded 3 times (x 72B)
Class com.android.build.api.dsl.Ndk                                                   : loaded 3 times (x 72B)
Class com.android.build.gradle.internal.dependency.AarToClassTransform                : loaded 3 times (x 80B)
Class com.android.build.gradle.internal.dependency.AsmClassesTransform                : loaded 3 times (x 81B)
Class com.android.build.gradle.tasks.ExtractDeepLinksTask$BaseCreationAction$configure$1$2: loaded 3 times (x 76B)
Class com.android.build.gradle.internal.tasks.ProcessJavaResTaskKt$getProjectJavaRes$2$3: loaded 3 times (x 77B)
Class com.android.build.gradle.internal.dsl.DeviceGroupFactory                        : loaded 3 times (x 77B)
Class com.android.build.gradle.internal.dsl.ExternalNativeBuild$AgpDecorated_Decorated: loaded 3 times (x 146B)
Class com.android.builder.testing.api.DeviceProvider                                  : loaded 3 times (x 79B)
Class com.android.build.gradle.internal.cxx.configure.NativeModelBuilderOutcomeOrBuilder: loaded 3 times (x 72B)
Class com.android.build.gradle.ProguardFiles$ProguardFile                             : loaded 3 times (x 81B)
Class com.android.build.api.artifact.impl.PropertyAdapter                             : loaded 3 times (x 72B)
Class com.android.build.gradle.internal.plugins.DslContainerProvider$lock$2           : loaded 3 times (x 76B)
Class com.android.build.gradle.internal.core.dsl.impl.DslInfoBuilder                  : loaded 3 times (x 74B)
Class org.jetbrains.kotlin.build.report.metrics.BuildAttributes                       : loaded 3 times (x 74B)
Class com.android.build.gradle.tasks.JavaCompileKt                                    : loaded 3 times (x 73B)
Class com.sun.xml.bind.v2.runtime.unmarshaller.UnmarshallingContext$DefaultRootLoader : loaded 3 times (x 82B)
Class com.sun.xml.bind.v2.runtime.reflect.PrimitiveArrayListerLong                    : loaded 3 times (x 78B)
Class com.sun.xml.bind.v2.model.core.ClassInfo                                        : loaded 3 times (x 72B)
Class com.android.repository.impl.generated.v1.package-info                           : loaded 3 times (x 72B)
Class com.android.sdklib.repository.generated.addon.v4.package-info                   : loaded 3 times (x 72B)
Class com.android.build.gradle.internal.tasks.UnsafeOutputsTask                       : loaded 3 times (x 335B)
Class com.android.build.gradle.internal.dependency.RecalculateStackFramesTransform$Inject_1: loaded 3 times (x 112B)
Class com.android.build.gradle.internal.tasks.creationconfig.ProcessTestManifestCreationConfigKt: loaded 3 times (x 73B)
Class com.android.build.gradle.internal.tasks.PerModuleBundleTask$CreationAction$handleProvider$1: loaded 3 times (x 133B)
Class org.jetbrains.kotlin.compose.compiler.gradle.ComposeCompilerGradleSubplugin$applyToCompilation$allPluginProperties$1$3: loaded 3 times (x 77B)
Class org.jetbrains.kotlin.compose.compiler.gradle.internal.ComposeWithAgpConfig$AgpConfigurationProvider: loaded 3 times (x 72B)
Class org.jetbrains.kotlin.gradle.plugin.KotlinSourceSet$Companion                    : loaded 3 times (x 73B)
Class org.jetbrains.kotlin.gradle.plugin.mpp.compilationImpl.KotlinCompilationImpl    : loaded 3 times (x 142B)
Class [Lorg.jetbrains.kotlin.gradle.plugin.mpp.compilationImpl.factory.KotlinCompilationImplFactory$PostConfigure;: loaded 3 times (x 71B)
Class com.android.build.gradle.tasks.JavaCompileCreationAction                        : loaded 3 times (x 92B)
Class com.android.build.gradle.internal.res.GenerateLibraryRFileTask$CreationAction$handleProvider$2: loaded 3 times (x 133B)
Class com.android.build.gradle.tasks.MergeSourceSetFolders                            : loaded 3 times (x 347B)
Class com.android.build.gradle.internal.AndroidTestTaskManager$createTopLevelTasks$3  : loaded 3 times (x 76B)
Class com.android.build.gradle.internal.scope.HostTestBuildFeaturesValuesImpl         : loaded 3 times (x 102B)
Class com.android.build.gradle.internal.dependency.SourceTypeAttributeKt              : loaded 3 times (x 73B)
Class com.android.build.gradle.internal.dsl.PackagingOptions$AgpDecorated             : loaded 3 times (x 117B)
Class com.android.build.api.dsl.EmulatorControl                                       : loaded 3 times (x 72B)
Class com.android.build.gradle.internal.variant.LegacyVariantInputManager$3           : loaded 3 times (x 77B)
Class com.android.build.gradle.internal.dsl.AarMetadataImpl$AgpDecorated_Decorated    : loaded 3 times (x 145B)
Class com.android.build.gradle.internal.dsl.CompileSdkDelegate                        : loaded 3 times (x 91B)
Class com.android.build.gradle.internal.dsl.CoreNdkOptions                            : loaded 3 times (x 72B)
Class com.android.build.gradle.internal.dsl.decorator.AndroidPluginDslDecoratorKt     : loaded 3 times (x 73B)
Class com.android.build.gradle.internal.utils.KgpVersion$Companion                    : loaded 3 times (x 73B)
Class org.jetbrains.kotlin.konan.util.Named                                           : loaded 3 times (x 72B)
Class [Lorg.jetbrains.kotlin.gradle.report.BuildReportMode;                           : loaded 3 times (x 71B)
Class org.jetbrains.kotlin.gradle.plugin.AbstractKotlinAndroidPluginWrapper           : loaded 3 times (x 88B)
Class com.android.build.gradle.internal.services.BuiltInKotlinServices$AvailabilityReason$BuiltInKotlinBooleanOptionEnabled: loaded 3 times (x 73B)
Class com.google.protobuf.AbstractMessage$BuilderParent                               : loaded 3 times (x 72B)
Class com.google.common.base.CharMatcher$Ascii                                        : loaded 3 times (x 114B)
Class com.android.build.gradle.internal.publishing.PublishingSpecs$OutputSpec         : loaded 3 times (x 72B)
Class com.android.build.gradle.internal.SdkComponentsBuildService$VersionedSdkLoader$annotationsJarProvider$1: loaded 3 times (x 77B)
Class com.android.sdklib.repository.generated.addon.v3.LibrariesType                  : loaded 3 times (x 77B)
Class com.sun.xml.bind.api.RawAccessor                                                : loaded 3 times (x 75B)
Class com.sun.xml.bind.v2.model.impl.ClassInfoImpl                                    : loaded 3 times (x 138B)
Class com.android.build.gradle.internal.core.InternalBaseVariant$MergedFlavor         : loaded 3 times (x 72B)
Class com.android.build.gradle.internal.component.NestedComponentCreationConfig       : loaded 3 times (x 72B)
Class com.android.build.api.variant.TestedComponentPackaging                          : loaded 3 times (x 72B)
Class kotlin.jvm.internal.FunctionReferenceImpl                                       : loaded 3 times (x 124B)
Class org.jetbrains.kotlin.gradle.tasks.configuration.BaseKotlinCompileConfig$configureCommonParameters$2: loaded 3 times (x 77B)
Class org.jetbrains.kotlin.gradle.internal.IdeaKt$isInIdeaEnvironment$2               : loaded 3 times (x 76B)
Class [Lorg.jetbrains.kotlin.gradle.plugin.mpp.compilationImpl.DefaultKotlinCompilationFriendPathsResolver$FriendArtifactResolver;: loaded 3 times (x 71B)
Class kotlin.collections.CollectionsKt___CollectionsJvmKt                             : loaded 3 times (x 73B)
Class org.jetbrains.kotlin.gradle.plugin.mpp.compilationImpl.factory.DefaultKotlinCompilationSourceSetsContainerFactory$DefaultDefaultSourceSetNaming: loaded 3 times (x 76B)
Class [Lorg.jetbrains.kotlin.gradle.dsl.ExplicitApiMode;                              : loaded 3 times (x 71B)
Class com.android.build.gradle.tasks.ExtractDeepLinksTask_Decorated                   : loaded 3 times (x 393B)
Class com.android.build.gradle.internal.lint.CustomLintCheckUtils$getLocalCustomLintChecks$1$1: loaded 3 times (x 76B)
Class com.android.build.gradle.internal.ide.v2.BundleInfoImpl$Companion               : loaded 3 times (x 73B)
Class com.android.build.gradle.internal.AndroidJarInput_Decorated                     : loaded 3 times (x 130B)
Class org.jetbrains.kotlin.gradle.plugin.mpp.compilationImpl.KotlinCompilationCompilerOptionsFromTargetConfigurator: loaded 3 times (x 76B)
Class org.jetbrains.kotlin.compose.compiler.gradle.ComposeCompilerGradleSubplugin$applyToCompilation$allPluginProperties$1$8: loaded 3 times (x 78B)
Class com.sun.xml.bind.v2.model.impl.RuntimeBuiltinLeafInfoImpl$StringImpl            : loaded 3 times (x 136B)
Class com.android.build.gradle.internal.attribution.CheckJetifierBuildService$Parameters: loaded 3 times (x 72B)
Class com.android.build.gradle.internal.dependency.DexingOutputSplitTransformKt       : loaded 3 times (x 73B)
Class org.jetbrains.kotlin.gradle.dsl.KotlinTargetContainerWithWasmPresetFunctions    : loaded 3 times (x 72B)
Class com.android.sdklib.repository.meta.DetailsTypes$SourceDetailsType               : loaded 3 times (x 72B)
Class com.android.sdklib.repository.generated.sysimg.v1.package-info                  : loaded 3 times (x 72B)
Class org.jetbrains.kotlin.gradle.tasks.DefaultKotlinJavaToolchain$DefaultJavaToolchainSetter: loaded 3 times (x 77B)
Class org.jetbrains.kotlin.build.report.metrics.BuildAttributeKind                    : loaded 3 times (x 81B)
Class com.sun.xml.bind.AccessorFactoryImpl                                            : loaded 3 times (x 83B)
Class com.sun.xml.bind.v2.model.core.MapPropertyInfo                                  : loaded 3 times (x 72B)
Class javax.xml.bind.ModuleUtil                                                       : loaded 3 times (x 73B)
Class com.android.repository.impl.meta.RepoPackageImpl$Archives                       : loaded 3 times (x 74B)
Class com.android.sdklib.repository.meta.SysImgFactory                                : loaded 3 times (x 74B)
Class com.android.build.gradle.internal.services.VersionedSdkLoaderService$sam$java_util_concurrent_Callable$0: loaded 3 times (x 77B)
Class com.android.build.gradle.internal.dependency.DexingOutputSplitTransformKt$registerTransformWithOutputType$1$1: loaded 3 times (x 77B)
Class com.android.build.gradle.internal.utils.DesugarLibConfigExtractor$Inject_1      : loaded 3 times (x 111B)
Class com.android.build.gradle.internal.dependency.MockableJarTransform$Parameters    : loaded 3 times (x 72B)
Class com.android.build.gradle.internal.cxx.logging.LoggingEnvironment                : loaded 3 times (x 72B)
Class com.android.build.gradle.internal.scope.InternalArtifactType$GLOBAL_SYNTHETICS_MIXED_SCOPE: loaded 3 times (x 76B)
Class org.jetbrains.kotlin.compose.compiler.gradle.ComposeCompilerGradleSubplugin$applyToCompilation$allPluginProperties$1$4: loaded 3 times (x 76B)
Class org.jetbrains.kotlin.gradle.plugin.mpp.KotlinCompilationsKt$moduleNameForCompilation$1: loaded 3 times (x 77B)
Class org.jetbrains.kotlin.gradle.plugin.mpp.KotlinCompilationsKt$addSourcesToKotlinCompileTask$1: loaded 3 times (x 77B)
Class org.jetbrains.kotlin.gradle.plugin.diagnostics.TransformActionUsingKotlinToolingDiagnostics$Parameters: loaded 3 times (x 72B)
Class org.jetbrains.kotlin.compilerRunner.CompilerSystemPropertiesService$Companion$registerIfAbsent$2$1: loaded 3 times (x 81B)
Class com.android.build.gradle.internal.tasks.creationconfig.JavaCompileCreationConfigKt: loaded 3 times (x 73B)
Class com.android.build.gradle.internal.tasks.creationconfig.BaseJavaPreCompileTaskCreationConfig: loaded 3 times (x 106B)
Class com.android.build.gradle.internal.res.GenerateLibraryRFileTask$CreationAction$handleProvider$3: loaded 3 times (x 133B)
Class com.android.build.gradle.internal.TaskManager$MergeType$MERGE                   : loaded 3 times (x 82B)
Class com.android.build.gradle.internal.scope.InternalArtifactType$MANIFEST_METADATA  : loaded 3 times (x 76B)
Class com.android.build.gradle.internal.AndroidTestTaskManager$createTopLevelTasks$4  : loaded 3 times (x 77B)
Class com.android.build.gradle.internal.component.TestFixturesCreationConfig          : loaded 3 times (x 72B)
Class com.android.build.gradle.internal.plugins.BasePlugin$createAndroidTasks$1       : loaded 3 times (x 79B)
Class com.android.build.gradle.internal.lint.AndroidLintGlobalTask$LintFixCreationAction: loaded 3 times (x 93B)
Class com.android.build.gradle.internal.lint.AndroidLintGlobalTask$BaseGlobalCreationAction: loaded 3 times (x 93B)
Class com.android.build.gradle.ProguardFiles                                          : loaded 3 times (x 73B)
Class com.android.builder.core.DefaultDexOptions                                      : loaded 3 times (x 101B)
Class com.android.build.gradle.api.ApkVariant                                         : loaded 3 times (x 72B)
Class com.android.build.gradle.internal.dsl.ResourcesPackagingImpl$AgpDecorated_Decorated: loaded 3 times (x 131B)
Class com.android.build.gradle.internal.variant.LegacyVariantInputManager$4           : loaded 3 times (x 76B)
Class com.android.build.gradle.internal.api.artifact.SourceArtifactType$KEEP_RULES    : loaded 3 times (x 76B)
Class com.android.build.gradle.internal.api.artifact.SourceArtifactType$RENDERSCRIPT  : loaded 3 times (x 76B)
Class com.android.build.gradle.internal.dsl.NdkOptions_Decorated                      : loaded 3 times (x 167B)
Class com.android.build.gradle.internal.dsl.decorator.DslDecorator$ManagedProperty    : loaded 3 times (x 74B)
Class com.sun.xml.bind.v2.model.impl.PropertySeed                                     : loaded 3 times (x 72B)
Class org.jetbrains.kotlin.gradle.internal.properties.PropertiesBuildService$GradleProperty: loaded 3 times (x 72B)
Class org.jetbrains.kotlin.gradle.utils.StoredPropertyKt$projectStoredProperty$1      : loaded 3 times (x 80B)
Class org.jetbrains.kotlin.gradle.internal.Kapt3GradleSubplugin$Companion             : loaded 3 times (x 73B)
Class com.android.prefs.VariableType                                                  : loaded 3 times (x 81B)
Class com.android.build.gradle.internal.scope.InternalArtifactType$RENDERSCRIPT_SOURCE_OUTPUT_DIR: loaded 3 times (x 76B)
Class com.android.tools.analytics.Environment                                         : loaded 3 times (x 75B)
Class com.android.build.gradle.internal.errors.DeprecationReporter                    : loaded 3 times (x 72B)
Class com.android.build.api.dsl.VcsInfo                                               : loaded 3 times (x 72B)
Class com.android.build.gradle.internal.model.CoreCmakeOptions                        : loaded 3 times (x 72B)
Class com.android.build.gradle.options.ApiStage$Stable                                : loaded 3 times (x 74B)
Class com.android.build.gradle.internal.crash.CrashReporting                          : loaded 3 times (x 73B)
Class com.android.build.api.variant.Component                                         : loaded 3 times (x 72B)
Class com.android.sdklib.repository.generated.sysimg.v5.package-info                  : loaded 3 times (x 72B)
Class org.gradle.accessors.dm.LibrariesForLibs$AndroidxEspressoLibraryAccessors       : loaded 3 times (x 79B)
Class org.gradle.accessors.dm.LibrariesForLibs$VersionAccessors                       : loaded 3 times (x 87B)
Class com.android.repository.api.RemotePackage                                        : loaded 3 times (x 72B)
Class com.sun.xml.bind.v2.model.impl.RuntimeElementInfoImpl                           : loaded 3 times (x 121B)
Class com.sun.xml.bind.v2.model.core.ElementPropertyInfo                              : loaded 3 times (x 72B)
Class com.android.sdklib.repository.meta.DetailsTypes$MavenType                       : loaded 3 times (x 72B)
Class kotlin.TuplesKt                                                                 : loaded 3 times (x 73B)
Class kotlin.Unit                                                                     : loaded 3 times (x 73B)
Class com.sun.xml.bind.v2.runtime.unmarshaller.LocatorEx                              : loaded 3 times (x 72B)
Class com.android.build.gradle.internal.ide.v2.BasicArtifactImpl                      : loaded 3 times (x 78B)
Class kotlin.sequences.SequencesKt___SequencesJvmKt                                   : loaded 3 times (x 73B)
Class com.android.build.gradle.internal.ide.v2.BasicArtifactImpl$Companion            : loaded 3 times (x 73B)
Class com.android.build.gradle.internal.dsl.decorator.SupportedPropertyType$Collection: loaded 3 times (x 76B)
Class com.android.builder.core.ComponentType                                          : loaded 3 times (x 72B)
Class com.google.common.io.LineProcessor                                              : loaded 3 times (x 72B)
Class com.android.build.gradle.internal.ide.v2.JavaArtifactImpl$Companion             : loaded 3 times (x 73B)
Class org.jetbrains.kotlin.gradle.dsl.ToolchainSupport$Companion                      : loaded 3 times (x 73B)
Class kotlin.jvm.functions.Function1                                                  : loaded 3 times (x 72B)
Class org.gradle.api.Action                                                           : loaded 3 times (x 72B)
Class org.gradle.internal.Cast                                                        : loaded 3 times (x 73B)
Class com.android.build.api.variant.AndroidComponentsExtension                        : loaded 3 times (x 72B)
Class com.android.build.gradle.internal.plugins.AppPlugin$3                           : loaded 3 times (x 88B)
Class org.jetbrains.kotlin.gradle.plugin.KotlinSourceSet                              : loaded 3 times (x 72B)
Class com.google.protobuf.MapFieldReflectionAccessor                                  : loaded 3 times (x 76B)
Class org.jetbrains.kotlin.gradle.tasks.K2MultiplatformStructure$RefinesEdge          : loaded 3 times (x 74B)
Class com.google.wireless.android.sdk.stats.GradleBuildProject$Builder                : loaded 3 times (x 361B)
Class com.sun.xml.bind.DatatypeConverterImpl                                          : loaded 3 times (x 113B)
Class com.sun.xml.bind.v2.ClassFactory                                                : loaded 3 times (x 73B)
Class com.android.sdklib.repository.generated.addon.v2.MavenType                      : loaded 3 times (x 82B)
Class com.android.sdklib.repository.generated.repository.v4.SourceDetailsType         : loaded 3 times (x 125B)
Class com.android.repository.impl.generated.v2.LicenseRefType                         : loaded 3 times (x 79B)
Class com.android.sdklib.repository.AndroidSdkHandler$DefaultInstanceProvider         : loaded 3 times (x 77B)
Class com.android.sdklib.repository.generated.repository.v4.package-info              : loaded 3 times (x 72B)
Class com.android.repository.api.ProgressIndicatorAdapter                             : loaded 3 times (x 109B)
Class com.android.build.gradle.internal.SdkComponentsBuildService$VersionedSdkLoader  : loaded 3 times (x 74B)
Class com.android.build.gradle.internal.dependency.ShrinkerVersion                    : loaded 3 times (x 77B)
Class org.jetbrains.kotlin.compose.compiler.gradle.ComposeCompilerGradleSubplugin$applyToCompilation$allPluginProperties$1$5: loaded 3 times (x 76B)
Class org.jetbrains.kotlin.gradle.tasks.configuration.TaskConfigAction$configureTask$1: loaded 3 times (x 81B)
Class com.android.build.gradle.internal.scope.InternalArtifactType$LOCAL_ONLY_SYMBOL_LIST: loaded 3 times (x 76B)
Class com.android.build.gradle.internal.tasks.CheckAarMetadataTask$CreationAction     : loaded 3 times (x 92B)
Class com.android.build.gradle.tasks.MergeResources$CreationAction                    : loaded 3 times (x 95B)
Class com.android.build.gradle.internal.core.dsl.impl.SigningConfigResolver$Companion : loaded 3 times (x 73B)
Class com.android.build.gradle.internal.variant.VariantComponentInfo                  : loaded 3 times (x 74B)
Class com.android.build.api.variant.GeneratesAar                                      : loaded 3 times (x 72B)
Class com.android.build.api.variant.Aidl                                              : loaded 3 times (x 72B)
Class com.google.protobuf.Internal$ListAdapter$Converter                              : loaded 3 times (x 72B)
Class com.android.build.gradle.internal.dsl.BundleOptionsDeviceGroup$AgpDecorated     : loaded 3 times (x 87B)
Class com.android.build.gradle.internal.dsl.EmulatorControl                           : loaded 3 times (x 85B)
Class com.android.build.gradle.internal.dsl.TestOptions_Decorated                     : loaded 3 times (x 174B)
Class com.android.build.gradle.internal.variant.LegacyVariantInputManager$5           : loaded 3 times (x 77B)
Class com.google.protobuf.AbstractMessageLite$Builder                                 : loaded 3 times (x 128B)
Class com.android.tools.analytics.AnalyticsStateManager                               : loaded 3 times (x 73B)
Class com.android.build.gradle.internal.dsl.MinCompileSdkSpecImpl                     : loaded 3 times (x 86B)
Class com.android.build.gradle.api.ViewBindingOptions                                 : loaded 3 times (x 72B)
Class com.android.build.api.dsl.Split                                                 : loaded 3 times (x 72B)
Class com.android.build.api.dsl.LibraryDefaultConfig                                  : loaded 3 times (x 72B)
Class org.jetbrains.kotlin.gradle.dsl.JvmTarget                                       : loaded 3 times (x 81B)
Class org.jetbrains.kotlin.gradle.internal.ClassLoadersCachingBuildService            : loaded 3 times (x 78B)
Class org.jetbrains.kotlin.gradle.plugin.internal.DefaultJavaExecTaskParametersCompatibility$Factory: loaded 3 times (x 78B)
Class org.jetbrains.kotlin.gradle.plugin.VariantImplementationFactoriesConfigurator$Companion: loaded 3 times (x 73B)
Class com.android.build.api.component.impl.features.ManifestPlaceholdersCreationConfigImpl: loaded 3 times (x 77B)
Class com.android.tools.analytics.CommonMetricsData$GarbageCollectionStatsDiffs       : loaded 3 times (x 73B)
Class org.jetbrains.kotlin.gradle.plugin.KotlinCompilerArgumentsProducer$ContributeCompilerArgumentsContext: loaded 3 times (x 72B)
Class kotlin.text.StringsKt__StringsKt                                                : loaded 3 times (x 73B)
Class com.android.build.gradle.options.Version                                        : loaded 3 times (x 81B)
Class com.android.build.gradle.internal.plugins.AppPlugin$1                           : loaded 3 times (x 88B)
Class com.google.protobuf.ExtensionRegistryLite                                       : loaded 3 times (x 76B)
Class com.android.prefs.AbstractAndroidLocations                                      : loaded 3 times (x 84B)
Class org.jetbrains.kotlin.gradle.plugin.DefaultKotlinBasePlugin                      : loaded 3 times (x 84B)
Class org.jetbrains.kotlin.gradle.utils.SingleActionPerProject                        : loaded 3 times (x 75B)
Class org.jetbrains.kotlin.gradle.dsl.DefaultToolchainSupport$wireToolchainToTasks$1$1: loaded 3 times (x 77B)
Class com.android.build.gradle.internal.dependency.SourceSetManager                   : loaded 3 times (x 75B)
Class com.google.common.util.concurrent.AbstractFuture$AtomicReferenceFieldUpdaterAtomicHelper: loaded 3 times (x 81B)
Class kotlin.ranges.RangesKt                                                          : loaded 3 times (x 73B)
Class kotlin.NotImplementedError                                                      : loaded 3 times (x 84B)
Class com.android.build.gradle.internal.ide.v2.ViewBindingOptionsImpl                 : loaded 3 times (x 76B)
Class [Lorg.objectweb.asm.Label;                                                      : loaded 3 times (x 71B)
Class com.google.common.util.concurrent.AbstractFuture$Waiter                         : loaded 3 times (x 74B)
Class com.google.common.base.Converter$FunctionBasedConverter                         : loaded 3 times (x 92B)
Class com.android.build.gradle.internal.api.DefaultAndroidSourceSet                   : loaded 3 times (x 229B)
Class com.android.build.gradle.internal.dsl.LintImpl$AgpDecorated                     : loaded 3 times (x 228B)
Class com.android.builder.core.DexOptions                                             : loaded 3 times (x 72B)
Class com.android.build.gradle.internal.tasks.factory.TaskFactory                     : loaded 3 times (x 72B)
Class com.android.build.gradle.internal.plugins.DslContainerProvider$lock$1           : loaded 3 times (x 76B)
Class com.android.build.api.variant.DependenciesInfoBuilder                           : loaded 3 times (x 72B)
Class com.android.build.gradle.internal.core.dsl.impl.VariantDslInfoImpl$initApplicationId$2: loaded 3 times (x 77B)
Class com.android.build.gradle.internal.attributes.VariantAttr$ImplFactory            : loaded 3 times (x 77B)
Class com.android.build.api.variant.impl.ResourcesApkPackagingImpl$excludes$1         : loaded 3 times (x 77B)
Class com.android.build.gradle.tasks.MergeSourceSetFolders$GenericMergeCreationAction$handleProvider$1: loaded 3 times (x 133B)
Class [Lorg.jetbrains.kotlin.compilerRunner.KotlinCompilerArgumentsLogLevel;          : loaded 3 times (x 71B)
Class org.jetbrains.kotlin.gradle.tasks.KotlinCompile_Decorated                       : loaded 3 times (x 608B)
Class com.android.build.gradle.internal.dependency.JdkImageTransformKt$getJdkImageFromTransform$1$1: loaded 3 times (x 77B)
Class com.sun.xml.bind.v2.runtime.reflect.ListIterator                                : loaded 3 times (x 72B)
Class com.sun.xml.bind.v2.model.impl.RuntimeModelBuilder$IDTransducerImpl             : loaded 3 times (x 90B)
Class com.android.sdklib.repository.generated.repository.v1.PlatformDetailsType       : loaded 3 times (x 128B)
Class javax.xml.bind.annotation.XmlElementRefs                                        : loaded 3 times (x 72B)
Class com.sun.xml.bind.v2.model.runtime.RuntimeElement                                : loaded 3 times (x 72B)
Class com.android.repository.impl.generated.v2.LicenseType                            : loaded 3 times (x 89B)
Class com.android.repository.impl.generated.v1.RepositoryType                         : loaded 3 times (x 88B)
Class com.android.sdklib.repository.generated.common.v4.ObjectFactory                 : loaded 3 times (x 77B)
Class com.android.sdklib.repository.generated.common.v2.LibraryType                   : loaded 3 times (x 92B)
Class com.android.sdklib.repository.generated.sysimg.v3.ObjectFactory                 : loaded 3 times (x 77B)
Class [Lcom.android.build.gradle.internal.SdkLocator$SdkLocationSource;               : loaded 3 times (x 71B)
Class [Lcom.android.build.gradle.internal.SdkType;                                    : loaded 3 times (x 71B)
Class com.android.build.gradle.internal.scope.BuildArtifactType                       : loaded 3 times (x 76B)
Class com.android.build.gradle.internal.api.AndroidArtifactVariantImpl                : loaded 3 times (x 232B)
Class com.android.build.gradle.internal.dependency.ModelArtifactCompatibilityRule     : loaded 3 times (x 78B)
Class com.android.build.gradle.internal.dependency.DesugarGraph                       : loaded 3 times (x 77B)
Class com.android.build.gradle.internal.dependency.DexingRegistration$ComponentSpecificParameters$Companion: loaded 3 times (x 73B)
Class com.android.build.gradle.internal.utils.DesugarLibUtils$registerDesugarLibConfigExtractorTransformIfAbsent$1: loaded 3 times (x 76B)
Class com.android.build.gradle.internal.dependency.MockableJarTransform               : loaded 3 times (x 80B)
Class com.android.build.gradle.internal.cxx.logging.ThreadLoggingEnvironment          : loaded 3 times (x 84B)
Class com.android.build.gradle.internal.tasks.CheckJetifierTask$CreationAction        : loaded 3 times (x 92B)
Class com.android.build.gradle.internal.tasks.ExtractVersionControlInfoTask$CreationAction: loaded 3 times (x 92B)
Class com.android.build.gradle.internal.tasks.MergeNativeDebugMetadataTask            : loaded 3 times (x 337B)
Class com.android.build.gradle.internal.tasks.BundleToApkTask                         : loaded 3 times (x 339B)
Class com.android.build.gradle.internal.tasks.ApplicationTaskManager$doCreateTasksForVariant$r8DexStartupOptimizationEnabled$1: loaded 3 times (x 76B)
Class com.android.build.gradle.internal.tasks.DexMergingAction                        : loaded 3 times (x 81B)
Class org.jetbrains.kotlin.compose.compiler.gradle.ComposeCompilerGradleSubplugin$applyToCompilation$allPluginProperties$1$6: loaded 3 times (x 76B)
Class org.jetbrains.kotlin.gradle.targets.js.dsl.KotlinWasmSubTargetContainerDsl      : loaded 3 times (x 72B)
Class org.jetbrains.kotlin.gradle.plugin.internal.BuildIdService$Companion            : loaded 3 times (x 73B)
Class com.android.build.api.variant.GeneratesTestApkBuilder                           : loaded 3 times (x 72B)
Class com.android.build.gradle.internal.lint.AndroidLintGlobalTask$UpdateBaselineCreationAction: loaded 3 times (x 93B)
Class com.android.build.gradle.internal.ide.v2.ModelBuilder$Companion                 : loaded 3 times (x 73B)
Class com.android.build.gradle.internal.api.TestedVariant                             : loaded 3 times (x 72B)
Class com.google.wireless.android.sdk.stats.GradleBuildSplits                         : loaded 3 times (x 220B)
Class com.android.build.gradle.internal.variant.LegacyVariantInputManager$6           : loaded 3 times (x 76B)
Class com.android.build.gradle.internal.errors.AndroidProblemsReporter                : loaded 3 times (x 72B)
Class com.android.build.gradle.internal.services.AndroidLocationsBuildService$RegistrationAction: loaded 3 times (x 76B)
Class org.jetbrains.kotlin.gradle.utils.StoredPropertyStorage                         : loaded 3 times (x 74B)
Class org.jetbrains.kotlin.gradle.plugin.KotlinSourceSetContainer                     : loaded 3 times (x 72B)
Class com.android.build.gradle.internal.services.Aapt2ThreadPoolBuildServiceKt        : loaded 3 times (x 73B)
Class com.android.build.gradle.internal.dependency.AarTransform$Parameters_Decorated  : loaded 3 times (x 143B)
Class com.android.build.gradle.TestedExtension                                        : loaded 3 times (x 217B)
Class com.android.build.gradle.options.SyncOptions$ErrorFormatMode                    : loaded 3 times (x 81B)
Class com.android.build.gradle.internal.errors.SyncIssueReporter                      : loaded 3 times (x 78B)
Class com.android.build.gradle.internal.plugins.AppPlugin$2                           : loaded 3 times (x 88B)
Class com.android.build.gradle.internal.dsl.InternalTestedExtension                   : loaded 3 times (x 72B)
Class org.jetbrains.kotlin.gradle.tasks.configuration.BaseKotlinCompileConfig$configureCommonParameters$1: loaded 3 times (x 76B)
Class org.jetbrains.kotlin.gradle.internal.IdeaKt$isInIdeaEnvironment$1               : loaded 3 times (x 76B)
Class org.jetbrains.kotlin.gradle.plugin.mpp.compilationImpl.DefaultKotlinCompilationPostConfigureKt: loaded 3 times (x 73B)
Class [Lorg.jetbrains.kotlin.tooling.core.HasExtras;                                  : loaded 3 times (x 71B)
Class org.jetbrains.kotlin.gradle.plugin.mpp.compilationImpl.factory.ConfigurationNaming: loaded 3 times (x 72B)
Class org.jetbrains.kotlin.compose.compiler.gradle.ComposeCompilerGradleSubplugin$applyToCompilation$allPluginProperties$1$7: loaded 3 times (x 76B)
Class kotlin.collections.ArraysUtilJVM                                                : loaded 3 times (x 73B)
Class kotlin.jvm.functions.Function0                                                  : loaded 3 times (x 72B)
Class com.android.build.gradle.internal.scope.Java8LangSupport                        : loaded 3 times (x 81B)
Class com.android.build.gradle.internal.utils.D8BackportedMethodsGenerator$Parameters : loaded 3 times (x 72B)
Class com.android.build.gradle.internal.ide.dependencies.FullDependencyGraphBuilderKt : loaded 3 times (x 73B)
Class com.android.build.gradle.internal.signing.SigningConfigProviderParams           : loaded 3 times (x 74B)
Class com.android.build.gradle.internal.signing.SigningConfigDataProvider             : loaded 3 times (x 81B)
Class com.android.build.gradle.internal.tasks.ProcessJavaResTaskKt$getProjectJavaRes$1: loaded 3 times (x 77B)
Class com.android.build.gradle.internal.ApiObjectFactory                              : loaded 3 times (x 75B)
Class com.android.build.gradle.internal.api.BaseVariantOutputImpl                     : loaded 3 times (x 114B)
Class com.android.build.api.component.impl.OldVariantApiLegacySupportImpl$getVariantOutputs$1: loaded 3 times (x 77B)
Class com.android.build.gradle.internal.SdkLocator$SdkLocationSource$TEST_SDK_DIRECTORY: loaded 3 times (x 82B)
Class com.sun.xml.bind.v2.runtime.InternalBridge                                      : loaded 3 times (x 89B)
Class javax.xml.bind.annotation.XmlElement$DEFAULT                                    : loaded 3 times (x 73B)
Class [Ljavax.xml.bind.annotation.adapters.XmlJavaTypeAdapter;                        : loaded 3 times (x 71B)
Class javax.xml.bind.helpers.DefaultValidationEventHandler                            : loaded 3 times (x 77B)
Class com.google.common.base.Verify                                                   : loaded 3 times (x 73B)
Class com.sun.xml.bind.v2.runtime.unmarshaller.Scope                                  : loaded 3 times (x 74B)
Class com.android.tools.r8.internal.zm2                                               : loaded 2 times (x 72B)
Class com.android.tools.r8.internal.xq0                                               : loaded 2 times (x 74B)
Class com.android.tools.r8.internal.c                                                 : loaded 2 times (x 84B)
Class [Lcom.android.tools.r8.graph.b2;                                                : loaded 2 times (x 71B)
Class com.android.tools.r8.graph.f8                                                   : loaded 2 times (x 72B)
Class com.android.tools.r8.synthesis.d0                                               : loaded 2 times (x 79B)
Class com.android.tools.r8.internal.b52                                               : loaded 2 times (x 73B)
Class [Lcom.android.tools.r8.internal.tc;                                             : loaded 2 times (x 71B)
Class com.google.common.io.CharSource$AsByteSource                                    : loaded 2 times (x 87B)
Class com.google.common.collect.ImmutableList$SerializedForm                          : loaded 2 times (x 75B)
Class org.gradle.internal.classloader.VisitableURLClassLoader                         : loaded 2 times (x 118B)
Class org.gradle.tooling.internal.adapter.ProtocolToModelAdapter$ViewGraphDetails$1   : loaded 2 times (x 79B)
Class ijInit1_apgup0d2wlwz274dz06s9lbd0$_run_closure1                                 : loaded 2 times (x 141B)
Class io.opentelemetry.context.propagation.TextMapSetter                              : loaded 2 times (x 72B)
Class io.opentelemetry.context.ContextKey                                             : loaded 2 times (x 72B)
Class io.opentelemetry.api.trace.ArrayBasedTraceState                                 : loaded 2 times (x 88B)
Class com.android.tools.r8.graph.k                                                    : loaded 2 times (x 136B)
Class com.android.tools.r8.graph.s4                                                   : loaded 2 times (x 178B)
Class com.android.tools.r8.internal.g83                                               : loaded 2 times (x 83B)
Class [Lcom.android.tools.r8.graph.s4;                                                : loaded 2 times (x 71B)
Class com.android.tools.r8.internal.ji1                                               : loaded 2 times (x 84B)
Class [Lcom.android.tools.r8.internal.bx0;                                            : loaded 2 times (x 71B)
Class com.android.tools.r8.internal.c32                                               : loaded 2 times (x 94B)
Class com.android.tools.r8.internal.yo0                                               : loaded 2 times (x 84B)
Class [Lcom.android.tools.r8.internal.am2;                                            : loaded 2 times (x 71B)
Class com.android.tools.r8.internal.qg                                                : loaded 2 times (x 83B)
Class com.android.tools.r8.internal.gq                                                : loaded 2 times (x 92B)
Class com.android.tools.r8.internal.a70                                               : loaded 2 times (x 72B)
Class org.jetbrains.kotlin.cli.common.ModuleVisibilityHelperImpl                      : loaded 2 times (x 76B)
Class org.gradle.api.internal.classpath.Module$ModuleAlias                            : loaded 2 times (x 72B)
Class org.gradle.tooling.internal.adapter.ProtocolToModelAdapter$DefaultViewBuilder   : loaded 2 times (x 82B)
Class kotlin.jvm.internal.markers.KMutableIterable                                    : loaded 2 times (x 72B)
Class io.opentelemetry.api.trace.Tracer                                               : loaded 2 times (x 72B)
Class com.amazon.ion.system.IonWriterBuilderBase                                      : loaded 2 times (x 85B)
Class Settings_gradle$1$1                                                             : loaded 2 times (x 76B)
Class com.android.tools.r8.internal.p01                                               : loaded 2 times (x 205B)
Class com.android.tools.r8.graph.s3                                                   : loaded 2 times (x 75B)
Class com.android.tools.r8.ir.desugar.desugaredlibrary.lint.DesugaredMethodsListCommand$Builder: loaded 2 times (x 85B)
Class com.android.tools.r8.internal.uz2                                               : loaded 2 times (x 77B)
Class Settings_gradle                                                                 : loaded 2 times (x 126B)
Class [Lcom.amazon.ion.SymbolTable;                                                   : loaded 2 times (x 71B)
Class com.amazon.ion.impl.bin.IonBinaryWriterAdapter$Factory                          : loaded 2 times (x 72B)
Class com.amazon.ion.impl.BlockedBuffer$BufferedOutputStream                          : loaded 2 times (x 92B)
Class org.jetbrains.plugins.gradle.tooling.serialization.ExternalTestsSerializationService$ReadContext: loaded 2 times (x 74B)
Class kotlin.sequences.FlatteningSequence$iterator$1                                  : loaded 2 times (x 81B)
Class [Lcom.android.tools.r8.graph.t2;                                                : loaded 2 times (x 71B)
Class com.android.tools.r8.internal.l9                                                : loaded 2 times (x 76B)
Class org.gradle.tooling.model.eclipse.EclipseProject                                 : loaded 2 times (x 72B)
Class org.gradle.tooling.model.idea.IdeaDependency                                    : loaded 2 times (x 72B)
Class [Lorg.jetbrains.kotlin.metadata.ProtoBuf$VersionRequirement$VersionKind;        : loaded 2 times (x 71B)
Class org.jetbrains.kotlin.protobuf.CodedOutputStream                                 : loaded 2 times (x 74B)
Class org.jetbrains.kotlin.metadata.ProtoBuf$Annotation                               : loaded 2 times (x 111B)
Class org.jetbrains.org.objectweb.asm.tree.TypeInsnNode                               : loaded 2 times (x 80B)
Class com.android.tools.r8.internal.o20                                               : loaded 2 times (x 74B)
Class com.google.common.collect.MapMakerInternalMap                                   : loaded 2 times (x 162B)
Class com.android.tools.r8.internal.dx1                                               : loaded 2 times (x 74B)
Class com.android.tools.r8.internal.kg1                                               : loaded 2 times (x 77B)
Class com.google.common.io.Closer$Suppressor                                          : loaded 2 times (x 72B)
Class com.android.tools.r8.androidapi.a$a                                             : loaded 2 times (x 81B)
Class com.android.tools.r8.internal.v2                                                : loaded 2 times (x 72B)
Class com.android.tools.r8.internal.ae                                                : loaded 2 times (x 72B)
Class com.android.tools.r8.internal.n42                                               : loaded 2 times (x 125B)
Class com.android.tools.r8.internal.go0                                               : loaded 2 times (x 72B)
Class com.google.common.collect.Interners                                             : loaded 2 times (x 73B)
Class org.jetbrains.kotlin.load.kotlin.header.KotlinClassHeader$Kind$Companion        : loaded 2 times (x 73B)
Class org.jetbrains.kotlin.incremental.IncrementalJvmCacheKt                          : loaded 2 times (x 73B)
Class org.jetbrains.kotlin.protobuf.MessageLite                                       : loaded 2 times (x 72B)
Class org.jetbrains.kotlin.protobuf.SmallSortedMap$EmptySet                           : loaded 2 times (x 73B)
Class com.amazon.ion.impl.bin.BlockAllocator                                          : loaded 2 times (x 82B)
Class com.amazon.ion.impl.IonWriterSystemTextMarkup                                   : loaded 2 times (x 193B)
Class org.gradle.accessors.dm.LibrariesForLibsInPluginsBlock$AndroidxNavigationLibraryAccessors: loaded 2 times (x 80B)
Class com.android.tools.r8.internal.gr3                                               : loaded 2 times (x 72B)
Class com.android.tools.r8.internal.dk3                                               : loaded 2 times (x 135B)
Class com.android.tools.r8.internal.vx2                                               : loaded 2 times (x 78B)
Class com.android.tools.r8.internal.d11                                               : loaded 2 times (x 80B)
Class com.android.tools.r8.internal.qh3                                               : loaded 2 times (x 73B)
Class com.android.tools.r8.internal.dx0                                               : loaded 2 times (x 138B)
Class com.android.tools.r8.internal.aa                                                : loaded 2 times (x 74B)
Class com.android.tools.r8.internal.go                                                : loaded 2 times (x 128B)
Class com.google.common.io.ByteSource$EmptyByteSource                                 : loaded 2 times (x 87B)
Class org.jetbrains.org.objectweb.asm.tree.InnerClassNode                             : loaded 2 times (x 75B)
Class org.jetbrains.org.objectweb.asm.tree.AbstractInsnNode                           : loaded 2 times (x 80B)
Class org.jetbrains.kotlin.protobuf.SmallSortedMap                                    : loaded 2 times (x 131B)
Class org.jetbrains.kotlin.descriptors.DeclarationDescriptorWithVisibility            : loaded 2 times (x 72B)
Class org.gradle.internal.classloader.ClassLoaderSpec                                 : loaded 2 times (x 73B)
Class [Lio.opentelemetry.context.ThreadLocalContextStorage;                           : loaded 2 times (x 71B)
Class com.android.tools.r8.graph.h                                                    : loaded 2 times (x 111B)
Class com.android.tools.r8.graph.f4                                                   : loaded 2 times (x 164B)
Class com.android.tools.r8.internal.u31                                               : loaded 2 times (x 75B)
Class com.android.tools.r8.graph.s1                                                   : loaded 2 times (x 156B)
Class com.android.tools.r8.synthesis.t0                                               : loaded 2 times (x 107B)
Class com.android.tools.r8.internal.j23                                               : loaded 2 times (x 72B)
Class com.android.tools.r8.internal.xt3                                               : loaded 2 times (x 72B)
Class com.android.tools.r8.internal.ir2$b                                             : loaded 2 times (x 131B)
Class com.google.common.io.Closer                                                     : loaded 2 times (x 80B)
Class com.google.common.io.Java8Compatibility                                         : loaded 2 times (x 73B)
Class org.jetbrains.kotlin.metadata.jvm.deserialization.JvmMemberSignature$Field      : loaded 2 times (x 77B)
Class org.jetbrains.kotlin.metadata.jvm.JvmProtoBuf                                   : loaded 2 times (x 73B)
Class org.jetbrains.kotlin.metadata.ProtoBuf$ConstructorOrBuilder                     : loaded 2 times (x 72B)
Class org.jetbrains.kotlin.metadata.ProtoBuf$Visibility                               : loaded 2 times (x 84B)
Class org.jetbrains.kotlin.metadata.ProtoBuf$Effect$1                                 : loaded 2 times (x 146B)
Class org.gradle.util.internal.DefaultGradleVersion                                   : loaded 2 times (x 84B)
Class kotlin.Result$Companion                                                         : loaded 2 times (x 73B)
Class kotlin.coroutines.jvm.internal.BaseContinuationImpl                             : loaded 2 times (x 89B)
Class kotlin.text.CharsKt__CharJVMKt                                                  : loaded 2 times (x 73B)
Class org.jetbrains.plugins.gradle.model.GradleBuildScriptClasspathModel              : loaded 2 times (x 72B)
Class com.amazon.ion.IonStruct                                                        : loaded 2 times (x 72B)
Class com.amazon.ion.impl.bin.IonManagedBinaryWriter$SymbolState                      : loaded 2 times (x 82B)
Class jdk.internal.jimage.decompressor.ZipDecompressorFactory                         : loaded 2 times (x 76B)
Class com.android.tools.r8.origin.PathOrigin                                          : loaded 2 times (x 84B)
Class com.android.tools.r8.graph.g                                                    : loaded 2 times (x 140B)
Class com.android.tools.r8.graph.f3                                                   : loaded 2 times (x 75B)
Class com.android.tools.r8.graph.s0                                                   : loaded 2 times (x 72B)
Class com.android.tools.r8.internal.pj0                                               : loaded 2 times (x 104B)
Class com.android.tools.r8.graph.v7                                                   : loaded 2 times (x 75B)
Class com.android.tools.r8.internal.ir2$a                                             : loaded 2 times (x 79B)
Class jdk.internal.jimage.decompressor.ZipDecompressor                                : loaded 2 times (x 77B)
Class sync_studio_tooling2_f5bewh2dmojlapj07ukob2hdf                                  : loaded 2 times (x 173B)
Class com.amazon.ion.impl.bin.AbstractIonWriter$WriteValueOptimization                : loaded 2 times (x 81B)
Class kotlin.collections.AbstractMutableList                                          : loaded 2 times (x 208B)
Class [Lorg.jetbrains.kotlin.metadata.jvm.JvmProtoBuf$StringTableTypes$Record$Operation;: loaded 2 times (x 71B)
Class [Lorg.jetbrains.kotlin.load.kotlin.header.KotlinClassHeader$Kind;               : loaded 2 times (x 71B)
Class com.android.tools.r8.internal.vk3                                               : loaded 2 times (x 73B)
Class com.android.tools.r8.internal.qc                                                : loaded 2 times (x 75B)
Class com.android.tools.r8.internal.nc                                                : loaded 2 times (x 74B)
Class com.android.tools.r8.internal.u00                                               : loaded 2 times (x 77B)
Class com.android.tools.r8.internal.dm                                                : loaded 2 times (x 72B)
Class com.android.tools.r8.graph.p0                                                   : loaded 2 times (x 72B)
Class com.android.tools.r8.internal.ix0                                               : loaded 2 times (x 73B)
Class com.android.tools.r8.graph.c3                                                   : loaded 2 times (x 75B)
Class com.android.tools.r8.internal.i11                                               : loaded 2 times (x 87B)
Class com.android.tools.r8.internal.wx                                                : loaded 2 times (x 73B)
Class com.android.tools.r8.origin.Origin                                              : loaded 2 times (x 83B)
Class org.objectweb.asm.tree.MethodNode$1                                             : loaded 2 times (x 211B)
Class com.google.common.base.AbstractIterator                                         : loaded 2 times (x 82B)
Class com.google.common.reflect.Types$ClassOwnership                                  : loaded 2 times (x 82B)
Class org.jetbrains.kotlin.metadata.ProtoBuf$Annotation$Argument$ValueOrBuilder       : loaded 2 times (x 72B)
Class org.jetbrains.org.objectweb.asm.Handler                                         : loaded 2 times (x 74B)
Class org.jetbrains.kotlin.metadata.ProtoBuf$TypeAlias$1                              : loaded 2 times (x 146B)
Class org.gradle.internal.classpath.DefaultClassPath                                  : loaded 2 times (x 92B)
Class org.gradle.internal.classloader.VisitableURLClassLoader$Spec                    : loaded 2 times (x 76B)
Class kotlin.coroutines.Continuation                                                  : loaded 2 times (x 72B)
Class io.opentelemetry.api.trace.SpanId                                               : loaded 2 times (x 73B)
Class com.amazon.ion.UnsupportedIonVersionException                                   : loaded 2 times (x 87B)
Class [Lcom.amazon.ion.impl.bin.IonRawBinaryWriter$StreamFlushMode;                   : loaded 2 times (x 71B)
Class com.android.builder.dexing.D8DesugaredMethodsGenerator                          : loaded 2 times (x 73B)
Class com.android.tools.r8.internal.zw                                                : loaded 2 times (x 85B)
Class com.android.tools.r8.internal.ei1                                               : loaded 2 times (x 84B)
Class com.android.tools.r8.internal.yr2                                               : loaded 2 times (x 97B)
Class com.android.tools.r8.internal.v10                                               : loaded 2 times (x 72B)
Class com.android.tools.r8.internal.j21                                               : loaded 2 times (x 72B)
Class com.android.tools.r8.internal.pz3                                               : loaded 2 times (x 181B)
Class com.android.tools.r8.internal.wi3                                               : loaded 2 times (x 203B)
Class com.android.tools.r8.internal.dk0                                               : loaded 2 times (x 309B)
Class com.google.common.collect.MapMakerInternalMap$StrongKeyDummyValueEntry$Helper   : loaded 2 times (x 81B)
Class org.apache.commons.io.FileUtils                                                 : loaded 2 times (x 73B)
Class org.jetbrains.kotlin.metadata.ProtoBuf$ValueParameter                           : loaded 2 times (x 134B)
Class org.jetbrains.kotlin.metadata.ProtoBuf$ClassOrBuilder                           : loaded 2 times (x 72B)
Class org.jetbrains.kotlin.descriptors.DescriptorVisibilities$12                      : loaded 2 times (x 78B)
Class org.gradle.internal.classloader.VisitableURLClassLoader$InstrumentingVisitableURLClassLoader: loaded 2 times (x 124B)
Class org.gradle.tooling.model.internal.ImmutableDomainObjectSet                      : loaded 2 times (x 157B)
Class org.jetbrains.plugins.gradle.tooling.util.IntObjectMap$1                        : loaded 2 times (x 79B)
Class com.android.tools.r8.graph.d3$h                                                 : loaded 2 times (x 74B)
Class com.android.tools.r8.internal.fg1                                               : loaded 2 times (x 296B)
Class com.android.tools.r8.internal.l4                                                : loaded 2 times (x 72B)
Class com.android.tools.r8.CompilationFailedException                                 : loaded 2 times (x 85B)
Class [Lcom.android.tools.r8.graph.o2;                                                : loaded 2 times (x 71B)
Class com.android.tools.r8.internal.k01                                               : loaded 2 times (x 109B)
Class com.android.tools.r8.internal.lu1                                               : loaded 2 times (x 72B)
Class kotlin.UNINITIALIZED_VALUE                                                      : loaded 2 times (x 73B)
Class org.jetbrains.kotlin.metadata.deserialization.BinaryVersion$Companion           : loaded 2 times (x 73B)
Class org.jetbrains.kotlin.descriptors.DescriptorVisibilities$11                      : loaded 2 times (x 78B)
Class kotlin.Triple                                                                   : loaded 2 times (x 74B)
Class kotlin.sequences.SequencesKt__SequenceBuilderKt$sequence$$inlined$Sequence$1    : loaded 2 times (x 77B)
Class kotlin.text.Regex                                                               : loaded 2 times (x 74B)
Class com.google.common.collect.ImmutableRangeSet$Builder                             : loaded 2 times (x 79B)
Class com.android.ide.gradle.model.LegacyV1AgpVersionModel                            : loaded 2 times (x 72B)
Class com.intellij.gradle.toolingExtension.impl.model.taskModel.GradleTaskSerialisationService: loaded 2 times (x 78B)
Class io.opentelemetry.context.ArrayBasedContext                                      : loaded 2 times (x 102B)
Class com.amazon.ion.system.SimpleCatalog                                             : loaded 2 times (x 93B)
Class com.amazon.ion.BufferConfiguration                                              : loaded 2 times (x 74B)
Class com.android.tools.r8.internal.d43                                               : loaded 2 times (x 72B)
Class com.android.tools.r8.internal.ey3                                               : loaded 2 times (x 73B)
Class com.amazon.ion.impl.bin.BlockAllocatorProvider                                  : loaded 2 times (x 74B)
Class io.opentelemetry.api.trace.ArrayBasedTraceStateBuilder                          : loaded 2 times (x 79B)
Class org.jetbrains.plugins.gradle.tooling.serialization.internal.IdeaProjectSerializationService$WriteContext: loaded 2 times (x 74B)
Class com.intellij.gradle.toolingExtension.impl.model.sourceSetDependencyModel.GradleSourceSetDependencySerialisationService: loaded 2 times (x 79B)
Class org.jetbrains.plugins.gradle.model.GradleSourceSetModel                         : loaded 2 times (x 72B)
Class kotlin.KotlinNothingValueException                                              : loaded 2 times (x 84B)
Class org.gradle.internal.classpath.DefaultClassPath$ImmutableUniqueList$Builder      : loaded 2 times (x 77B)
Class org.jetbrains.kotlin.serialization.deserialization.ProtoEnumFlags               : loaded 2 times (x 73B)
Class org.jetbrains.kotlin.protobuf.Internal$EnumLite                                 : loaded 2 times (x 72B)
Class kotlin.jvm.functions.Function3                                                  : loaded 2 times (x 72B)
Class com.android.tools.r8.internal.p32                                               : loaded 2 times (x 84B)
Class com.google.common.collect.MapMakerInternalMap$WeakValueReference                : loaded 2 times (x 72B)
Class com.android.tools.r8.graph.d3$g                                                 : loaded 2 times (x 74B)
Class com.android.tools.r8.internal.vk0                                               : loaded 2 times (x 78B)
Class com.android.tools.r8.threading.ThreadingModuleProvider                          : loaded 2 times (x 72B)
Class com.android.tools.r8.dex.k0$a                                                   : loaded 2 times (x 81B)
Class com.android.tools.r8.synthesis.q0                                               : loaded 2 times (x 74B)
Class com.android.tools.r8.graph.c4                                                   : loaded 2 times (x 75B)
Class [Lcom.android.tools.r8.graph.y2;                                                : loaded 2 times (x 71B)
Class com.android.tools.r8.internal.u01                                               : loaded 2 times (x 84B)
Class com.android.tools.r8.graph.f0                                                   : loaded 2 times (x 152B)
Class com.android.tools.r8.profile.art.ArtProfileClassRuleInfo                        : loaded 2 times (x 72B)
Class com.android.tools.r8.internal.dc                                                : loaded 2 times (x 72B)
Class com.android.build.gradle.internal.dependency.AarExtractor                       : loaded 2 times (x 74B)
Class [Lcom.google.common.collect.Iterators$EmptyModifiableIterator;                  : loaded 2 times (x 71B)
Class org.jetbrains.kotlin.com.google.common.base.Function                            : loaded 2 times (x 72B)
Class kotlin.LazyKt__LazyKt                                                           : loaded 2 times (x 73B)
Class org.jetbrains.org.objectweb.asm.tree.LineNumberNode                             : loaded 2 times (x 80B)
Class org.jetbrains.kotlin.metadata.ProtoBuf$TypeParameter$1                          : loaded 2 times (x 146B)
Class kotlin.collections.ArrayAsCollection                                            : loaded 2 times (x 107B)
Class org.jetbrains.kotlin.descriptors.DescriptorVisibilities$10                      : loaded 2 times (x 78B)
Class org.jetbrains.kotlin.metadata.ProtoBuf$Expression$ConstantValue$1               : loaded 2 times (x 76B)
Class org.gradle.tooling.model.Element                                                : loaded 2 times (x 72B)
Class org.gradle.tooling.internal.adapter.ProtocolToModelAdapter$NoOpDecoration       : loaded 2 times (x 81B)
Class org.gradle.tooling.internal.adapter.TypeInspector                               : loaded 2 times (x 75B)
Class kotlin.coroutines.jvm.internal.RestrictedSuspendLambda                          : loaded 2 times (x 93B)
Class com.google.common.collect.CompoundOrdering                                      : loaded 2 times (x 117B)
Class kotlin.io.FilePathComponents                                                    : loaded 2 times (x 74B)
Class org.jetbrains.plugins.gradle.model.GradleSourceSetDependencyModel               : loaded 2 times (x 72B)
Class io.opentelemetry.context.propagation.TextMapPropagator                          : loaded 2 times (x 72B)
Class com.amazon.ion.IonString                                                        : loaded 2 times (x 72B)
Class jdk.internal.jimage.ImageReader$Directory                                       : loaded 2 times (x 86B)
Class com.android.tools.r8.graph.v3                                                   : loaded 2 times (x 74B)
Class com.android.tools.r8.graph.d3$f                                                 : loaded 2 times (x 75B)
Class com.android.tools.r8.kotlin.f                                                   : loaded 2 times (x 74B)
Class com.android.tools.r8.internal.o9                                                : loaded 2 times (x 77B)
Class com.android.tools.r8.shaking.e3                                                 : loaded 2 times (x 80B)
Class com.android.tools.r8.internal.ye2                                               : loaded 2 times (x 76B)
Class com.android.tools.r8.internal.wm                                                : loaded 2 times (x 126B)
Class org.objectweb.asm.tree.LocalVariableAnnotationNode                              : loaded 2 times (x 84B)
Class [Lorg.objectweb.asm.tree.AbstractInsnNode;                                      : loaded 2 times (x 71B)
Class com.google.common.collect.AbstractMapBasedMultimap$WrappedList                  : loaded 2 times (x 207B)
Class org.jetbrains.kotlin.load.kotlin.header.ReadKotlinClassHeaderAnnotationVisitor  : loaded 2 times (x 82B)
Class org.jetbrains.kotlin.protobuf.LazyField                                         : loaded 2 times (x 85B)
Class org.jetbrains.kotlin.metadata.ProtoBuf$VersionRequirementTable                  : loaded 2 times (x 109B)
Class org.jetbrains.kotlin.metadata.ProtoBuf$Effect$InvocationKind                    : loaded 2 times (x 84B)
Class org.gradle.tooling.model.BuildModel                                             : loaded 2 times (x 72B)
Class org.gradle.internal.time.Clock                                                  : loaded 2 times (x 72B)
Class com.intellij.gradle.toolingExtension.impl.model.utilDummyModel.DummyModel       : loaded 2 times (x 72B)
Class io.opentelemetry.api.DefaultOpenTelemetry                                       : loaded 2 times (x 91B)
Class io.opentelemetry.api.trace.SpanBuilder                                          : loaded 2 times (x 72B)
Class org.jetbrains.plugins.gradle.model.FileCollectionDependency                     : loaded 2 times (x 72B)
Class com.amazon.ion.impl.lite.IonTimestampLite                                       : loaded 2 times (x 195B)
Class com.amazon.ion.impl.LocalSymbolTableAsStruct                                    : loaded 2 times (x 134B)
Class jdk.internal.jimage.decompressor.ResourceDecompressorRepository                 : loaded 2 times (x 73B)
Class com.android.tools.r8.internal.i73                                               : loaded 2 times (x 118B)
Class sync_studio_tooling5_5jastsiugc44tkru9gy5324zh                                  : loaded 2 times (x 173B)
Class com.amazon.ion.impl.lite.IonSequenceLite                                        : loaded 2 times (x 434B)
Class com.amazon.ion.impl._Private_Utils$1                                            : loaded 2 times (x 100B)
Class com.amazon.ion.impl.SymbolTableAsStruct                                         : loaded 2 times (x 72B)
Class io.opentelemetry.api.trace.TracerProvider                                       : loaded 2 times (x 72B)
Class com.android.ide.gradle.model.dependencies.Coordinates                           : loaded 2 times (x 72B)
Class com.google.common.collect.AbstractRangeSet                                      : loaded 2 times (x 116B)
Class org.gradle.tooling.internal.adapter.WeakIdentityHashMap$AbsentValueProvider     : loaded 2 times (x 72B)
Class org.jetbrains.kotlin.protobuf.RopeByteString                                    : loaded 2 times (x 112B)
Class com.android.tools.r8.internal.d41                                               : loaded 2 times (x 79B)
Class org.jetbrains.kotlin.metadata.jvm.deserialization.JvmNameResolverBase           : loaded 2 times (x 82B)
Class org.jetbrains.org.objectweb.asm.tree.IincInsnNode                               : loaded 2 times (x 80B)
Class org.jetbrains.org.objectweb.asm.tree.MultiANewArrayInsnNode                     : loaded 2 times (x 80B)
Class org.jetbrains.kotlin.incremental.classpathDiff.impl.BasicClassInfo$Companion    : loaded 2 times (x 73B)
Class com.android.tools.r8.graph.d3$e                                                 : loaded 2 times (x 75B)
Class com.android.tools.r8.internal.lh1                                               : loaded 2 times (x 81B)
Class com.android.tools.r8.kotlin.e                                                   : loaded 2 times (x 74B)
Class com.android.tools.r8.graph.y9                                                   : loaded 2 times (x 121B)
Class com.android.tools.r8.internal.ye1                                               : loaded 2 times (x 83B)
Class com.google.common.collect.AbstractMapBasedMultimap$AsMap                        : loaded 2 times (x 130B)
Class com.google.common.collect.MapMakerInternalMap$StrongKeyDummyValueEntry          : loaded 2 times (x 84B)
Class com.android.tools.r8.internal.l83                                               : loaded 2 times (x 72B)
Class [Lcom.android.tools.r8.androidapi.f$a;                                          : loaded 2 times (x 71B)
Class com.android.tools.r8.graph.hb                                                   : loaded 2 times (x 72B)
Class com.android.tools.r8.graph.p2                                                   : loaded 2 times (x 73B)
Class com.android.tools.r8.internal.uw1                                               : loaded 2 times (x 77B)
Class com.android.tools.r8.internal.gv                                                : loaded 2 times (x 77B)
Class com.android.tools.r8.internal.h32                                               : loaded 2 times (x 91B)
Class com.android.tools.r8.internal.w91                                               : loaded 2 times (x 188B)
Class [Lcom.android.tools.r8.graph.k7;                                                : loaded 2 times (x 71B)
Class com.android.tools.r8.BackportedMethodListCommand$Builder                        : loaded 2 times (x 89B)
Class com.android.tools.r8.DiagnosticsHandler                                         : loaded 2 times (x 72B)
Class com.google.common.collect.CollectSpliterators                                   : loaded 2 times (x 73B)
Class com.google.common.io.LineReader$1                                               : loaded 2 times (x 77B)
Class com.google.common.reflect.Invokable$MethodInvokable                             : loaded 2 times (x 109B)
Class kotlin.SynchronizedLazyImpl                                                     : loaded 2 times (x 78B)
Class org.jetbrains.kotlin.incremental.classpathDiff.impl.BasicClassInfoClassVisitor  : loaded 2 times (x 90B)
Class org.jetbrains.kotlin.metadata.ProtoBuf$Function                                 : loaded 2 times (x 162B)
Class com.intellij.gradle.toolingExtension.impl.model.buildScriptClasspathModel.GradleBuildScriptClasspathSerializationService: loaded 2 times (x 79B)
Class com.amazon.ion.impl.bin.IonManagedBinaryWriter$ImportedSymbolResolverMode       : loaded 2 times (x 82B)
Class com.amazon.ion.impl.LocalSymbolTable$Factory                                    : loaded 2 times (x 79B)
Class com.android.tools.r8.internal.e21                                               : loaded 2 times (x 145B)
Class com.android.tools.r8.internal.td                                                : loaded 2 times (x 72B)
Class com.android.tools.r8.graph.na                                                   : loaded 2 times (x 72B)
Class com.android.tools.r8.internal.l0                                                : loaded 2 times (x 187B)
Class com.android.tools.r8.graph.d3$d                                                 : loaded 2 times (x 74B)
Class com.android.tools.r8.kotlin.d                                                   : loaded 2 times (x 74B)
Class com.android.tools.r8.graph.v1                                                   : loaded 2 times (x 353B)
Class com.android.tools.r8.synthesis.w0                                               : loaded 2 times (x 87B)
Class com.android.tools.r8.internal.d40                                               : loaded 2 times (x 289B)
Class com.android.tools.r8.internal.wy2                                               : loaded 2 times (x 74B)
Class org.jetbrains.org.objectweb.asm.Symbol                                          : loaded 2 times (x 75B)
Class org.jetbrains.kotlin.metadata.ProtoBuf$TypeTable$1                              : loaded 2 times (x 146B)
Class org.jetbrains.kotlin.metadata.deserialization.Flags                             : loaded 2 times (x 73B)
Class io.opentelemetry.context.ThreadLocalContextStorage$ScopeImpl                    : loaded 2 times (x 81B)
Class com.amazon.ion.IonFloat                                                         : loaded 2 times (x 72B)
Class com.amazon.ion.impl.lite.IonListLite                                            : loaded 2 times (x 492B)
Class com.amazon.ion.impl.lite.IonSexpLite                                            : loaded 2 times (x 492B)
Class jdk.internal.jimage.ImageReader$SharedImageReader$LocationVisitor               : loaded 2 times (x 72B)
Class sync_studio_tooling5_5jastsiugc44tkru9gy5324zh$_run_closure1                    : loaded 2 times (x 140B)
Class com.android.tools.r8.internal.st0                                               : loaded 2 times (x 95B)
Class com.android.tools.r8.graph.v0                                                   : loaded 2 times (x 109B)
Class com.android.tools.r8.graph.d3$c                                                 : loaded 2 times (x 75B)
Class com.android.tools.r8.graph.i3                                                   : loaded 2 times (x 74B)
Class com.android.tools.r8.kotlin.c                                                   : loaded 2 times (x 74B)
Class com.android.tools.r8.internal.x03                                               : loaded 2 times (x 81B)
Class com.android.tools.r8.internal.tc                                                : loaded 2 times (x 72B)
Class com.google.common.collect.MapMaker                                              : loaded 2 times (x 74B)
Class com.google.common.reflect.Types$JavaVersion                                     : loaded 2 times (x 85B)
Class org.apache.commons.io.file.PathFilter                                           : loaded 2 times (x 72B)
Class sync_studio_tooling6_6a2z4ync6yu7pjf1l338yai2d$_run_closure1                    : loaded 2 times (x 140B)
Class org.jetbrains.kotlin.name.Name                                                  : loaded 2 times (x 77B)
Class org.jetbrains.kotlin.load.kotlin.header.KotlinClassHeader                       : loaded 2 times (x 74B)
Class org.jetbrains.kotlin.descriptors.DelegatedDescriptorVisibility                  : loaded 2 times (x 81B)
Class org.gradle.api.specs.Spec                                                       : loaded 2 times (x 72B)
Class com.amazon.ion.impl.bin.AbstractIonWriter                                       : loaded 2 times (x 162B)
Class io.opentelemetry.api.trace.AutoValue_ArrayBasedTraceState                       : loaded 2 times (x 89B)
Class gnu.trove.TObjectHash                                                           : loaded 2 times (x 96B)
Class org.jetbrains.plugins.gradle.tooling.util.ObjectCollector$Processor             : loaded 2 times (x 72B)
Class kotlin.jvm.functions.Function4                                                  : loaded 2 times (x 72B)
Class kotlin.annotation.Target                                                        : loaded 2 times (x 72B)
Class org.gradle.internal.time.TimeSource$1                                           : loaded 2 times (x 79B)
Class org.gradle.internal.exceptions.NonGradleCauseExceptionsHolder                   : loaded 2 times (x 72B)
Class org.gradle.tooling.model.idea.IdeaModuleDependency                              : loaded 2 times (x 72B)
Class org.gradle.tooling.internal.adapter.ViewBuilder                                 : loaded 2 times (x 72B)
Class kotlin.sequences.DistinctSequence                                               : loaded 2 times (x 77B)
Class org.jetbrains.org.objectweb.asm.SymbolTable$Entry                               : loaded 2 times (x 75B)
Class org.jetbrains.org.objectweb.asm.tree.LocalVariableAnnotationNode                : loaded 2 times (x 84B)
Class org.jetbrains.kotlin.metadata.deserialization.BinaryVersion                     : loaded 2 times (x 76B)
Class io.opentelemetry.context.propagation.TextMapGetter                              : loaded 2 times (x 72B)
Class org.apache.commons.io.StandardLineSeparator                                     : loaded 2 times (x 81B)
Class com.google.common.base.Suppliers$MemoizingSupplier                              : loaded 2 times (x 81B)
Class com.google.common.io.CharSource$EmptyCharSource                                 : loaded 2 times (x 88B)
Class [Lcom.amazon.ion.impl.bin.IonRawBinaryWriter$PreallocationMode;                 : loaded 2 times (x 71B)
Class com.android.tools.r8.internal.qm                                                : loaded 2 times (x 126B)
Class com.android.tools.r8.internal.ix3                                               : loaded 2 times (x 74B)
Class com.android.tools.r8.internal.g52                                               : loaded 2 times (x 72B)
Class com.android.tools.r8.graph.q                                                    : loaded 2 times (x 114B)
Class com.android.tools.r8.graph.p3                                                   : loaded 2 times (x 75B)
Class [Lcom.android.tools.r8.internal.go0;                                            : loaded 2 times (x 71B)
Class com.amazon.ion.util._Private_FastAppendable                                     : loaded 2 times (x 72B)
Class com.amazon.ion.impl._Private_IonReaderBuilder$TwoElementInputStream             : loaded 2 times (x 94B)
Class com.amazon.ion.impl.lite.IonIntLite                                             : loaded 2 times (x 191B)
Class com.android.tools.r8.internal.j51                                               : loaded 2 times (x 72B)
Class com.android.tools.r8.internal.w21                                               : loaded 2 times (x 148B)
Class com.android.tools.r8.graph.d3$b                                                 : loaded 2 times (x 76B)
Class com.android.tools.r8.internal.wi                                                : loaded 2 times (x 73B)
Class com.android.tools.r8.kotlin.b                                                   : loaded 2 times (x 74B)
Class com.android.tools.r8.internal.o5                                                : loaded 2 times (x 86B)
Class com.android.tools.r8.internal.i70                                               : loaded 2 times (x 78B)
Class com.android.tools.r8.internal.ge                                                : loaded 2 times (x 72B)
Class org.objectweb.asm.tree.FieldNode                                                : loaded 2 times (x 81B)
Class com.google.common.io.CharSource                                                 : loaded 2 times (x 87B)
Class com.google.common.collect.AbstractMapBasedMultimap$WrappedSet                   : loaded 2 times (x 144B)
Class org.jetbrains.org.objectweb.asm.ModuleVisitor                                   : loaded 2 times (x 83B)
Class org.jetbrains.kotlin.metadata.jvm.JvmProtoBuf$JvmFieldSignatureOrBuilder        : loaded 2 times (x 72B)
Class org.jetbrains.kotlin.metadata.ProtoBuf$VersionRequirementTableOrBuilder         : loaded 2 times (x 72B)
Class org.jetbrains.kotlin.metadata.jvm.JvmProtoBuf$JvmMethodSignature$Builder        : loaded 2 times (x 136B)
Class org.jetbrains.kotlin.resolve.scopes.receivers.ReceiverValue                     : loaded 2 times (x 72B)
Class com.intellij.gradle.toolingExtension.impl.model.sourceSetModel.GradleSourceSetSerialisationService: loaded 2 times (x 79B)
Class com.android.tools.r8.graph.l8                                                   : loaded 2 times (x 72B)
Class com.android.tools.r8.internal.cc1                                               : loaded 2 times (x 72B)
Class com.android.tools.r8.graph.d3$a                                                 : loaded 2 times (x 75B)
Class com.android.tools.r8.ResourceShrinkerConfiguration                              : loaded 2 times (x 77B)
Class com.android.tools.r8.internal.km3                                               : loaded 2 times (x 79B)
Class com.android.tools.r8.synthesis.j0                                               : loaded 2 times (x 74B)
Class com.android.tools.r8.graph.i1                                                   : loaded 2 times (x 78B)
Class com.android.tools.r8.internal.b7                                                : loaded 2 times (x 108B)
Class com.android.tools.r8.internal.el0                                               : loaded 2 times (x 92B)
Class org.jetbrains.kotlin.load.kotlin.KotlinJvmBinaryClass$AnnotationArgumentVisitor : loaded 2 times (x 72B)
Class org.jetbrains.kotlin.load.kotlin.header.KotlinClassHeader$Kind                  : loaded 2 times (x 81B)
Class org.jetbrains.kotlin.metadata.jvm.deserialization.JvmMemberSignature            : loaded 2 times (x 76B)
Class org.jetbrains.kotlin.metadata.ProtoBuf$Constructor                              : loaded 2 times (x 131B)
Class [Lorg.jetbrains.kotlin.metadata.ProtoBuf$TypeParameter$Variance;                : loaded 2 times (x 71B)
Class org.jetbrains.kotlin.metadata.ProtoBuf$TypeAlias                                : loaded 2 times (x 141B)
Class org.gradle.internal.classloader.ClasspathUtil                                   : loaded 2 times (x 73B)
Class org.gradle.tooling.model.ProjectIdentifier                                      : loaded 2 times (x 72B)
Class org.gradle.tooling.model.idea.IdeaCompilerOutput                                : loaded 2 times (x 72B)
Class kotlin.text.MatchResult$DefaultImpls                                            : loaded 2 times (x 73B)
Class com.amazon.ion.impl.bin.IonManagedBinaryWriter$ImportedSymbolContext            : loaded 2 times (x 74B)
Class com.amazon.ion.IonSystem                                                        : loaded 2 times (x 72B)
Class org.gradle.accessors.dm.LibrariesForLibs$AndroidxNavigationRuntimeLibraryAccessors: loaded 2 times (x 79B)
Class jdk.internal.jrtfs.JrtPath                                                      : loaded 2 times (x 124B)
Class jdk.internal.jimage.ImageStrings                                                : loaded 2 times (x 72B)
Class com.amazon.ion.system.IonReaderBuilder                                          : loaded 2 times (x 97B)
Class io.opentelemetry.api.trace.TraceState                                           : loaded 2 times (x 72B)
Class org.jetbrains.plugins.gradle.model.AnnotationProcessingConfig                   : loaded 2 times (x 72B)
Class com.amazon.ion.IonReader                                                        : loaded 2 times (x 72B)
Class gnu.trove.Equality                                                              : loaded 2 times (x 72B)
Class kotlin.annotation.Retention                                                     : loaded 2 times (x 72B)
Class org.gradle.tooling.model.eclipse.HierarchicalEclipseProject                     : loaded 2 times (x 72B)
Class org.jetbrains.kotlin.metadata.ProtoBuf$EnumEntry$1                              : loaded 2 times (x 146B)
Class org.jetbrains.kotlin.metadata.ProtoBuf$Type$Argument$Projection                 : loaded 2 times (x 84B)
Class org.jetbrains.org.objectweb.asm.tree.InvokeDynamicInsnNode                      : loaded 2 times (x 80B)
Class jdk.internal.jimage.ImageBufferCache                                            : loaded 2 times (x 73B)
Class com.android.tools.r8.internal.gh1                                               : loaded 2 times (x 95B)
Class com.android.tools.r8.internal.l11                                               : loaded 2 times (x 148B)
Class [Lcom.google.common.collect.MapMakerInternalMap$Strength;                       : loaded 2 times (x 71B)
Class com.android.tools.r8.internal.yh3                                               : loaded 2 times (x 137B)
Class com.android.tools.r8.internal.bu3                                               : loaded 2 times (x 85B)
Class com.android.tools.r8.graph.i0                                                   : loaded 2 times (x 72B)
Class com.android.tools.r8.internal.iq0                                               : loaded 2 times (x 72B)
Class org.objectweb.asm.tree.ModuleNode                                               : loaded 2 times (x 84B)
Class com.google.common.reflect.Types$ClassOwnership$1LocalClass                      : loaded 2 times (x 73B)
Class ijKotlinCoroutineJvmDebugInit1_85bfuja8rac0unm46qyl0ltzh$_run_closure1$_closure2: loaded 2 times (x 140B)
Class com.android.tools.r8.internal.gx                                                : loaded 2 times (x 75B)
Class com.android.tools.r8.references.MethodReference                                 : loaded 2 times (x 74B)
Class com.android.tools.r8.androidapi.f$a                                             : loaded 2 times (x 99B)
Class com.android.tools.r8.internal.oi3                                               : loaded 2 times (x 203B)
Class com.android.tools.r8.internal.fa0                                               : loaded 2 times (x 112B)
Class com.android.tools.r8.graph.r                                                    : loaded 2 times (x 76B)
Class [Lcom.android.tools.r8.graph.f4;                                                : loaded 2 times (x 71B)
Class com.android.tools.r8.internal.b21                                               : loaded 2 times (x 78B)
Class com.android.tools.r8.internal.an2                                               : loaded 2 times (x 93B)
Class com.android.tools.r8.internal.jf1                                               : loaded 2 times (x 84B)
Class com.android.tools.r8.internal.e91                                               : loaded 2 times (x 72B)
Class com.android.tools.r8.graph.p4                                                   : loaded 2 times (x 102B)
Class org.jetbrains.kotlin.buildtools.internal.ClasspathEntrySnapshotImpl             : loaded 2 times (x 78B)
Class org.jetbrains.kotlin.load.kotlin.FileBasedKotlinClass                           : loaded 2 times (x 90B)
Class org.jetbrains.kotlin.com.intellij.openapi.diagnostic.Logger$Factory             : loaded 2 times (x 72B)
Class org.jetbrains.kotlin.protobuf.WireFormat$FieldType                              : loaded 2 times (x 84B)
Class org.jetbrains.kotlin.metadata.ProtoBuf$AnnotationOrBuilder                      : loaded 2 times (x 72B)
Class org.gradle.internal.exceptions.ResolutionProvider                               : loaded 2 times (x 72B)
Class org.gradle.tooling.internal.adapter.ProtocolToModelAdapter$MixInMappingAction   : loaded 2 times (x 82B)
Class org.jetbrains.plugins.gradle.tooling.serialization.internal.adapter.Supplier    : loaded 2 times (x 72B)
Class com.amazon.ion.IonList                                                          : loaded 2 times (x 72B)
Class com.android.tools.r8.graph.y3                                                   : loaded 2 times (x 74B)
Class com.android.tools.r8.internal.zs0                                               : loaded 2 times (x 74B)
Class com.android.tools.r8.shaking.h3                                                 : loaded 2 times (x 80B)
Class com.android.tools.r8.internal.l10                                               : loaded 2 times (x 73B)
Class com.android.tools.r8.dex.c                                                      : loaded 2 times (x 77B)
Class com.android.tools.r8.internal.mi3                                               : loaded 2 times (x 74B)
Class org.objectweb.asm.tree.VarInsnNode                                              : loaded 2 times (x 81B)
Class [Lorg.jetbrains.kotlin.cli.common.CompilerSystemProperties;                     : loaded 2 times (x 71B)
Class com.google.common.collect.IndexedImmutableSet$1                                 : loaded 2 times (x 215B)
Class org.apache.commons.io.output.AbstractByteArrayOutputStream                      : loaded 2 times (x 104B)
Class org.jetbrains.kotlin.name.ClassId$Companion                                     : loaded 2 times (x 73B)
Class org.jetbrains.kotlin.load.kotlin.header.ReadKotlinClassHeaderAnnotationVisitor$KotlinMetadataArgumentVisitor: loaded 2 times (x 88B)
Class org.jetbrains.kotlin.protobuf.MessageLiteOrBuilder                              : loaded 2 times (x 72B)
Class org.jetbrains.kotlin.metadata.jvm.JvmProtoBuf$JvmMethodSignature                : loaded 2 times (x 110B)
Class org.jetbrains.kotlin.metadata.ProtoBuf$TypeTable                                : loaded 2 times (x 111B)
Class org.jetbrains.kotlin.metadata.jvm.JvmProtoBuf$JvmFieldSignature$1               : loaded 2 times (x 146B)
Class org.jetbrains.kotlin.metadata.jvm.deserialization.UtfEncodingKt                 : loaded 2 times (x 73B)
Class org.gradle.tooling.internal.gradle.GradleBuildIdentity                          : loaded 2 times (x 72B)
Class org.jetbrains.plugins.gradle.tooling.serialization.SerializationService         : loaded 2 times (x 72B)
Class com.amazon.ion.impl.LocalSymbolTable                                            : loaded 2 times (x 129B)
Class com.amazon.ion.impl.lite.IonBlobLite                                            : loaded 2 times (x 222B)
Class com.android.tools.r8.graph.y2                                                   : loaded 2 times (x 167B)
Class com.android.tools.r8.dex.b                                                      : loaded 2 times (x 72B)
Class com.android.tools.r8.internal.ga                                                : loaded 2 times (x 74B)
Class com.android.tools.r8.internal.a01                                               : loaded 2 times (x 291B)
Class org.objectweb.asm.tree.TableSwitchInsnNode                                      : loaded 2 times (x 80B)
Class org.jetbrains.kotlin.buildtools.api.internal.KotlinCompilerVersionKt            : loaded 2 times (x 73B)
Class org.jetbrains.kotlin.build.report.metrics.DoNothingBuildMetricsReporter         : loaded 2 times (x 88B)
Class org.jetbrains.kotlin.name.FqName                                                : loaded 2 times (x 74B)
Class org.jetbrains.org.objectweb.asm.Type                                            : loaded 2 times (x 74B)
Class org.jetbrains.kotlin.metadata.ProtoBuf$Property                                 : loaded 2 times (x 173B)
Class org.jetbrains.kotlin.metadata.ProtoBuf$TypeParameterOrBuilder                   : loaded 2 times (x 72B)
Class org.jetbrains.kotlin.descriptors.CallableMemberDescriptor$Kind                  : loaded 2 times (x 81B)
Class com.amazon.ion.IonClob                                                          : loaded 2 times (x 72B)
Class io.opentelemetry.context.LazyStorage                                            : loaded 2 times (x 73B)
Class org.jetbrains.plugins.gradle.tooling.ModelBuilderService$Parameter              : loaded 2 times (x 72B)
Class org.jetbrains.kotlin.metadata.jvm.JvmProtoBuf$JvmPropertySignature$Builder      : loaded 2 times (x 142B)
Class [Lorg.jetbrains.org.objectweb.asm.Symbol;                                       : loaded 2 times (x 71B)
Class org.gradle.tooling.model.kotlin.dsl.KotlinDslScriptsModel                       : loaded 2 times (x 72B)
Class sync_studio_tooling6_6a2z4ync6yu7pjf1l338yai2d                                  : loaded 2 times (x 173B)
Class com.google.common.cache.LocalCache$WriteThroughEntry                            : loaded 2 times (x 81B)
Class com.google.common.cache.LocalCache$HashIterator                                 : loaded 2 times (x 88B)
Class com.google.common.collect.MapMakerInternalMap$StrongKeyDummyValueSegment        : loaded 2 times (x 143B)
Class org.gradle.internal.time.TimeSource                                             : loaded 2 times (x 72B)
Class org.gradle.tooling.model.idea.IdeaDependencyScope                               : loaded 2 times (x 72B)
Class kotlin.ranges.IntRange                                                          : loaded 2 times (x 95B)
Class [Lorg.gradle.api.JavaVersion;                                                   : loaded 2 times (x 71B)
Class gnu.trove.TObjectIntProcedure                                                   : loaded 2 times (x 72B)
Class com.android.tools.r8.internal.wc2                                               : loaded 2 times (x 287B)
Class com.android.tools.r8.internal.kq0                                               : loaded 2 times (x 289B)
Class com.android.tools.r8.synthesis.a0                                               : loaded 2 times (x 72B)
Class com.android.tools.r8.graph.k6$b                                                 : loaded 2 times (x 83B)
Class com.android.tools.r8.graph.p5                                                   : loaded 2 times (x 74B)
Class com.android.tools.r8.graph.c8                                                   : loaded 2 times (x 74B)
Class com.android.tools.r8.graph.s                                                    : loaded 2 times (x 77B)
Class com.android.tools.r8.internal.ty3                                               : loaded 2 times (x 84B)
Class com.android.tools.r8.internal.n11                                               : loaded 2 times (x 206B)
Class org.jetbrains.plugins.gradle.tooling.serialization.internal.IdeaProjectSerializationService$WriteContext$8: loaded 2 times (x 85B)
Class com.amazon.ion.impl.bin.IonManagedBinaryWriter                                  : loaded 2 times (x 167B)
Class com.amazon.ion.impl.bin.WriteBuffer                                             : loaded 2 times (x 80B)
Class com.android.tools.r8.internal.xz3                                               : loaded 2 times (x 84B)
Class com.android.tools.r8.internal.j83                                               : loaded 2 times (x 87B)
Class com.android.tools.r8.internal.cx                                                : loaded 2 times (x 86B)
Class com.android.tools.r8.internal.e51                                               : loaded 2 times (x 72B)
Class com.android.tools.r8.graph.qa                                                   : loaded 2 times (x 72B)
Class com.android.tools.r8.graph.e8$a                                                 : loaded 2 times (x 79B)
Class com.android.tools.r8.threading.ThreadingModule                                  : loaded 2 times (x 72B)
Class com.android.tools.r8.dex.a                                                      : loaded 2 times (x 74B)
Class com.android.tools.r8.internal.pu                                                : loaded 2 times (x 78B)
Class com.android.tools.r8.synthesis.z0                                               : loaded 2 times (x 77B)
Class com.android.tools.r8.internal.ng2                                               : loaded 2 times (x 82B)
Class com.android.tools.r8.internal.d70                                               : loaded 2 times (x 74B)
Class com.google.common.collect.MapMakerInternalMap$InternalEntry                     : loaded 2 times (x 72B)
Class com.google.common.reflect.Types$TypeVariableInvocationHandler                   : loaded 2 times (x 77B)
Class ijJvmDebugger1_cca3zwhp1kol7b8hrg8gkricc$_run_closure1$_closure2                : loaded 2 times (x 141B)
Class org.jetbrains.org.objectweb.asm.tree.AnnotationNode                             : loaded 2 times (x 82B)
Class org.jetbrains.kotlin.incremental.classpathDiff.ClassSnapshot                    : loaded 2 times (x 73B)
Class org.jetbrains.kotlin.load.kotlin.header.ReadKotlinClassHeaderAnnotationVisitor$KotlinMetadataArgumentVisitor$2: loaded 2 times (x 87B)
Class org.jetbrains.kotlin.metadata.jvm.JvmProtoBuf$StringTableTypes$Record$1         : loaded 2 times (x 146B)
Class org.jetbrains.kotlin.metadata.ProtoBuf$VersionRequirement$1                     : loaded 2 times (x 146B)
Class kotlin.collections.AbstractList$SubList                                         : loaded 2 times (x 200B)
Class com.google.common.collect.RegularImmutableSortedSet                             : loaded 2 times (x 302B)
Class kotlin.jvm.internal.Intrinsics$Kotlin                                           : loaded 2 times (x 73B)
Class org.jetbrains.plugins.gradle.tooling.serialization.internal.IdeaProjectSerializationService$WriteContext$7: loaded 2 times (x 85B)
Class org.jetbrains.plugins.gradle.model.RepositoryModels                             : loaded 2 times (x 72B)
Class com.amazon.ion.impl.lite.ValueFactoryLite                                       : loaded 2 times (x 220B)
Class com.android.tools.r8.internal.s01                                               : loaded 2 times (x 126B)
Class com.android.tools.r8.graph.l3                                                   : loaded 2 times (x 76B)
Class [Lcom.android.tools.r8.internal.gr3;                                            : loaded 2 times (x 71B)
Class com.android.tools.r8.tracereferences.j                                          : loaded 2 times (x 73B)
Class [Lcom.android.tools.r8.graph.w2;                                                : loaded 2 times (x 71B)
Class com.android.tools.r8.internal.sj3                                               : loaded 2 times (x 201B)
Class com.android.tools.r8.internal.wc                                                : loaded 2 times (x 73B)
Class org.jetbrains.kotlin.load.kotlin.header.ReadKotlinClassHeaderAnnotationVisitor$KotlinMetadataArgumentVisitor$1: loaded 2 times (x 87B)
Class org.jetbrains.kotlin.metadata.ProtoBuf$Class$1                                  : loaded 2 times (x 146B)
Class org.jetbrains.kotlin.protobuf.ExtensionRegistryLite$ObjectIntPair               : loaded 2 times (x 74B)
Class org.jetbrains.kotlin.descriptors.Visibilities$Public                            : loaded 2 times (x 81B)
Class org.gradle.internal.service.CachingServiceLocator                               : loaded 2 times (x 84B)
Class org.jetbrains.plugins.gradle.tooling.util.IntObjectMap                          : loaded 2 times (x 75B)
Class org.jetbrains.plugins.gradle.tooling.serialization.internal.IdeaProjectSerializationService$WriteContext$6: loaded 2 times (x 85B)
Class com.amazon.ion.IonType                                                          : loaded 2 times (x 81B)
Class com.amazon.ion.impl.lite._Private_LiteDomTrampoline                             : loaded 2 times (x 73B)
Class com.amazon.ion.impl.bin.IntList                                                 : loaded 2 times (x 79B)
Class com.android.tools.r8.internal.g11                                               : loaded 2 times (x 118B)
Class com.amazon.ion.impl.lite.IonLobLite                                             : loaded 2 times (x 187B)
Class com.amazon.ion.impl.lite.IonTextLite                                            : loaded 2 times (x 184B)
Class com.amazon.ion.IonNumber                                                        : loaded 2 times (x 72B)
Class gnu.trove.TObjectHashingStrategy                                                : loaded 2 times (x 72B)
Class org.gradle.tooling.internal.adapter.ProtocolToModelAdapter$ReflectionMethodInvoker: loaded 2 times (x 78B)
Class org.jetbrains.kotlin.metadata.ProtoBuf$VersionRequirementTable$1                : loaded 2 times (x 146B)
Class org.jetbrains.kotlin.metadata.ProtoBuf$Contract                                 : loaded 2 times (x 109B)
Class com.android.tools.r8.internal.gx0                                               : loaded 2 times (x 140B)
Class com.android.tools.r8.internal.jr3                                               : loaded 2 times (x 84B)
Class com.android.tools.r8.dex.y0                                                     : loaded 2 times (x 75B)
Class com.google.common.reflect.Types$NativeTypeVariableEquals                        : loaded 2 times (x 73B)
Class com.google.common.reflect.TypeParameter                                         : loaded 2 times (x 74B)
Class [Lcom.google.common.collect.MapMaker$Dummy;                                     : loaded 2 times (x 71B)
Class com.google.common.base.CharMatcher$Whitespace                                   : loaded 2 times (x 114B)
Class com.android.tools.r8.internal.s00                                               : loaded 2 times (x 288B)
Class com.android.tools.r8.internal.wb                                                : loaded 2 times (x 74B)
Class org.apache.commons.io.CloseableURLConnection                                    : loaded 2 times (x 118B)
Class com.google.common.collect.ImmutableMap$SerializedForm                           : loaded 2 times (x 75B)
Class org.gradle.internal.classloader.ClassLoaderFactory                              : loaded 2 times (x 72B)
Class com.google.common.collect.ImmutableSortedSet                                    : loaded 2 times (x 302B)
Class com.android.tools.r8.internal.k                                                 : loaded 2 times (x 80B)
Class com.android.tools.r8.internal.l50                                               : loaded 2 times (x 195B)
Class com.android.tools.r8.internal.ve2                                               : loaded 2 times (x 90B)
Class com.android.tools.r8.graph.t                                                    : loaded 2 times (x 76B)
Class com.android.tools.r8.dex.m0                                                     : loaded 2 times (x 82B)
Class [Lcom.android.tools.r8.internal.se1$f;                                          : loaded 2 times (x 71B)
Class com.android.tools.r8.internal.zw0                                               : loaded 2 times (x 84B)
Class com.android.tools.r8.internal.z01                                               : loaded 2 times (x 205B)
Class kotlin.sequences.SequencesKt___SequencesKt$sortedWith$1                         : loaded 2 times (x 77B)
Class com.intellij.gradle.toolingExtension.impl.model.sourceSetDependencyModel.GradleSourceSetDependencySerialisationService$SourceSetDependencyModelWriteContext: loaded 2 times (x 74B)
Class org.jetbrains.plugins.gradle.tooling.serialization.internal.IdeaProjectSerializationService$WriteContext$5: loaded 2 times (x 85B)
Class io.opentelemetry.context.ContextStorage                                         : loaded 2 times (x 72B)
Class com.intellij.gradle.toolingExtension.util.GradleVersionSpecificsUtil            : loaded 2 times (x 73B)
Class com.amazon.ion.BufferConfiguration$Builder                                      : loaded 2 times (x 80B)
Class jdk.internal.jrtfs.JrtFileAttributes                                            : loaded 2 times (x 85B)
Class com.android.tools.r8.ClassFileResourceProvider                                  : loaded 2 times (x 72B)
Class com.android.tools.r8.internal.l42                                               : loaded 2 times (x 138B)
Class com.android.tools.r8.shaking.x2                                                 : loaded 2 times (x 82B)
Class com.android.tools.r8.graph.l1                                                   : loaded 2 times (x 74B)
Class com.android.tools.r8.internal.xz0                                               : loaded 2 times (x 98B)
Class com.android.tools.r8.internal.hi3                                               : loaded 2 times (x 80B)
Class com.android.tools.r8.internal.r4                                                : loaded 2 times (x 80B)
Class org.objectweb.asm.tree.AbstractInsnNode                                         : loaded 2 times (x 80B)
Class org.jetbrains.kotlin.incremental.classpathDiff.InaccessibleClassSnapshot        : loaded 2 times (x 73B)
Class org.jetbrains.kotlin.com.intellij.openapi.diagnostic.LogLevel                   : loaded 2 times (x 81B)
Class [Lorg.jetbrains.kotlin.protobuf.Internal$EnumLite;                              : loaded 2 times (x 71B)
Class org.jetbrains.kotlin.metadata.ProtoBuf$Expression$ConstantValue                 : loaded 2 times (x 84B)
Class org.gradle.internal.service.ServiceLookupException                              : loaded 2 times (x 84B)
Class org.gradle.internal.time.MonotonicClock                                         : loaded 2 times (x 79B)
Class kotlin.jvm.internal.markers.KMutableList                                        : loaded 2 times (x 72B)
Class kotlin.text.MatchNamedGroupCollection                                           : loaded 2 times (x 72B)
Class com.google.common.collect.UsingToStringOrdering                                 : loaded 2 times (x 116B)
Class [Lkotlin.Pair;                                                                  : loaded 2 times (x 71B)
Class com.intellij.gradle.toolingExtension.impl.model.sourceSetDependencyModel.GradleSourceSetDependencySerialisationService$Companion: loaded 2 times (x 73B)
Class org.jetbrains.plugins.gradle.tooling.serialization.internal.IdeaProjectSerializationService$WriteContext$4: loaded 2 times (x 85B)
Class com.intellij.gradle.toolingExtension.impl.telemetry.GradleOpenTelemetry         : loaded 2 times (x 74B)
Class org.jetbrains.kotlin.idea.gradleTooling.AndroidAwareGradleModelProvider         : loaded 2 times (x 81B)
Class jdk.internal.jimage.ImageReader$Resource                                        : loaded 2 times (x 86B)
Class jdk.internal.jimage.decompressor.Decompressor                                   : loaded 2 times (x 74B)
Class com.android.tools.r8.internal.th1                                               : loaded 2 times (x 118B)
Class com.android.tools.r8.internal.y11                                               : loaded 2 times (x 78B)
Class com.android.tools.r8.internal.zg                                                : loaded 2 times (x 74B)
Class com.android.tools.r8.internal.ct                                                : loaded 2 times (x 77B)
Class com.android.tools.r8.graph.o7                                                   : loaded 2 times (x 74B)
Class com.android.tools.r8.startup.StartupProfileBuilder                              : loaded 2 times (x 72B)
Class com.android.tools.r8.internal.uf2                                               : loaded 2 times (x 82B)
Class com.android.tools.r8.internal.r3                                                : loaded 2 times (x 75B)
Class com.android.tools.r8.internal.b14                                               : loaded 2 times (x 72B)
Class com.android.tools.r8.internal.jc                                                : loaded 2 times (x 75B)
Class org.objectweb.asm.tree.ParameterNode                                            : loaded 2 times (x 75B)
Class com.google.common.reflect.TypeResolver$TypeTable$1                              : loaded 2 times (x 75B)
Class org.jetbrains.kotlin.protobuf.AbstractParser                                    : loaded 2 times (x 146B)
Class org.jetbrains.kotlin.metadata.ProtoBuf$Annotation$1                             : loaded 2 times (x 146B)
Class org.jetbrains.kotlin.metadata.ProtoBuf$VersionRequirement$VersionKind$1         : loaded 2 times (x 76B)
Class org.gradle.tooling.model.GradleProject                                          : loaded 2 times (x 72B)
Class kotlin.coroutines.jvm.internal.RestrictedContinuationImpl                       : loaded 2 times (x 89B)
Class org.gradle.util.internal.DefaultGradleVersion$Stage                             : loaded 2 times (x 77B)
Class gnu.trove.TObjectHash$NULL                                                      : loaded 2 times (x 73B)
Class [Lcom.amazon.ion.impl.bin.IonManagedBinaryWriter$UserState;                     : loaded 2 times (x 71B)
Class com.amazon.ion.impl.bin.utf8.Utf8StringEncoder                                  : loaded 2 times (x 82B)
Class com.amazon.ion.IonBool                                                          : loaded 2 times (x 72B)
Class com.google.common.collect.NullsLastOrdering                                     : loaded 2 times (x 117B)
Class org.jetbrains.plugins.gradle.tooling.serialization.internal.IdeaProjectSerializationService$WriteContext$3: loaded 2 times (x 85B)
Class org.jetbrains.kotlin.metadata.jvm.deserialization.JvmNameResolverBase$WhenMappings: loaded 2 times (x 73B)
Class org.jetbrains.kotlin.descriptors.Visibilities$Local                             : loaded 2 times (x 81B)
Class org.jetbrains.kotlin.protobuf.WireFormat                                        : loaded 2 times (x 73B)
Class org.jetbrains.kotlin.metadata.jvm.deserialization.BitEncoding                   : loaded 2 times (x 73B)
Class org.jetbrains.org.objectweb.asm.Attribute                                       : loaded 2 times (x 77B)
Class org.jetbrains.org.objectweb.asm.Label                                           : loaded 2 times (x 74B)
Class com.google.common.collect.ImmutableMapKeySet                                    : loaded 2 times (x 154B)
Class org.jetbrains.plugins.gradle.tooling.serialization.AnnotationProcessingModelSerializationService$ReadContext: loaded 2 times (x 74B)
Class [Lio.opentelemetry.context.Scope;                                               : loaded 2 times (x 71B)
Class com.amazon.ion.impl.bin.PooledBlockAllocatorProvider                            : loaded 2 times (x 75B)
Class org.objectweb.asm.tree.InsnList                                                 : loaded 2 times (x 105B)
Class com.android.tools.r8.internal.kc                                                : loaded 2 times (x 78B)
Class com.android.tools.r8.internal.zw1                                               : loaded 2 times (x 74B)
Class com.android.tools.r8.internal.s3                                                : loaded 2 times (x 73B)
Class com.android.tools.r8.graph.k6$d                                                 : loaded 2 times (x 72B)
Class com.android.tools.r8.utils.b                                                    : loaded 2 times (x 89B)
Class com.android.tools.r8.internal.l51                                               : loaded 2 times (x 72B)
Class com.android.tools.r8.BackportedMethodListCommand                                : loaded 2 times (x 80B)
Class com.amazon.ion.IonContainer                                                     : loaded 2 times (x 72B)
Class com.amazon.ion.impl.lite.IonValueLite                                           : loaded 2 times (x 150B)
Class com.amazon.ion.impl._Private_IonSymbol                                          : loaded 2 times (x 72B)
Class com.android.tools.r8.internal.sz3                                               : loaded 2 times (x 82B)
Class [Lcom.android.tools.r8.graph.w;                                                 : loaded 2 times (x 71B)
Class com.android.tools.r8.internal.uf1                                               : loaded 2 times (x 296B)
Class com.android.tools.r8.internal.wo0                                               : loaded 2 times (x 72B)
Class com.android.tools.r8.internal.hi1                                               : loaded 2 times (x 78B)
Class com.android.tools.r8.internal.sw                                                : loaded 2 times (x 81B)
Class com.android.tools.r8.internal.yk2                                               : loaded 2 times (x 81B)
Class org.objectweb.asm.tree.InsnNode                                                 : loaded 2 times (x 80B)
Class com.google.common.io.CharStreams                                                : loaded 2 times (x 73B)
Class com.google.common.reflect.TypeResolver$TypeTable                                : loaded 2 times (x 75B)
Class kotlin.LazyKt__LazyJVMKt                                                        : loaded 2 times (x 73B)
Class org.jetbrains.kotlin.descriptors.Visibilities$Private                           : loaded 2 times (x 81B)
Class org.jetbrains.plugins.gradle.tooling.serialization.internal.IdeaProjectSerializationService$WriteContext$2: loaded 2 times (x 85B)
Class com.amazon.ion.impl.bin.utf8.Pool                                               : loaded 2 times (x 76B)
Class com.android.tools.r8.internal.r1                                                : loaded 2 times (x 83B)
Class com.android.tools.r8.internal.se1$p                                             : loaded 2 times (x 77B)
Class com.android.tools.r8.internal.dt3                                               : loaded 2 times (x 73B)
Class com.android.tools.r8.internal.ja                                                : loaded 2 times (x 74B)
Class com.android.tools.r8.internal.fy                                                : loaded 2 times (x 72B)
Class com.android.tools.r8.internal.nj3                                               : loaded 2 times (x 201B)
Class com.android.tools.r8.internal.bx1                                               : loaded 2 times (x 72B)
Class org.objectweb.asm.tree.IntInsnNode                                              : loaded 2 times (x 81B)
Class org.jetbrains.kotlin.com.intellij.openapi.diagnostic.Logger$DefaultFactory      : loaded 2 times (x 76B)
Class org.jetbrains.plugins.gradle.model.ExternalProject                              : loaded 2 times (x 72B)
Class org.jetbrains.plugins.gradle.tooling.serialization.internal.IdeaProjectSerializationService$WriteContext$1: loaded 2 times (x 85B)
Class [Lcom.amazon.ion.util.InputStreamInterceptor;                                   : loaded 2 times (x 71B)
Class com.amazon.ion.impl.bin.IonManagedBinaryWriter$SymbolState$4                    : loaded 2 times (x 82B)
Class jdk.internal.jimage.BasicImageReader$1                                          : loaded 2 times (x 79B)
Class com.android.tools.r8.internal.b11                                               : loaded 2 times (x 204B)
Class com.android.tools.r8.graph.o4                                                   : loaded 2 times (x 146B)
Class com.android.tools.r8.graph.ta                                                   : loaded 2 times (x 72B)
Class [Lcom.android.tools.r8.internal.zy1;                                            : loaded 2 times (x 71B)
Class com.android.tools.r8.internal.bx0                                               : loaded 2 times (x 84B)
Class com.android.tools.r8.internal.n00                                               : loaded 2 times (x 287B)
Class com.android.tools.r8.internal.am2                                               : loaded 2 times (x 81B)
Class com.android.tools.r8.internal.se1$o                                             : loaded 2 times (x 74B)
Class com.android.tools.r8.internal.su                                                : loaded 2 times (x 78B)
Class com.android.tools.r8.internal.pn                                                : loaded 2 times (x 72B)
Class com.android.tools.r8.internal.dt2                                               : loaded 2 times (x 96B)
Class com.android.tools.r8.internal.er3                                               : loaded 2 times (x 72B)
Class org.jetbrains.kotlin.load.kotlin.KotlinJvmBinaryClass$AnnotationVisitor         : loaded 2 times (x 72B)
Class org.jetbrains.org.objectweb.asm.AnnotationWriter                                : loaded 2 times (x 80B)
Class com.amazon.ion.IonLoader                                                        : loaded 2 times (x 72B)
Class io.opentelemetry.context.propagation.NoopTextMapPropagator                      : loaded 2 times (x 78B)
Class com.intellij.gradle.toolingExtension.model.repositoryModel.ProjectRepositoriesModel: loaded 2 times (x 72B)
Class org.jetbrains.plugins.gradle.model.GradleProperty                               : loaded 2 times (x 72B)
Class gnu.trove.TObjectCanonicalHashingStrategy                                       : loaded 2 times (x 80B)
Class com.google.common.collect.ImmutableRangeSet$ComplementRanges                    : loaded 2 times (x 209B)
Class [Lorg.jetbrains.kotlin.metadata.ProtoBuf$Effect$EffectType;                     : loaded 2 times (x 71B)
Class org.jetbrains.kotlin.metadata.jvm.deserialization.JvmProtoBufUtil               : loaded 2 times (x 73B)
Class org.jetbrains.org.objectweb.asm.Frame                                           : loaded 2 times (x 75B)
Class org.jetbrains.kotlin.incremental.classpathDiff.DirectoryOrJarReader$Companion   : loaded 2 times (x 73B)
Class org.jetbrains.kotlin.metadata.ProtoBuf$Function$1                               : loaded 2 times (x 146B)
Class kotlin.collections.IndexedValue                                                 : loaded 2 times (x 74B)
Class org.jetbrains.kotlin.metadata.deserialization.Flags$BooleanFlagField            : loaded 2 times (x 78B)
Class org.jetbrains.kotlin.metadata.ProtoBuf$Annotation$Argument$1                    : loaded 2 times (x 146B)
Class org.gradle.api.internal.classpath.DefaultModuleRegistry                         : loaded 2 times (x 86B)
Class org.gradle.tooling.model.idea.BasicIdeaProject                                  : loaded 2 times (x 72B)
Class org.objectweb.asm.tree.MultiANewArrayInsnNode                                   : loaded 2 times (x 80B)
Class com.android.tools.r8.internal.w60                                               : loaded 2 times (x 74B)
Class com.android.tools.r8.internal.y22                                               : loaded 2 times (x 96B)
Class com.android.tools.r8.internal.m                                                 : loaded 2 times (x 72B)
Class com.android.tools.r8.ir.desugar.desugaredlibrary.lint.DesugaredMethodsList      : loaded 2 times (x 76B)
Class com.android.tools.r8.graph.m1                                                   : loaded 2 times (x 178B)
Class com.android.tools.r8.DiagnosticsLevel                                           : loaded 2 times (x 81B)
Class com.google.common.collect.Lists$TransformingRandomAccessList                    : loaded 2 times (x 201B)
Class sync_studio_tooling1_1ujp58mwp32bynx4q381elwh6                                  : loaded 2 times (x 173B)
Class com.intellij.gradle.toolingExtension.impl.model.sourceSetArtifactIndex.GradleSourceSetArtifactBuildRequest: loaded 2 times (x 72B)
Class com.amazon.ion.IonBinaryWriter                                                  : loaded 2 times (x 72B)
Class com.amazon.ion.impl.bin.IonRawBinaryWriter$StreamFlushMode                      : loaded 2 times (x 81B)
Class com.amazon.ion.impl.bin.IonManagedBinaryWriter$SymbolState$3                    : loaded 2 times (x 82B)
Class com.amazon.ion.impl.bin.IonRawBinaryWriter$ContainerInfo                        : loaded 2 times (x 76B)
Class jdk.internal.jimage.ImageReader$Node                                            : loaded 2 times (x 86B)
Class com.android.tools.r8.graph.o3                                                   : loaded 2 times (x 76B)
Class [Lcom.android.tools.r8.internal.zm2;                                            : loaded 2 times (x 71B)
Class com.android.tools.r8.internal.e2                                                : loaded 2 times (x 186B)
Class com.android.tools.r8.internal.iw3                                               : loaded 2 times (x 72B)
Class com.android.tools.r8.internal.qq1                                               : loaded 2 times (x 74B)
Class com.android.tools.r8.internal.se1$n                                             : loaded 2 times (x 73B)
Class com.android.tools.r8.graph.b6                                                   : loaded 2 times (x 96B)
Class com.android.tools.r8.internal.h9                                                : loaded 2 times (x 89B)
Class com.android.tools.r8.internal.ml0                                               : loaded 2 times (x 89B)
Class com.android.tools.r8.internal.b10                                               : loaded 2 times (x 72B)
Class org.jetbrains.kotlin.metadata.ProtoBuf$Expression                               : loaded 2 times (x 122B)
Class kotlin.coroutines.intrinsics.IntrinsicsKt__IntrinsicsKt                         : loaded 2 times (x 73B)
Class kotlin.text.RegexKt                                                             : loaded 2 times (x 73B)
Class com.google.common.collect.ImmutableSortedAsList                                 : loaded 2 times (x 223B)
Class com.intellij.gradle.toolingExtension.impl.model.warmUp.GradleTaskWarmUpRequest  : loaded 2 times (x 72B)
Class com.amazon.ion.IonNull                                                          : loaded 2 times (x 72B)
Class com.amazon.ion.impl.bin.IonManagedBinaryWriter$SymbolState$2                    : loaded 2 times (x 82B)
Class org.jetbrains.plugins.gradle.model.ExternalSourceSet                            : loaded 2 times (x 72B)
Class org.jetbrains.plugins.gradle.model.ProjectImportModelProvider                   : loaded 2 times (x 72B)
Class com.android.tools.r8.graph.o2                                                   : loaded 2 times (x 96B)
Class com.android.tools.r8.internal.tk3                                               : loaded 2 times (x 72B)
Class com.android.tools.r8.internal.tx0                                               : loaded 2 times (x 76B)
Class com.android.tools.r8.internal.l73                                               : loaded 2 times (x 147B)
Class com.android.tools.r8.internal.vo0$a                                             : loaded 2 times (x 72B)
Class com.android.tools.r8.internal.sm2                                               : loaded 2 times (x 80B)
Class com.android.tools.r8.internal.ss                                                : loaded 2 times (x 72B)
Class com.android.tools.r8.internal.ju3                                               : loaded 2 times (x 72B)
Class com.android.tools.r8.internal.f60                                               : loaded 2 times (x 77B)
Class com.android.tools.r8.internal.t11                                               : loaded 2 times (x 160B)
Class com.android.builder.utils.ZipEntryUtils                                         : loaded 2 times (x 73B)
Class org.jetbrains.kotlin.name.FqNameUnsafe                                          : loaded 2 times (x 74B)
Class org.jetbrains.kotlin.load.kotlin.FileBasedKotlinClass$3$1                       : loaded 2 times (x 80B)
Class org.jetbrains.kotlin.metadata.jvm.JvmProtoBuf$JvmMethodSignature$1              : loaded 2 times (x 146B)
Class org.jetbrains.kotlin.protobuf.WireFormat$FieldType$4                            : loaded 2 times (x 84B)
Class org.jetbrains.kotlin.metadata.ProtoBuf$Type$1                                   : loaded 2 times (x 146B)
Class com.amazon.ion.impl._Private_Utils                                              : loaded 2 times (x 73B)
Class kotlin.ranges.IntRange$Companion                                                : loaded 2 times (x 73B)
Class kotlin.text.MatcherMatchResult$groups$1                                         : loaded 2 times (x 153B)
Class kotlin.collections.EmptyMap                                                     : loaded 2 times (x 110B)
Class kotlin.jvm.internal.markers.KMutableCollection                                  : loaded 2 times (x 72B)
Class kotlin.coroutines.intrinsics.IntrinsicsKt                                       : loaded 2 times (x 73B)
Class org.gradle.internal.exceptions.MultiCauseException                              : loaded 2 times (x 72B)
Class org.gradle.internal.time.CountdownTimer                                         : loaded 2 times (x 72B)
Class org.jetbrains.kotlin.metadata.ProtoBuf$Type$Argument                            : loaded 2 times (x 112B)
Class org.jetbrains.org.objectweb.asm.tree.ClassNode                                  : loaded 2 times (x 92B)
Class org.jetbrains.kotlin.load.kotlin.FileBasedKotlinClass$InnerClassesInfo          : loaded 2 times (x 76B)
Class org.jetbrains.kotlin.metadata.ProtoBuf$Contract$1                               : loaded 2 times (x 146B)
Class [Lorg.jetbrains.kotlin.metadata.ProtoBuf$Annotation$Argument$Value$Type;        : loaded 2 times (x 71B)
Class org.jetbrains.kotlin.metadata.ProtoBuf$VersionRequirementOrBuilder              : loaded 2 times (x 72B)
Class com.google.common.base.Suppliers$NonSerializableMemoizingSupplier               : loaded 2 times (x 81B)
Class com.google.gson.internal.Streams$AppendableWriter                               : loaded 2 times (x 101B)
Class org.jetbrains.kotlin.metadata.ProtoBuf$VersionRequirement$Level                 : loaded 2 times (x 84B)
Class org.jetbrains.kotlin.descriptors.Visibilities$Internal                          : loaded 2 times (x 81B)
Class org.gradle.tooling.internal.adapter.ObjectGraphAdapter                          : loaded 2 times (x 72B)
Class com.intellij.gradle.toolingExtension.impl.model.dependencyModel.DependencyReadContext: loaded 2 times (x 74B)
Class com.android.tools.r8.internal.z04                                               : loaded 2 times (x 118B)
Class com.android.tools.r8.internal.cg2                                               : loaded 2 times (x 82B)
Class com.android.tools.r8.utils.d                                                    : loaded 2 times (x 89B)
Class com.android.tools.r8.internal.x42                                               : loaded 2 times (x 72B)
Class com.android.tools.r8.graph.w                                                    : loaded 2 times (x 78B)
Class com.intellij.gradle.toolingExtension.impl.model.sourceSetDependencyModel.GradleSourceSetDependencySerialisationService$SourceSetDependencyModelReadContext: loaded 2 times (x 74B)
Class org.jetbrains.plugins.gradle.model.VersionCatalogsModel                         : loaded 2 times (x 72B)
Class [Lcom.amazon.ion.IonType;                                                       : loaded 2 times (x 71B)
Class com.amazon.ion.impl.LocalSymbolTableAsStruct$Factory                            : loaded 2 times (x 81B)
Class com.amazon.ion.impl.bin.IonManagedBinaryWriter$SymbolState$1                    : loaded 2 times (x 82B)
Class jdk.internal.jimage.decompressor.ResourceDecompressorFactory                    : loaded 2 times (x 76B)
Class com.android.tools.r8.internal.m53                                               : loaded 2 times (x 72B)
Class com.android.tools.r8.internal.ci1                                               : loaded 2 times (x 77B)
Class com.android.tools.r8.graph.b4                                                   : loaded 2 times (x 74B)
Class com.android.tools.r8.internal.se1$l                                             : loaded 2 times (x 73B)
Class com.android.tools.r8.graph.r8                                                   : loaded 2 times (x 80B)
Class com.android.tools.r8.synthesis.p0                                               : loaded 2 times (x 81B)
Class com.android.tools.r8.internal.dg2                                               : loaded 2 times (x 76B)
Class com.android.tools.r8.internal.h21                                               : loaded 2 times (x 216B)
Class com.android.build.gradle.internal.dependency.ExtractAarTransformKt              : loaded 2 times (x 73B)
Class com.google.common.base.Splitter$SplittingIterator                               : loaded 2 times (x 85B)
Class org.apache.commons.io.output.NullWriter                                         : loaded 2 times (x 101B)
Class ijJvmDebugger1_cca3zwhp1kol7b8hrg8gkricc$_run_closure1                          : loaded 2 times (x 140B)
Class org.jetbrains.org.objectweb.asm.AnnotationVisitor                               : loaded 2 times (x 80B)
Class org.jetbrains.kotlin.protobuf.WireFormat$FieldType$3                            : loaded 2 times (x 84B)
Class org.gradle.internal.installation.GradleInstallation$1                           : loaded 2 times (x 77B)
Class org.gradle.api.internal.classpath.ModuleRegistry                                : loaded 2 times (x 72B)
Class com.google.common.collect.SortedIterable                                        : loaded 2 times (x 72B)
Class com.intellij.util.containers.IntObjectHashMap                                   : loaded 2 times (x 74B)
Class org.jetbrains.plugins.gradle.model.ExternalDependency                           : loaded 2 times (x 72B)
Class jdk.internal.jimage.ImageReader$SharedImageReader                               : loaded 2 times (x 97B)
Class com.android.tools.r8.graph.o0                                                   : loaded 2 times (x 72B)
Class com.android.tools.r8.internal.zy1                                               : loaded 2 times (x 72B)
Class com.android.tools.r8.ProgramResourceProvider                                    : loaded 2 times (x 72B)
Class com.android.tools.r8.internal.m52                                               : loaded 2 times (x 72B)
Class com.android.tools.r8.graph.b3                                                   : loaded 2 times (x 75B)
Class com.android.tools.r8.internal.se1$k                                             : loaded 2 times (x 79B)
Class com.android.tools.r8.internal.cm                                                : loaded 2 times (x 125B)
Class com.android.tools.r8.internal.mc                                                : loaded 2 times (x 74B)
Class com.android.tools.r8.internal.x60                                               : loaded 2 times (x 74B)
Class ijJvmDebugger1_cca3zwhp1kol7b8hrg8gkricc                                        : loaded 2 times (x 173B)
Class org.jetbrains.kotlin.protobuf.WireFormat$FieldType$2                            : loaded 2 times (x 84B)
Class [Lorg.jetbrains.kotlin.protobuf.WireFormat$FieldType;                           : loaded 2 times (x 71B)
Class org.jetbrains.kotlin.metadata.ProtoBuf$ValueParameter$1                         : loaded 2 times (x 146B)
Class org.jetbrains.kotlin.metadata.ProtoBuf$TypeParameter                            : loaded 2 times (x 131B)
Class org.gradle.tooling.internal.adapter.ProtocolToModelAdapter$MethodInvocationCache: loaded 2 times (x 75B)
Class org.jetbrains.plugins.gradle.model.IntelliJProjectSettings                      : loaded 2 times (x 72B)
Class io.opentelemetry.context.Context                                                : loaded 2 times (x 72B)
Class jdk.internal.jimage.ImageReader                                                 : loaded 2 times (x 77B)
Class [Lcom.android.tools.r8.graph.a3;                                                : loaded 2 times (x 71B)
Class com.android.tools.r8.internal.jh3                                               : loaded 2 times (x 73B)
Class com.android.tools.r8.graph.b2                                                   : loaded 2 times (x 129B)
Class com.android.tools.r8.internal.tk0                                               : loaded 2 times (x 77B)
Class jdk.internal.jrtfs.JrtFileSystem                                                : loaded 2 times (x 104B)
Class io.opentelemetry.api.trace.Span                                                 : loaded 2 times (x 72B)
Class com.intellij.gradle.toolingExtension.impl.model.projectModel.GradleExternalProjectSerializationService$ReadContext: loaded 2 times (x 75B)
Class com.intellij.gradle.toolingExtension.impl.model.dependencyModel.DependencyWriteContext: loaded 2 times (x 74B)
Class kotlin.coroutines.intrinsics.CoroutineSingletons                                : loaded 2 times (x 81B)
Class org.gradle.tooling.model.ProjectModel                                           : loaded 2 times (x 72B)
Class org.gradle.tooling.model.gradle.GradleBuild                                     : loaded 2 times (x 72B)
Class org.jetbrains.kotlin.resolve.scopes.receivers.Receiver                          : loaded 2 times (x 72B)
Class org.jetbrains.kotlin.metadata.ProtoBuf$Modality$1                               : loaded 2 times (x 76B)
Class org.jetbrains.org.objectweb.asm.tree.TypeAnnotationNode                         : loaded 2 times (x 82B)
Class com.android.tools.r8.internal.sp                                                : loaded 2 times (x 89B)
Class com.google.common.collect.AbstractMapBasedMultimap$RandomAccessWrappedList      : loaded 2 times (x 207B)
Class org.jetbrains.kotlin.cli.common.CompilerSystemProperties$Companion              : loaded 2 times (x 73B)
Class com.android.tools.r8.internal.se1$j                                             : loaded 2 times (x 73B)
Class com.android.tools.r8.internal.x9                                                : loaded 2 times (x 73B)
Class org.objectweb.asm.tree.InvokeDynamicInsnNode                                    : loaded 2 times (x 80B)
Class com.android.tools.r8.internal.fn3                                               : loaded 2 times (x 296B)
Class com.android.tools.r8.internal.nm                                                : loaded 2 times (x 129B)
Class com.android.tools.r8.internal.ap                                                : loaded 2 times (x 131B)
Class com.android.tools.r8.internal.iu3                                               : loaded 2 times (x 85B)
Class com.android.tools.r8.internal.rm2                                               : loaded 2 times (x 80B)
Class com.android.tools.r8.BackportedMethodList                                       : loaded 2 times (x 73B)
Class com.android.tools.r8.internal.c2                                                : loaded 2 times (x 106B)
Class com.android.tools.r8.graph.m3                                                   : loaded 2 times (x 74B)
Class com.android.tools.r8.internal.sx0                                               : loaded 2 times (x 85B)
Class com.android.tools.r8.internal.s11                                               : loaded 2 times (x 148B)
Class com.android.tools.r8.internal.m51                                               : loaded 2 times (x 76B)
Class com.android.tools.r8.internal.u2                                                : loaded 2 times (x 72B)
Class com.android.tools.r8.internal.pi                                                : loaded 2 times (x 85B)
Class com.android.tools.r8.internal.mo3                                               : loaded 2 times (x 79B)
Class com.google.common.collect.AbstractMapBasedMultimap$AsMap$AsMapEntries           : loaded 2 times (x 140B)
Class [Lorg.jetbrains.kotlin.buildtools.api.jvm.ClassSnapshotGranularity;             : loaded 2 times (x 71B)
Class com.google.common.reflect.TypeToken$2                                           : loaded 2 times (x 112B)
Class ijKotlinCoroutineJvmDebugInit1_85bfuja8rac0unm46qyl0ltzh                        : loaded 2 times (x 173B)
Class org.jetbrains.kotlin.protobuf.ByteString                                        : loaded 2 times (x 110B)
Class org.jetbrains.kotlin.metadata.jvm.JvmProtoBuf$JvmMethodSignatureOrBuilder       : loaded 2 times (x 72B)
Class org.jetbrains.kotlin.protobuf.WireFormat$FieldType$1                            : loaded 2 times (x 84B)
Class org.jetbrains.kotlin.protobuf.GeneratedMessageLite$Builder                      : loaded 2 times (x 130B)
Class org.jetbrains.kotlin.metadata.ProtoBuf$Class$Kind                               : loaded 2 times (x 84B)
Class org.jetbrains.kotlin.metadata.ProtoBuf$Annotation$Argument                      : loaded 2 times (x 110B)
Class org.jetbrains.org.objectweb.asm.tree.LocalVariableNode                          : loaded 2 times (x 75B)
Class kotlin.Metadata                                                                 : loaded 2 times (x 72B)
Class kotlin.text.MatchResult$Destructured                                            : loaded 2 times (x 74B)
Class com.android.ide.gradle.model.composites.BuildMap                                : loaded 2 times (x 72B)
Class com.amazon.ion.UnknownSymbolException                                           : loaded 2 times (x 87B)
Class com.android.tools.r8.internal.h4                                                : loaded 2 times (x 75B)
Class com.android.tools.r8.graph.b1                                                   : loaded 2 times (x 72B)
Class com.android.tools.r8.graph.r5                                                   : loaded 2 times (x 143B)
Class com.android.tools.r8.internal.nz0                                               : loaded 2 times (x 73B)
Class com.android.tools.r8.internal.se1$i                                             : loaded 2 times (x 81B)
Class com.android.tools.r8.graph.e8                                                   : loaded 2 times (x 108B)
Class com.android.tools.r8.synthesis.c0                                               : loaded 2 times (x 79B)
Class org.objectweb.asm.tree.RecordComponentNode                                      : loaded 2 times (x 81B)
Class org.objectweb.asm.tree.LabelNode                                                : loaded 2 times (x 82B)
Class com.google.common.reflect.TypeToken$1                                           : loaded 2 times (x 112B)
Class org.jetbrains.kotlin.load.kotlin.FileBasedKotlinClass$4                         : loaded 2 times (x 90B)
Class org.gradle.tooling.model.Model                                                  : loaded 2 times (x 72B)
Class io.opentelemetry.context.ThreadLocalContextStorage                              : loaded 2 times (x 87B)
Class com.amazon.ion.impl.bin.IonRawBinaryWriter$ThrowingRunnable                     : loaded 2 times (x 72B)
Class com.amazon.ion.impl.bin.IonManagedBinaryWriter$LocalSymbolTableView             : loaded 2 times (x 121B)
Class jdk.internal.jimage.ImageStringsReader                                          : loaded 2 times (x 82B)
Class com.android.tools.r8.internal.g73                                               : loaded 2 times (x 205B)
Class com.android.tools.r8.graph.r4                                                   : loaded 2 times (x 141B)
Class com.android.tools.r8.internal.ox0                                               : loaded 2 times (x 72B)
Class jdk.internal.jimage.decompressor.CompressedResourceHeader                       : loaded 2 times (x 73B)
Class org.jetbrains.plugins.gradle.model.GradleConfiguration                          : loaded 2 times (x 72B)
Class com.amazon.ion.impl.bin.utf8.Utf8StringEncoderPool                              : loaded 2 times (x 76B)
Class com.amazon.ion.impl._Private_IonSystem                                          : loaded 2 times (x 72B)
Class com.amazon.ion.BufferConfiguration$OversizedValueHandler                        : loaded 2 times (x 72B)
Class kotlin.ranges.OpenEndRange                                                      : loaded 2 times (x 72B)
Class kotlin.sequences.SequenceBuilderIterator                                        : loaded 2 times (x 87B)
Class org.jetbrains.kotlin.metadata.jvm.JvmProtoBuf$1                                 : loaded 2 times (x 73B)
Class org.jetbrains.kotlin.metadata.ProtoBuf$VersionRequirement                       : loaded 2 times (x 118B)
Class com.android.tools.r8.internal.se1$h                                             : loaded 2 times (x 75B)
Class com.google.common.reflect.Types$JavaVersion$1                                   : loaded 2 times (x 85B)
Class com.google.common.collect.AbstractIterator$State                                : loaded 2 times (x 81B)
Class com.android.tools.r8.internal.lq0                                               : loaded 2 times (x 77B)
Class com.android.tools.r8.internal.xc2                                               : loaded 2 times (x 77B)
Class com.android.tools.r8.internal.o11                                               : loaded 2 times (x 127B)
Class com.android.tools.r8.profile.art.ArtProfileBuilder                              : loaded 2 times (x 72B)
Class com.android.tools.r8.internal.xd                                                : loaded 2 times (x 72B)
Class com.android.tools.r8.internal.qu                                                : loaded 2 times (x 78B)
Class com.android.tools.r8.graph.ra                                                   : loaded 2 times (x 234B)
Class com.android.tools.r8.graph.y                                                    : loaded 2 times (x 166B)
Class com.android.tools.r8.internal.ok3                                               : loaded 2 times (x 72B)
Class com.android.tools.r8.internal.ix                                                : loaded 2 times (x 75B)
Class org.jetbrains.kotlin.load.kotlin.FileBasedKotlinClass$3                         : loaded 2 times (x 80B)
Class org.jetbrains.org.objectweb.asm.ClassWriter                                     : loaded 2 times (x 107B)
Class org.jetbrains.kotlin.metadata.ProtoBuf$Type                                     : loaded 2 times (x 146B)
Class org.jetbrains.kotlin.metadata.ProtoBuf$Property$1                               : loaded 2 times (x 146B)
Class org.jetbrains.kotlin.metadata.ProtoBuf$Class                                    : loaded 2 times (x 187B)
Class org.gradle.api.internal.classpath.DefaultModuleRegistry$DefaultModuleAlias      : loaded 2 times (x 82B)
Class org.jetbrains.plugins.gradle.tooling.serialization.ExternalTestsSerializationService$WriteContext: loaded 2 times (x 74B)
Class com.intellij.platform.diagnostic.telemetry.rt.context.TelemetryContext          : loaded 2 times (x 135B)
Class [Lio.opentelemetry.context.ContextStorage;                                      : loaded 2 times (x 71B)
Class [Lio.opentelemetry.api.trace.TraceFlags;                                        : loaded 2 times (x 71B)
Class org.jetbrains.kotlin.idea.gradleTooling.KotlinGradleModel                       : loaded 2 times (x 72B)
Class com.amazon.ion.impl.bin.IonManagedBinaryWriter$SymbolResolverBuilder            : loaded 2 times (x 72B)
Class com.amazon.ion.system.IonSystemBuilder$Mutable                                  : loaded 2 times (x 77B)
Class [Lcom.android.tools.r8.internal.u01;                                            : loaded 2 times (x 71B)
Class com.android.tools.r8.internal.c21                                               : loaded 2 times (x 78B)
Class com.android.tools.r8.internal.ok2                                               : loaded 2 times (x 72B)
Class com.android.tools.r8.internal.se1$g                                             : loaded 2 times (x 82B)
Class com.android.tools.r8.internal.ga0                                               : loaded 2 times (x 112B)
Class com.android.tools.r8.naming.p1                                                  : loaded 2 times (x 81B)
Class com.android.tools.r8.internal.cy0                                               : loaded 2 times (x 89B)
Class com.android.tools.r8.internal.iw                                                : loaded 2 times (x 73B)
Class org.objectweb.asm.tree.TypeInsnNode                                             : loaded 2 times (x 81B)
Class org.objectweb.asm.tree.InnerClassNode                                           : loaded 2 times (x 75B)
Class com.google.errorprone.annotations.DoNotMock                                     : loaded 2 times (x 72B)
Class com.google.common.io.CharSource$CharSequenceCharSource                          : loaded 2 times (x 88B)
Class com.google.common.io.CharStreams$NullWriter                                     : loaded 2 times (x 101B)
Class org.jetbrains.kotlin.incremental.classpathDiff.ClasspathEntrySnapshotter$Settings: loaded 2 times (x 74B)
Class org.jetbrains.kotlin.load.kotlin.FileBasedKotlinClass$2                         : loaded 2 times (x 90B)
Class org.jetbrains.kotlin.com.intellij.openapi.diagnostic.Logger                     : loaded 2 times (x 101B)
Class org.jetbrains.kotlin.protobuf.GeneratedMessageLite$GeneratedExtension           : loaded 2 times (x 81B)
Class org.jetbrains.kotlin.metadata.ProtoBuf$Type$ArgumentOrBuilder                   : loaded 2 times (x 72B)
Class kotlin.collections.ArrayDeque                                                   : loaded 2 times (x 209B)
Class ijInit1_apgup0d2wlwz274dz06s9lbd0                                               : loaded 2 times (x 173B)
Class org.jetbrains.plugins.gradle.tooling.serialization.KotlinDslScriptsModelSerializationService: loaded 2 times (x 83B)
Class org.jetbrains.plugins.gradle.model.ExternalProjectDependency                    : loaded 2 times (x 72B)
Class com.android.tools.r8.internal.se1$f                                             : loaded 2 times (x 81B)
Class org.objectweb.asm.tree.IincInsnNode                                             : loaded 2 times (x 80B)
Class com.google.common.collect.Interners$InternerBuilder                             : loaded 2 times (x 78B)
Class org.jetbrains.kotlin.buildtools.api.internal.KotlinCompilerVersion              : loaded 2 times (x 77B)
Class [Lcom.google.common.reflect.Types$JavaVersion;                                  : loaded 2 times (x 71B)
Class kotlin.sequences.SequencesKt__SequencesKt$asSequence$$inlined$Sequence$1        : loaded 2 times (x 77B)
Class org.jetbrains.kotlin.incremental.classpathDiff.impl.InnerClassesClassVisitor    : loaded 2 times (x 90B)
Class org.jetbrains.kotlin.load.kotlin.FileBasedKotlinClass$1                         : loaded 2 times (x 90B)
Class org.jetbrains.kotlin.metadata.deserialization.TypeTable                         : loaded 2 times (x 74B)
Class org.gradle.internal.classpath.ClassPath                                         : loaded 2 times (x 72B)
Class io.opentelemetry.api.trace.ImmutableTraceFlags                                  : loaded 2 times (x 79B)
Class [Lcom.amazon.ion.SymbolToken;                                                   : loaded 2 times (x 71B)
Class Settings_gradle$1                                                               : loaded 2 times (x 76B)
Class com.amazon.ion.IonDecimal                                                       : loaded 2 times (x 72B)
Class io.opentelemetry.api.OpenTelemetry                                              : loaded 2 times (x 72B)
Class org.jetbrains.plugins.gradle.model.tests.ExternalTestsModel                     : loaded 2 times (x 72B)
Class org.gradle.tooling.model.idea.IdeaLanguageLevel                                 : loaded 2 times (x 72B)
Class org.gradle.tooling.internal.adapter.ProtocolToModelAdapter$SafeMethodInvoker    : loaded 2 times (x 78B)
Class org.gradle.tooling.internal.adapter.WeakIdentityHashMap$WeakKey                 : loaded 2 times (x 82B)
Class org.gradle.internal.exceptions.DefaultMultiCauseException                       : loaded 2 times (x 97B)
Class org.jetbrains.org.objectweb.asm.Opcodes                                         : loaded 2 times (x 72B)
Class org.jetbrains.kotlin.descriptors.annotations.Annotated                          : loaded 2 times (x 72B)
Class org.jetbrains.kotlin.com.intellij.openapi.diagnostic.Attachment                 : loaded 2 times (x 74B)
Class org.jetbrains.kotlin.descriptors.SourceElement$1                                : loaded 2 times (x 76B)
Class [Lorg.jetbrains.org.objectweb.asm.AnnotationVisitor;                            : loaded 2 times (x 71B)
Class com.android.tools.r8.graph.r1                                                   : loaded 2 times (x 242B)
Class com.google.common.reflect.Types$JavaVersion$2                                   : loaded 2 times (x 85B)
Class com.google.common.reflect.Types                                                 : loaded 2 times (x 73B)
Class com.google.gson.internal.Streams                                                : loaded 2 times (x 73B)
Class com.google.common.hash.PrimitiveSink                                            : loaded 2 times (x 72B)
Class com.android.tools.r8.internal.mb1                                               : loaded 2 times (x 73B)
Class com.android.tools.r8.internal.s8                                                : loaded 2 times (x 101B)
Class com.android.tools.r8.internal.ak3                                               : loaded 2 times (x 201B)
Class com.android.tools.r8.internal.ha                                                : loaded 2 times (x 74B)
Class com.android.tools.r8.position.Position                                          : loaded 2 times (x 72B)
Class com.android.tools.r8.internal.c4                                                : loaded 2 times (x 75B)
Class com.android.tools.r8.internal.xk0                                               : loaded 2 times (x 77B)
Class com.android.tools.r8.internal.ax0                                               : loaded 2 times (x 82B)
Class com.android.tools.r8.internal.no                                                : loaded 2 times (x 100B)
Class com.android.tools.r8.internal.a11                                               : loaded 2 times (x 205B)
Class com.android.tools.r8.synthesis.s0                                               : loaded 2 times (x 107B)
Class com.android.tools.r8.references.TypeReference                                   : loaded 2 times (x 72B)
Class com.android.tools.r8.graph.e4                                                   : loaded 2 times (x 292B)
Class com.android.tools.r8.internal.se1$e                                             : loaded 2 times (x 73B)
Class com.android.tools.r8.internal.g70                                               : loaded 2 times (x 78B)
Class com.android.tools.r8.internal.gq2                                               : loaded 2 times (x 86B)
Class com.android.tools.r8.profile.art.ArtProfileProvider                             : loaded 2 times (x 72B)
Class com.android.tools.r8.ir.desugar.desugaredlibrary.lint.m$d                       : loaded 2 times (x 76B)
Class org.objectweb.asm.tree.UnsupportedClassVersionException                         : loaded 2 times (x 84B)
Class com.android.build.gradle.internal.dependency.AarTransform$WhenMappings          : loaded 2 times (x 73B)
Class org.jetbrains.kotlin.name.FqNameUnsafe$Companion                                : loaded 2 times (x 73B)
Class org.jetbrains.org.objectweb.asm.tree.FieldNode                                  : loaded 2 times (x 81B)
Class org.jetbrains.org.objectweb.asm.tree.LookupSwitchInsnNode                       : loaded 2 times (x 80B)
Class [Lorg.jetbrains.org.objectweb.asm.AnnotationWriter;                             : loaded 2 times (x 71B)
Class org.jetbrains.kotlin.load.kotlin.KotlinJvmBinaryClass$AnnotationArrayArgumentVisitor: loaded 2 times (x 72B)
Class org.jetbrains.kotlin.descriptors.DescriptorVisibilities                         : loaded 2 times (x 73B)
Class org.jetbrains.kotlin.descriptors.DeclarationDescriptor                          : loaded 2 times (x 72B)
Class kotlin.collections.IntIterator                                                  : loaded 2 times (x 84B)
Class com.intellij.gradle.toolingExtension.impl.model.projectModel.GradleExternalProjectSerializationService$WriteContext: loaded 2 times (x 75B)
Class com.amazon.ion.impl.bin._Private_IonManagedBinaryWriterBuilder                  : loaded 2 times (x 74B)
Class com.amazon.ion.impl._Private_IonWriter                                          : loaded 2 times (x 72B)
Class com.amazon.ion.impl.bin.IonManagedBinaryWriter$UserState                        : loaded 2 times (x 87B)
Class jdk.internal.jimage.decompressor.ResourceDecompressor                           : loaded 2 times (x 72B)
Class com.android.tools.r8.internal.v01                                               : loaded 2 times (x 119B)
Class com.android.tools.r8.graph.e3                                                   : loaded 2 times (x 75B)
Class com.android.tools.r8.ir.desugar.desugaredlibrary.lint.m$c                       : loaded 2 times (x 76B)
Class [Lcom.android.tools.r8.internal.up;                                             : loaded 2 times (x 71B)
Class com.android.tools.r8.internal.se1$d                                             : loaded 2 times (x 74B)
Class com.android.tools.r8.internal.lt3                                               : loaded 2 times (x 72B)
Class com.android.tools.r8.internal.h50                                               : loaded 2 times (x 108B)
Class com.android.tools.r8.startup.diagnostic.MissingStartupProfileItemsDiagnostic$a  : loaded 2 times (x 74B)
Class com.android.tools.r8.internal.cl0                                               : loaded 2 times (x 89B)
Class com.android.tools.r8.internal.i31                                               : loaded 2 times (x 75B)
Class com.android.tools.r8.internal.cf                                                : loaded 2 times (x 92B)
Class com.android.tools.r8.internal.vj3                                               : loaded 2 times (x 96B)
Class com.android.tools.r8.internal.pc                                                : loaded 2 times (x 72B)
Class com.android.tools.r8.graph.r0                                                   : loaded 2 times (x 213B)
Class com.google.common.collect.MapMakerInternalMap$Segment                           : loaded 2 times (x 143B)
Class com.google.common.reflect.TypeToken                                             : loaded 2 times (x 75B)
Class org.apache.commons.io.IOUtils                                                   : loaded 2 times (x 73B)
Class org.jetbrains.org.objectweb.asm.ByteVector                                      : loaded 2 times (x 80B)
Class org.jetbrains.kotlin.protobuf.SmallSortedMap$EmptySet$2                         : loaded 2 times (x 80B)
Class org.jetbrains.kotlin.metadata.ProtoBuf$ValueParameterOrBuilder                  : loaded 2 times (x 72B)
Class org.jetbrains.kotlin.metadata.jvm.JvmProtoBuf$JvmPropertySignature              : loaded 2 times (x 116B)
Class org.jetbrains.kotlin.metadata.ProtoBuf$PackageOrBuilder                         : loaded 2 times (x 72B)
Class org.jetbrains.kotlin.descriptors.Visibilities$Protected                         : loaded 2 times (x 81B)
Class com.amazon.ion.impl.bin.IonRawBinaryWriter$StreamCloseMode                      : loaded 2 times (x 81B)
Class com.amazon.ion.impl._Private_IonBinaryWriterBuilder$Mutable                     : loaded 2 times (x 117B)
Class io.opentelemetry.api.trace.PropagatedSpan                                       : loaded 2 times (x 114B)
Class com.intellij.gradle.toolingExtension.impl.model.projectModel.GradleExternalProjectSerializationService: loaded 2 times (x 79B)
Class kotlin.text.CharsKt__CharKt                                                     : loaded 2 times (x 73B)
Class kotlin.collections.ArrayDeque$Companion                                         : loaded 2 times (x 73B)
Class org.gradle.tooling.model.HierarchicalElement                                    : loaded 2 times (x 72B)
Class org.jetbrains.kotlin.metadata.ProtoBuf$Expression$1                             : loaded 2 times (x 146B)
Class org.jetbrains.kotlin.descriptors.DescriptorVisibility                           : loaded 2 times (x 80B)
Class org.jetbrains.kotlin.incremental.impl.ClassNodeSnapshotter                      : loaded 2 times (x 73B)
Class org.gradle.api.internal.ClassPathRegistry                                       : loaded 2 times (x 72B)
Class kotlin.LazyKt                                                                   : loaded 2 times (x 73B)
Class com.google.common.collect.ImmutableSetMultimap                                  : loaded 2 times (x 182B)
Class [Lorg.apache.commons.io.file.DeleteOption;                                      : loaded 2 times (x 71B)
Class com.google.common.reflect.Types$JavaVersion$3                                   : loaded 2 times (x 85B)
Class org.gradle.internal.classpath.DefaultClassPath$ImmutableUniqueList              : loaded 2 times (x 201B)
Class kotlin.ranges.ClosedRange                                                       : loaded 2 times (x 72B)
Class com.android.tools.r8.internal.ax1                                               : loaded 2 times (x 72B)
Class com.android.tools.r8.internal.xf                                                : loaded 2 times (x 85B)
Class [Lcom.android.tools.r8.internal.cg2;                                            : loaded 2 times (x 71B)
Class com.android.tools.r8.internal.d82                                               : loaded 2 times (x 74B)
Class com.android.tools.r8.graph.z3                                                   : loaded 2 times (x 74B)
Class org.jetbrains.plugins.gradle.tooling.serialization.RepositoriesModelSerializationService$ReadContext: loaded 2 times (x 74B)
Class io.opentelemetry.api.internal.AutoValue_ImmutableSpanContext                    : loaded 2 times (x 94B)
Class [Lcom.amazon.ion.impl.bin.AbstractIonWriter$WriteValueOptimization;             : loaded 2 times (x 71B)
Class com.android.tools.r8.internal.j11                                               : loaded 2 times (x 87B)
Class com.android.tools.r8.graph.e2                                                   : loaded 2 times (x 129B)
Class com.android.tools.r8.ir.desugar.desugaredlibrary.lint.m$b                       : loaded 2 times (x 76B)
Class com.android.tools.r8.internal.se1$c                                             : loaded 2 times (x 75B)
Class com.android.tools.r8.ir.desugar.desugaredlibrary.lint.o                         : loaded 2 times (x 75B)
Class com.android.tools.r8.internal.ce                                                : loaded 2 times (x 72B)
Class com.android.tools.r8.internal.sc2                                               : loaded 2 times (x 80B)
Class com.android.tools.r8.internal.v00                                               : loaded 2 times (x 288B)
Class com.android.tools.r8.internal.k5                                                : loaded 2 times (x 72B)
Class com.android.tools.r8.internal.fl                                                : loaded 2 times (x 127B)
Class com.google.common.reflect.Invokable$ConstructorInvokable                        : loaded 2 times (x 109B)
Class org.apache.commons.io.file.DeleteOption                                         : loaded 2 times (x 72B)
Class org.jetbrains.kotlin.protobuf.AbstractMessageLite$Builder$LimitedInputStream    : loaded 2 times (x 94B)
Class org.jetbrains.kotlin.protobuf.SmallSortedMap$EmptySet$1                         : loaded 2 times (x 80B)
Class org.jetbrains.kotlin.metadata.ProtoBuf$Type$Argument$Projection$1               : loaded 2 times (x 76B)
Class org.gradle.api.internal.DefaultClassPathRegistry                                : loaded 2 times (x 78B)
Class org.gradle.tooling.internal.gradle.GradleProjectIdentity                        : loaded 2 times (x 72B)
Class com.android.ide.gradle.model.artifacts.AdditionalClassifierArtifactsModel       : loaded 2 times (x 72B)
Class org.jetbrains.plugins.gradle.tooling.serialization.RepositoriesModelSerializationService: loaded 2 times (x 84B)
Class com.amazon.ion.impl.bin.Symbols                                                 : loaded 2 times (x 73B)
Class com.amazon.ion.IonBufferConfiguration                                           : loaded 2 times (x 74B)
Class com.android.tools.r8.internal.xs0                                               : loaded 2 times (x 74B)
Class com.android.tools.r8.internal.o42                                               : loaded 2 times (x 138B)
Class com.android.tools.r8.ir.desugar.desugaredlibrary.lint.m$a                       : loaded 2 times (x 76B)
Class com.android.tools.r8.internal.se1$b                                             : loaded 2 times (x 78B)
Class com.android.tools.r8.graph.e1                                                   : loaded 2 times (x 129B)
Class com.android.tools.r8.synthesis.f0                                               : loaded 2 times (x 74B)
Class com.android.tools.r8.internal.b72                                               : loaded 2 times (x 114B)
Class com.android.tools.r8.internal.ki3                                               : loaded 2 times (x 81B)
Class com.android.tools.r8.internal.ul0                                               : loaded 2 times (x 85B)
Class com.android.tools.r8.ir.desugar.desugaredlibrary.lint.n                         : loaded 2 times (x 74B)
Class com.android.builder.testing.MockableJarGenerator                                : loaded 2 times (x 75B)
Class org.objectweb.asm.tree.LineNumberNode                                           : loaded 2 times (x 80B)
Class org.objectweb.asm.tree.FrameNode                                                : loaded 2 times (x 80B)
Class com.google.common.base.Present                                                  : loaded 2 times (x 83B)
Class com.google.common.collect.AbstractMapBasedMultimap$AsMap$AsMapIterator          : loaded 2 times (x 85B)
Class com.google.common.collect.AbstractMapBasedMultimap$WrappedCollection$WrappedIterator: loaded 2 times (x 86B)
Class kotlin.io.ByteStreamsKt                                                         : loaded 2 times (x 73B)
Class org.jetbrains.org.objectweb.asm.MethodVisitor                                   : loaded 2 times (x 107B)
Class org.jetbrains.org.objectweb.asm.tree.VarInsnNode                                : loaded 2 times (x 80B)
Class org.jetbrains.org.objectweb.asm.FieldWriter                                     : loaded 2 times (x 79B)
Class [Lkotlin.reflect.KAnnotatedElement;                                             : loaded 2 times (x 71B)
Class com.android.tools.r8.graph.e0                                                   : loaded 2 times (x 72B)
Class com.android.tools.r8.graph.u4                                                   : loaded 2 times (x 137B)
Class com.amazon.ion.impl.bin.IonRawBinaryWriter$PatchPoint                           : loaded 2 times (x 74B)
Class com.amazon.ion.IonBlob                                                          : loaded 2 times (x 72B)
Class com.amazon.ion.IonLob                                                           : loaded 2 times (x 72B)
Class com.amazon.ion.IonSequence                                                      : loaded 2 times (x 72B)
Class io.opentelemetry.api.trace.TraceFlags                                           : loaded 2 times (x 72B)
Class org.jetbrains.plugins.gradle.tooling.serialization.ExternalTestsSerializationService: loaded 2 times (x 79B)
Class com.google.common.collect.ByFunctionOrdering                                    : loaded 2 times (x 117B)
Class kotlin.coroutines.EmptyCoroutineContext                                         : loaded 2 times (x 79B)
Class org.gradle.internal.time.Time                                                   : loaded 2 times (x 73B)
Class org.jetbrains.kotlin.metadata.ProtoBuf$ExpressionOrBuilder                      : loaded 2 times (x 72B)
Class [Lorg.jetbrains.kotlin.metadata.ProtoBuf$Type$Argument$Projection;              : loaded 2 times (x 71B)
Class org.jetbrains.kotlin.incremental.classpathDiff.JavaClassSnapshot                : loaded 2 times (x 77B)
Class org.jetbrains.org.objectweb.asm.RecordComponentWriter                           : loaded 2 times (x 79B)
Class com.android.tools.r8.internal.as2                                               : loaded 2 times (x 97B)
Class com.android.tools.r8.internal.iq                                                : loaded 2 times (x 92B)
Class com.google.common.reflect.Types$JavaVersion$4                                   : loaded 2 times (x 85B)
Class com.google.common.collect.MapMakerInternalMap$InternalEntryHelper               : loaded 2 times (x 72B)
Class com.google.common.collect.Maps$IteratorBasedAbstractMap                         : loaded 2 times (x 127B)
Class com.google.common.collect.Table                                                 : loaded 2 times (x 72B)
Class com.google.common.io.ByteSource$AsCharSource                                    : loaded 2 times (x 88B)
Class com.android.tools.r8.ir.desugar.desugaredlibrary.lint.m                         : loaded 2 times (x 75B)
Class com.android.tools.r8.internal.lx                                                : loaded 2 times (x 75B)
Class com.android.tools.r8.internal.hc                                                : loaded 2 times (x 78B)
Class com.android.tools.r8.internal.tf1                                               : loaded 2 times (x 77B)
Class com.android.tools.r8.graph.j0                                                   : loaded 2 times (x 74B)
Class com.android.tools.r8.internal.os3                                               : loaded 2 times (x 73B)
Class com.android.tools.r8.internal.vo0                                               : loaded 2 times (x 73B)
Class [Lcom.android.tools.r8.graph.p4;                                                : loaded 2 times (x 71B)
Class com.android.tools.r8.internal.o91                                               : loaded 2 times (x 72B)
Class com.android.tools.r8.utils.i                                                    : loaded 2 times (x 89B)
Class com.android.tools.r8.graph.m7                                                   : loaded 2 times (x 72B)
Class com.google.common.io.Files$2                                                    : loaded 2 times (x 78B)
Class com.google.common.base.NullnessCasts                                            : loaded 2 times (x 73B)
Class com.google.common.io.AppendableWriter                                           : loaded 2 times (x 101B)
Class org.apache.commons.io.filefilter.IOFileFilter                                   : loaded 2 times (x 72B)
Class org.jetbrains.kotlin.protobuf.LazyFieldLite                                     : loaded 2 times (x 84B)
Class org.jetbrains.kotlin.protobuf.LiteralByteString                                 : loaded 2 times (x 114B)
Class kotlin.collections.IndexingIterator                                             : loaded 2 times (x 81B)
Class kotlin.sequences.DistinctIterator                                               : loaded 2 times (x 85B)
Class org.jetbrains.plugins.gradle.tooling.serialization.ProjectDependenciesSerializationService$ReadContext: loaded 2 times (x 74B)
Class com.intellij.openapi.externalSystem.model.project.dependencies.ProjectDependencies: loaded 2 times (x 72B)
Class io.opentelemetry.api.trace.TraceStateBuilder                                    : loaded 2 times (x 72B)
Class jdk.internal.jimage.ImageHeader                                                 : loaded 2 times (x 73B)
Class com.android.tools.r8.graph.u3                                                   : loaded 2 times (x 75B)
Class com.android.tools.r8.graph.h6                                                   : loaded 2 times (x 96B)
Class com.android.tools.r8.internal.ss3                                               : loaded 2 times (x 76B)
Class com.android.tools.r8.synthesis.e0$a                                             : loaded 2 times (x 72B)
Class com.android.tools.r8.internal.b70                                               : loaded 2 times (x 72B)
Class org.jetbrains.kotlin.incremental.classpathDiff.AccessibleClassSnapshot          : loaded 2 times (x 75B)
Class [Lorg.jetbrains.kotlin.metadata.ProtoBuf$Class$Kind;                            : loaded 2 times (x 71B)
Class org.jetbrains.kotlin.metadata.ProtoBuf$TypeAliasOrBuilder                       : loaded 2 times (x 72B)
Class org.gradle.api.internal.classpath.UnknownModuleException                        : loaded 2 times (x 84B)
Class com.intellij.openapi.externalSystem.model.project.IExternalSystemSourceType     : loaded 2 times (x 72B)
Class com.amazon.ion.impl._Private_IonReaderBuilder$Mutable                           : loaded 2 times (x 99B)
Class [Lcom.amazon.ion.util.GzipStreamInterceptor;                                    : loaded 2 times (x 71B)
Class com.android.tools.r8.x1                                                         : loaded 2 times (x 72B)
Class com.android.tools.r8.graph.x9                                                   : loaded 2 times (x 72B)
Class [Lcom.android.tools.r8.graph.x9;                                                : loaded 2 times (x 71B)
Class com.android.tools.r8.graph.u2                                                   : loaded 2 times (x 108B)
Class com.android.tools.r8.ir.desugar.desugaredlibrary.lint.k                         : loaded 2 times (x 74B)
Class [Lcom.android.tools.r8.graph.u2;                                                : loaded 2 times (x 71B)
Class com.android.tools.r8.internal.lg1                                               : loaded 2 times (x 297B)
Class org.jetbrains.kotlin.metadata.deserialization.Flags$FlagField                   : loaded 2 times (x 75B)
Class org.gradle.api.internal.classpath.Module                                        : loaded 2 times (x 72B)
Class org.gradle.tooling.internal.gradle.DefaultBuildIdentifier                       : loaded 2 times (x 81B)
Class org.gradle.tooling.internal.adapter.ProtocolToModelAdapter$AdaptingMethodInvoker: loaded 2 times (x 78B)
Class org.jetbrains.plugins.gradle.tooling.util.ObjectCollector                       : loaded 2 times (x 74B)
Class org.jetbrains.plugins.gradle.model.GradleTaskModel                              : loaded 2 times (x 72B)
Class com.amazon.ion.impl.bin._Private_IonManagedBinaryWriterBuilder$AllocatorMode    : loaded 2 times (x 82B)
Class com.amazon.ion.impl._Private_SymbolToken                                        : loaded 2 times (x 72B)
Class com.amazon.ion.impl.bin.IonManagedBinaryWriter$SymbolResolver                   : loaded 2 times (x 72B)
Class com.android.tools.r8.internal.ek3                                               : loaded 2 times (x 205B)
Class com.android.tools.r8.internal.e11                                               : loaded 2 times (x 149B)
Class com.android.tools.r8.graph.h4                                                   : loaded 2 times (x 174B)
Class com.android.tools.r8.internal.n7                                                : loaded 2 times (x 72B)
Class com.android.tools.r8.graph.u1                                                   : loaded 2 times (x 183B)
Class com.android.tools.r8.internal.ex0                                               : loaded 2 times (x 140B)
Class com.android.tools.r8.ProgramResource                                            : loaded 2 times (x 72B)
Class com.android.tools.r8.synthesis.v0                                               : loaded 2 times (x 76B)
Class com.android.tools.r8.internal.sd                                                : loaded 2 times (x 72B)
Class com.android.tools.r8.internal.v32                                               : loaded 2 times (x 73B)
Class com.android.tools.r8.internal.hr3                                               : loaded 2 times (x 72B)
Class org.apache.commons.io.output.NullOutputStream                                   : loaded 2 times (x 87B)
Class org.jetbrains.kotlin.incremental.classpathDiff.impl.ClassFileWithContents       : loaded 2 times (x 74B)
Class org.jetbrains.kotlin.protobuf.ByteString$ByteIterator                           : loaded 2 times (x 72B)
Class com.amazon.ion.system.IonTextWriterBuilder                                      : loaded 2 times (x 99B)
Class com.amazon.ion.impl.bin.IonManagedBinaryWriter$ImportedSymbolResolverMode$1$1$1 : loaded 2 times (x 78B)
Class com.amazon.ion.impl._Private_LocalSymbolTableFactory                            : loaded 2 times (x 72B)
Class org.jetbrains.plugins.gradle.tooling.serialization.AnnotationProcessingModelSerializationService: loaded 2 times (x 79B)
Class org.jetbrains.kotlin.metadata.ProtoBuf$EnumEntryOrBuilder                       : loaded 2 times (x 72B)
Class org.jetbrains.kotlin.descriptors.ValidateableDescriptor                         : loaded 2 times (x 72B)
Class org.gradle.internal.time.DefaultCountdownTimer                                  : loaded 2 times (x 90B)
Class org.jetbrains.kotlin.metadata.jvm.JvmProtoBuf$JvmPropertySignature$1            : loaded 2 times (x 146B)
Class org.jetbrains.org.objectweb.asm.MethodWriter                                    : loaded 2 times (x 107B)
Class kotlin.Result$Failure                                                           : loaded 2 times (x 74B)
Class com.google.common.reflect.Types$JavaVersion$5                                   : loaded 2 times (x 73B)
Class [Lcom.google.common.reflect.Types$ClassOwnership;                               : loaded 2 times (x 71B)
Class io.opentelemetry.api.GlobalOpenTelemetry$ObfuscatedOpenTelemetry                : loaded 2 times (x 94B)
Class io.opentelemetry.api.internal.IncubatingUtil                                    : loaded 2 times (x 73B)
Class com.amazon.ion.ValueFactory                                                     : loaded 2 times (x 72B)
Class org.objectweb.asm.tree.Util                                                     : loaded 2 times (x 73B)
Class com.android.tools.r8.internal.em0                                               : loaded 2 times (x 96B)
Class com.android.tools.r8.graph.j1                                                   : loaded 2 times (x 107B)
Class com.android.tools.r8.internal.sh1                                               : loaded 2 times (x 135B)
Class com.android.tools.r8.internal.x11                                               : loaded 2 times (x 147B)
Class com.android.tools.r8.m0                                                         : loaded 2 times (x 72B)
Class [Lcom.amazon.ion.impl.bin.IonManagedBinaryWriter$ImportedSymbolResolverMode;    : loaded 2 times (x 71B)
Class com.amazon.ion.impl.IonWriterSystemText                                         : loaded 2 times (x 191B)
Class com.amazon.ion.impl.lite.IonContext                                             : loaded 2 times (x 72B)
Class com.amazon.ion.impl.lite.IonLoaderLite                                          : loaded 2 times (x 84B)
Class com.amazon.ion.impl.bin.utf8.Utf8StringEncoderPool$1                            : loaded 2 times (x 78B)
Class org.jetbrains.plugins.gradle.model.ExternalTask                                 : loaded 2 times (x 72B)
Class com.intellij.openapi.externalSystem.model.ExternalSystemException               : loaded 2 times (x 87B)
Class com.android.tools.r8.internal.ky2                                               : loaded 2 times (x 79B)
Class com.android.tools.r8.internal.af1                                               : loaded 2 times (x 73B)
Class com.android.tools.r8.graph.h3                                                   : loaded 2 times (x 74B)
Class com.android.tools.r8.internal.rh2                                               : loaded 2 times (x 187B)
Class com.android.tools.r8.graph.u0                                                   : loaded 2 times (x 72B)
Class com.android.tools.r8.graph.n4$a                                                 : loaded 2 times (x 72B)
Class com.android.tools.r8.internal.co0                                               : loaded 2 times (x 81B)
Class com.android.tools.r8.internal.ip3                                               : loaded 2 times (x 287B)
Class com.android.tools.r8.androidapi.f                                               : loaded 2 times (x 72B)
Class com.android.tools.r8.internal.sc                                                : loaded 2 times (x 78B)
Class org.jetbrains.org.objectweb.asm.FieldVisitor                                    : loaded 2 times (x 79B)
Class org.jetbrains.org.objectweb.asm.tree.JumpInsnNode                               : loaded 2 times (x 80B)
Class org.jetbrains.kotlin.protobuf.InvalidProtocolBufferException                    : loaded 2 times (x 86B)
Class org.jetbrains.kotlin.protobuf.GeneratedMessageLite$ExtensionDescriptor          : loaded 2 times (x 86B)
Class org.jetbrains.kotlin.metadata.deserialization.NameResolver                      : loaded 2 times (x 72B)
Class kotlin.collections.IndexingIterable                                             : loaded 2 times (x 81B)
Class org.jetbrains.kotlin.metadata.jvm.JvmProtoBuf$StringTableTypes$Record$Operation$1: loaded 2 times (x 76B)
Class org.jetbrains.kotlin.metadata.ProtoBuf$Visibility$1                             : loaded 2 times (x 76B)
Class org.jetbrains.kotlin.metadata.ProtoBuf$VersionRequirement$VersionKind           : loaded 2 times (x 84B)
Class org.jetbrains.kotlin.descriptors.Named                                          : loaded 2 times (x 72B)
Class [Lorg.jetbrains.kotlin.metadata.ProtoBuf$Effect$InvocationKind;                 : loaded 2 times (x 71B)
Class org.gradle.tooling.internal.adapter.ProtocolToModelAdapter$PropertyCachingMethodInvoker: loaded 2 times (x 78B)
Class kotlin.ResultKt                                                                 : loaded 2 times (x 73B)
Class kotlin.jvm.internal.KotlinGenericDeclaration                                    : loaded 2 times (x 72B)
Class com.google.common.collect.NullsFirstOrdering                                    : loaded 2 times (x 117B)
Class io.opentelemetry.context.DefaultContextKey                                      : loaded 2 times (x 74B)
Class com.amazon.ion.impl.bin.Block                                                   : loaded 2 times (x 81B)
Class com.android.tools.r8.internal.rh1                                               : loaded 2 times (x 205B)
Class com.android.tools.r8.internal.w11                                               : loaded 2 times (x 76B)
Class com.android.tools.r8.internal.yt2                                               : loaded 2 times (x 77B)
Class com.android.tools.r8.internal.i60                                               : loaded 2 times (x 76B)
Class com.android.tools.r8.androidapi.e                                               : loaded 2 times (x 73B)
Class com.google.common.base.Absent                                                   : loaded 2 times (x 82B)
Class com.google.common.reflect.Reflection                                            : loaded 2 times (x 73B)
Class org.jetbrains.kotlin.name.ClassId                                               : loaded 2 times (x 74B)
Class org.jetbrains.kotlin.incremental.impl.SelectiveClassVisitor                     : loaded 2 times (x 90B)
Class org.jetbrains.kotlin.metadata.ProtoBuf$Annotation$Argument$Value$1              : loaded 2 times (x 146B)
Class org.jetbrains.kotlin.metadata.ProtoBuf$TypeParameter$Variance                   : loaded 2 times (x 84B)
Class org.jetbrains.kotlin.metadata.jvm.deserialization.JvmNameResolverKt             : loaded 2 times (x 73B)
Class com.amazon.ion.impl.lite.IonNullLite                                            : loaded 2 times (x 178B)
Class org.jetbrains.plugins.gradle.model.DependencyAccessorsModel                     : loaded 2 times (x 72B)
Class [Lcom.intellij.openapi.externalSystem.model.project.dependencies.ResolutionState;: loaded 2 times (x 71B)
Class gnu.trove.TObjectIntHashMap                                                     : loaded 2 times (x 111B)
Class com.google.common.collect.RangeSet                                              : loaded 2 times (x 72B)
Class kotlin.Lazy                                                                     : loaded 2 times (x 72B)
Class org.jetbrains.kotlin.protobuf.UninitializedMessageException                     : loaded 2 times (x 86B)
Class org.jetbrains.kotlin.descriptors.Visibilities$InvisibleFake                     : loaded 2 times (x 81B)
Class org.jetbrains.org.objectweb.asm.tree.TryCatchBlockNode                          : loaded 2 times (x 76B)
Class org.objectweb.asm.tree.MethodInsnNode                                           : loaded 2 times (x 81B)
Class org.gradle.api.internal.classpath.DefaultModuleRegistry$DefaultModule           : loaded 2 times (x 84B)
Class com.android.tools.r8.internal.ir2                                               : loaded 2 times (x 131B)
Class com.android.tools.r8.internal.zt3                                               : loaded 2 times (x 81B)
Class com.android.tools.r8.internal.wm3                                               : loaded 2 times (x 80B)
Class com.android.tools.r8.internal.do0                                               : loaded 2 times (x 82B)
Class com.android.tools.r8.internal.gi3                                               : loaded 2 times (x 81B)
Class com.android.tools.r8.graph.n5$a                                                 : loaded 2 times (x 80B)
Class com.android.tools.r8.internal.vo2                                               : loaded 2 times (x 83B)
Class com.android.tools.r8.internal.ql0                                               : loaded 2 times (x 94B)
Class com.android.tools.r8.internal.sh2                                               : loaded 2 times (x 72B)
Class org.gradle.tooling.internal.adapter.ProtocolToModelAdapter$ViewKey              : loaded 2 times (x 74B)
Class io.opentelemetry.context.ImplicitContextKeyed                                   : loaded 2 times (x 72B)
Class com.amazon.ion.impl.lite.IonStringLite                                          : loaded 2 times (x 215B)
Class com.amazon.ion.impl.bin.PooledBlockAllocatorProvider$PooledBlockAllocator$1     : loaded 2 times (x 81B)
Class jdk.internal.jimage.ImageBufferCache$2                                          : loaded 2 times (x 93B)
Class com.android.tools.r8.internal.cb1                                               : loaded 2 times (x 72B)
Class com.android.tools.r8.internal.fi1                                               : loaded 2 times (x 77B)
Class com.android.tools.r8.internal.zr2                                               : loaded 2 times (x 97B)
Class com.android.tools.r8.graph.h1                                                   : loaded 2 times (x 130B)
Class com.android.tools.r8.references.FieldReference                                  : loaded 2 times (x 74B)
Class org.objectweb.asm.tree.LookupSwitchInsnNode                                     : loaded 2 times (x 80B)
Class org.jetbrains.kotlin.protobuf.BoundedByteString                                 : loaded 2 times (x 114B)
Class org.jetbrains.kotlin.metadata.ProtoBuf$EffectOrBuilder                          : loaded 2 times (x 72B)
Class org.jetbrains.kotlin.metadata.ProtoBuf$Effect$EffectType$1                      : loaded 2 times (x 76B)
Class org.gradle.internal.time.DefaultTimer                                           : loaded 2 times (x 82B)
Class io.opentelemetry.context.ThreadLocalContextStorage$NoopScope                    : loaded 2 times (x 87B)
Class [Lio.opentelemetry.context.ThreadLocalContextStorage$NoopScope;                 : loaded 2 times (x 71B)
Class jdk.internal.jimage.ImageBufferCache$1                                          : loaded 2 times (x 84B)
Class com.android.tools.r8.graph.k7                                                   : loaded 2 times (x 79B)
Class com.android.tools.r8.internal.ox                                                : loaded 2 times (x 76B)
Class com.android.tools.r8.internal.p52                                               : loaded 2 times (x 108B)
Class com.android.tools.r8.androidapi.c                                               : loaded 2 times (x 74B)
Class com.android.tools.r8.internal.fc                                                : loaded 2 times (x 75B)
Class com.google.common.collect.HashMultimapGwtSerializationDependencies              : loaded 2 times (x 175B)
Class org.jetbrains.org.objectweb.asm.tree.IntInsnNode                                : loaded 2 times (x 80B)
Class org.jetbrains.kotlin.protobuf.SmallSortedMap$1                                  : loaded 2 times (x 131B)
Class org.jetbrains.kotlin.descriptors.Visibilities$PrivateToThis                     : loaded 2 times (x 81B)
Class org.jetbrains.kotlin.metadata.ProtoBuf$Property$Builder                         : loaded 2 times (x 198B)
Class org.gradle.tooling.internal.adapter.ProtocolToModelAdapter                      : loaded 2 times (x 82B)
Class com.intellij.gradle.toolingExtension.impl.model.buildScriptClasspathModel.GradleBuildScriptClasspathSerializationService$WriteContext: loaded 2 times (x 74B)
Class gnu.trove.THash                                                                 : loaded 2 times (x 83B)
Class com.amazon.ion.IonMutableCatalog                                                : loaded 2 times (x 72B)
Class com.amazon.ion.impl._Private_IonReaderBuilder                                   : loaded 2 times (x 99B)
Class org.jetbrains.plugins.gradle.ExternalDependencyId                               : loaded 2 times (x 72B)
Class com.android.build.gradle.internal.utils.DesugarConfigJson$Companion             : loaded 2 times (x 73B)
Class com.amazon.ion.impl.lite.IonClobLite                                            : loaded 2 times (x 223B)
Class com.amazon.ion.impl._Private_ValueFactory                                       : loaded 2 times (x 72B)
Class com.amazon.ion.impl.bin.IonRawBinaryWriter$PreallocationMode$1                  : loaded 2 times (x 83B)
Class [Lcom.amazon.ion.impl.bin._Private_IonManagedBinaryWriterBuilder$AllocatorMode; : loaded 2 times (x 71B)
Class org.jetbrains.kotlin.idea.gradleTooling.KotlinMPPGradleModel                    : loaded 2 times (x 72B)
Class io.opentelemetry.context.propagation.ContextPropagators                         : loaded 2 times (x 72B)
Class com.intellij.gradle.toolingExtension.impl.model.dependencyDownloadPolicyModel.GradleDependencyDownloadPolicy: loaded 2 times (x 72B)
Class org.gradle.tooling.model.BuildIdentifier                                        : loaded 2 times (x 72B)
Class [Lorg.jetbrains.kotlin.metadata.ProtoBuf$Expression$ConstantValue;              : loaded 2 times (x 71B)
Class org.jetbrains.kotlin.metadata.ProtoBuf$Effect                                   : loaded 2 times (x 115B)
Class [Lkotlin.jvm.functions.Function1;                                               : loaded 2 times (x 71B)
Class org.jetbrains.org.objectweb.asm.tree.InsnNode                                   : loaded 2 times (x 80B)
Class org.jetbrains.org.objectweb.asm.RecordComponentVisitor                          : loaded 2 times (x 79B)
Class com.google.common.collect.SetMultimap                                           : loaded 2 times (x 72B)
Class com.android.tools.r8.Diagnostic                                                 : loaded 2 times (x 72B)
Class com.android.tools.r8.ResourceException                                          : loaded 2 times (x 85B)
Class com.android.tools.r8.internal.he1                                               : loaded 2 times (x 84B)
Class com.android.tools.r8.internal.uc                                                : loaded 2 times (x 78B)
Class [Lcom.android.tools.r8.internal.pj0;                                            : loaded 2 times (x 71B)
Class com.android.tools.r8.internal.fx0                                               : loaded 2 times (x 82B)
Class com.android.tools.r8.graph.j3                                                   : loaded 2 times (x 74B)
Class com.android.tools.r8.internal.fk3                                               : loaded 2 times (x 146B)
Class com.android.tools.r8.internal.f11                                               : loaded 2 times (x 118B)
Class com.android.tools.r8.internal.rx2                                               : loaded 2 times (x 84B)
Class com.android.tools.r8.graph.x3                                                   : loaded 2 times (x 75B)
Class com.android.tools.r8.ir.desugar.desugaredlibrary.lint.e                         : loaded 2 times (x 76B)
Class com.android.tools.r8.internal.wk0                                               : loaded 2 times (x 77B)
Class com.android.tools.r8.internal.vf                                                : loaded 2 times (x 77B)
Class com.android.tools.r8.threading.providers.blocking.ThreadingModuleBlockingProvider: loaded 2 times (x 76B)
Class com.android.tools.r8.internal.bt2                                               : loaded 2 times (x 85B)
Class com.android.tools.r8.internal.oq2                                               : loaded 2 times (x 126B)
Class com.android.tools.r8.androidapi.b                                               : loaded 2 times (x 81B)
Class com.android.tools.r8.internal.ym                                                : loaded 2 times (x 128B)
Class com.android.tools.r8.internal.ic2                                               : loaded 2 times (x 93B)
Class org.jetbrains.kotlin.metadata.jvm.deserialization.JvmMemberSignature$Method     : loaded 2 times (x 77B)
Class org.jetbrains.org.objectweb.asm.ClassTooLargeException                          : loaded 2 times (x 84B)
Class org.jetbrains.kotlin.protobuf.WireFormat$JavaType                               : loaded 2 times (x 81B)
Class [Lorg.jetbrains.kotlin.metadata.ProtoBuf$VersionRequirement$Level;              : loaded 2 times (x 71B)
Class com.google.common.collect.ExplicitOrdering                                      : loaded 2 times (x 117B)
Class io.opentelemetry.api.trace.DefaultTracerProvider                                : loaded 2 times (x 81B)
Class com.amazon.ion.impl.bin._Private_IonManagedBinaryWriterBuilder$AllocatorMode$2  : loaded 2 times (x 82B)
Class com.amazon.ion.impl._Private_IonTextWriterBuilder                               : loaded 2 times (x 103B)
Class com.amazon.ion.impl.lite.IonFloatLite                                           : loaded 2 times (x 189B)
Class jdk.internal.jrtfs.JrtDirectoryStream$1                                         : loaded 2 times (x 85B)
Class jdk.internal.jimage.ImageLocation                                               : loaded 2 times (x 92B)
Class com.android.tools.r8.androidapi.a                                               : loaded 2 times (x 81B)
Class com.android.tools.r8.internal.gw3                                               : loaded 2 times (x 72B)
Class org.jetbrains.kotlin.config.KotlinCompilerVersion                               : loaded 2 times (x 73B)
Class org.jetbrains.kotlin.load.kotlin.KotlinJvmBinaryClass                           : loaded 2 times (x 72B)
Class org.jetbrains.org.objectweb.asm.tree.MethodNode                                 : loaded 2 times (x 111B)
Class org.jetbrains.org.objectweb.asm.tree.MethodInsnNode                             : loaded 2 times (x 80B)
Class org.jetbrains.kotlin.protobuf.Parser                                            : loaded 2 times (x 72B)
Class org.jetbrains.kotlin.descriptors.Visibilities$Inherited                         : loaded 2 times (x 81B)
Class org.jetbrains.kotlin.descriptors.Visibilities$Unknown                           : loaded 2 times (x 81B)
Class org.gradle.tooling.internal.adapter.CollectionMapper                            : loaded 2 times (x 75B)
Class org.gradle.tooling.model.kotlin.dsl.KotlinDslScriptModel                        : loaded 2 times (x 72B)
Class com.google.common.collect.Range                                                 : loaded 2 times (x 88B)
Class kotlin.text.CharsKt                                                             : loaded 2 times (x 73B)
Class kotlin.collections.AbstractIterator                                             : loaded 2 times (x 85B)
Class org.jetbrains.plugins.gradle.tooling.serialization.ProjectDependenciesSerializationService: loaded 2 times (x 79B)
Class org.jetbrains.plugins.gradle.tooling.serialization.ProjectDependenciesSerializationService$WriteContext: loaded 2 times (x 74B)
Class com.amazon.ion.impl.bin._Private_IonManagedBinaryWriterBuilder$AllocatorMode$1  : loaded 2 times (x 82B)
Class com.amazon.ion.Decimal                                                          : loaded 2 times (x 136B)
Class com.amazon.ion.impl.bin.AbstractSymbolTable                                     : loaded 2 times (x 109B)
Class com.amazon.ion.impl._Private_ReaderWriter                                       : loaded 2 times (x 72B)
Class com.amazon.ion.impl.lite.IonStructLite                                          : loaded 2 times (x 300B)
Class org.gradle.accessors.dm.LibrariesForLibs$AndroidxNavigationLibraryAccessors     : loaded 2 times (x 80B)
Class com.amazon.ion.IonInt                                                           : loaded 2 times (x 72B)
Class com.amazon.ion.impl.bin.IonRawBinaryWriter$PreallocationMode$2                  : loaded 2 times (x 83B)
Class org.jetbrains.kotlin.idea.gradleTooling.PrepareKotlinIdeImportTaskModel         : loaded 2 times (x 72B)
Class sync_studio_tooling1_1ujp58mwp32bynx4q381elwh6$_run_closure1                    : loaded 2 times (x 140B)
Class org.gradle.tooling.model.BuildableElement                                       : loaded 2 times (x 72B)
Class org.gradle.tooling.model.HasGradleProject                                       : loaded 2 times (x 72B)
Class org.jetbrains.kotlin.descriptors.Visibility                                     : loaded 2 times (x 81B)
Class org.jetbrains.kotlin.protobuf.RopeByteString$RopeInputStream                    : loaded 2 times (x 94B)
Class org.jetbrains.kotlin.protobuf.CodedInputStream                                  : loaded 2 times (x 74B)
Class org.jetbrains.org.objectweb.asm.MethodTooLargeException                         : loaded 2 times (x 84B)
Class org.jetbrains.org.objectweb.asm.Context                                         : loaded 2 times (x 74B)
Class kotlin.sequences.ConstrainedOnceSequence                                        : loaded 2 times (x 77B)
Class com.intellij.gradle.toolingExtension.impl.util.collectionUtil.GradleCollections : loaded 2 times (x 73B)
Class com.intellij.compose.ide.plugin.gradleTooling.rt.ComposeResourcesModel          : loaded 2 times (x 72B)
Class org.jetbrains.kotlin.idea.gradleTooling.KotlinGradlePluginVersion               : loaded 2 times (x 72B)
Class com.android.tools.r8.internal.rx0                                               : loaded 2 times (x 75B)
Class com.android.tools.r8.internal.bx                                                : loaded 2 times (x 85B)
Class com.android.tools.r8.internal.ax                                                : loaded 2 times (x 85B)
Class com.android.tools.r8.internal.ts2                                               : loaded 2 times (x 72B)
Class com.android.tools.r8.internal.v52                                               : loaded 2 times (x 72B)
Class com.android.tools.r8.synthesis.x0                                               : loaded 2 times (x 81B)
Class com.android.tools.r8.ClassConflictResolver                                      : loaded 2 times (x 72B)
Class com.android.tools.r8.graph.oa                                                   : loaded 2 times (x 72B)
Class com.android.tools.r8.graph.j4                                                   : loaded 2 times (x 141B)
Class com.android.tools.r8.internal.r01                                               : loaded 2 times (x 135B)
Class [Lcom.android.tools.r8.graph.v3;                                                : loaded 2 times (x 71B)
Class com.android.tools.r8.internal.mh1                                               : loaded 2 times (x 81B)
Class com.android.tools.r8.ir.desugar.desugaredlibrary.lint.DesugaredMethodsListCommand: loaded 2 times (x 83B)
Class com.android.tools.r8.internal.hu3                                               : loaded 2 times (x 86B)
Class com.android.tools.r8.synthesis.y0                                               : loaded 2 times (x 72B)
Class com.google.common.base.Optional                                                 : loaded 2 times (x 82B)
Class org.jetbrains.kotlin.metadata.deserialization.MetadataVersion                   : loaded 2 times (x 76B)
Class org.jetbrains.org.objectweb.asm.tree.ModuleNode                                 : loaded 2 times (x 84B)
Class org.jetbrains.org.objectweb.asm.tree.InsnList                                   : loaded 2 times (x 105B)
Class org.jetbrains.kotlin.protobuf.GeneratedMessageLite                              : loaded 2 times (x 103B)
Class org.jetbrains.kotlin.protobuf.Internal$EnumLiteMap                              : loaded 2 times (x 72B)
Class org.jetbrains.kotlin.protobuf.AbstractMessageLite$Builder                       : loaded 2 times (x 124B)
Class com.google.common.collect.ImmutableRangeSet$1                                   : loaded 2 times (x 212B)
Class org.jetbrains.plugins.gradle.tooling.serialization.AnnotationProcessingModelSerializationService$WriteContext: loaded 2 times (x 74B)
Class io.opentelemetry.api.trace.DefaultTracer$NoopSpanBuilder                        : loaded 2 times (x 93B)
Class io.opentelemetry.api.trace.SpanContext                                          : loaded 2 times (x 72B)
Class com.amazon.ion.IonSymbol                                                        : loaded 2 times (x 72B)
Class com.amazon.ion.impl.bin.utf8.Poolable                                           : loaded 2 times (x 81B)
Class com.android.tools.r8.graph.k3                                                   : loaded 2 times (x 75B)
Class com.android.tools.r8.internal.ai1                                               : loaded 2 times (x 85B)
Class com.android.tools.r8.internal.x23                                               : loaded 2 times (x 74B)
Class com.android.tools.r8.internal.ur2                                               : loaded 2 times (x 72B)
Class com.android.tools.r8.internal.fl3                                               : loaded 2 times (x 72B)
Class com.android.tools.r8.internal.g02                                               : loaded 2 times (x 73B)
Class com.android.tools.r8.internal.vc                                                : loaded 2 times (x 84B)
Class com.android.tools.r8.internal.nf1                                               : loaded 2 times (x 77B)
Class com.android.tools.r8.internal.l34                                               : loaded 2 times (x 96B)
Class com.android.tools.r8.internal.f21                                               : loaded 2 times (x 210B)
Class org.jetbrains.kotlin.metadata.deserialization.ProtoBufUtilKt                    : loaded 2 times (x 73B)
Class com.amazon.ion.facet.Faceted                                                    : loaded 2 times (x 72B)
Class org.jetbrains.plugins.gradle.tooling.serialization.ToolingStreamApiUtils        : loaded 2 times (x 73B)
Class com.amazon.ion.system.IonWriterBuilder                                          : loaded 2 times (x 76B)
Class com.amazon.ion.IonBufferConfiguration$OversizedSymbolTableHandler               : loaded 2 times (x 72B)
Class com.amazon.ion.impl.lite.IonContainerLite                                       : loaded 2 times (x 250B)
Class com.android.tools.r8.ir.desugar.desugaredlibrary.lint.a                         : loaded 2 times (x 74B)
Class com.android.tools.r8.internal.ll                                                : loaded 2 times (x 128B)
Class com.android.tools.r8.shaking.w3                                                 : loaded 2 times (x 80B)
Class com.android.tools.r8.internal.bv                                                : loaded 2 times (x 101B)
Class com.android.tools.r8.internal.w41                                               : loaded 2 times (x 77B)
Class com.android.tools.r8.internal.ie                                                : loaded 2 times (x 298B)
Class com.android.tools.r8.internal.d8                                                : loaded 2 times (x 309B)
Class com.android.tools.r8.internal.q5                                                : loaded 2 times (x 73B)
Class com.android.tools.r8.internal.vb                                                : loaded 2 times (x 72B)
Class com.google.common.io.ByteSource$ByteArrayByteSource                             : loaded 2 times (x 87B)
Class com.google.common.io.CharSource$StringCharSource                                : loaded 2 times (x 88B)
Class com.google.common.collect.MapMakerInternalMap$AbstractStrongKeyEntry            : loaded 2 times (x 82B)
Class com.google.common.collect.AbstractSetMultimap                                   : loaded 2 times (x 175B)
Class com.amazon.ion.impl.bin.IonRawBinaryWriter$PreallocationMode$3                  : loaded 2 times (x 83B)
Class com.android.ide.gradle.model.GradlePluginModel                                  : loaded 2 times (x 72B)
Class com.google.common.collect.ReverseOrdering                                       : loaded 2 times (x 117B)
Class org.gradle.tooling.model.build.JavaEnvironment                                  : loaded 2 times (x 72B)
Class org.jetbrains.kotlin.metadata.ProtoBuf$1                                        : loaded 2 times (x 73B)
Class org.jetbrains.kotlin.mpp.DeclarationSymbolMarker                                : loaded 2 times (x 72B)
Class org.jetbrains.kotlin.protobuf.MessageLite$Builder                               : loaded 2 times (x 72B)
Class org.jetbrains.org.objectweb.asm.CurrentFrame                                    : loaded 2 times (x 75B)
Class org.jetbrains.kotlin.buildtools.api.SharedApiClassesClassLoader                 : loaded 2 times (x 73B)
Class com.google.common.reflect.TypeToken$SimpleTypeToken                             : loaded 2 times (x 75B)
Class org.apache.commons.io.output.AppendableWriter                                   : loaded 2 times (x 102B)
Class com.google.common.collect.HashMultimap                                          : loaded 2 times (x 175B)
Class com.android.tools.r8.internal.v53                                               : loaded 2 times (x 99B)
Class com.android.tools.r8.internal.ea                                                : loaded 2 times (x 74B)
Class com.android.tools.r8.internal.p40                                               : loaded 2 times (x 99B)
Class com.android.tools.r8.graph.w2                                                   : loaded 2 times (x 182B)
Class com.android.tools.r8.internal.d51                                               : loaded 2 times (x 287B)
Class com.android.tools.r8.internal.ko                                                : loaded 2 times (x 73B)
Class kotlin.io.CloseableKt                                                           : loaded 2 times (x 73B)
Class org.jetbrains.kotlin.incremental.classpathDiff.ClasspathEntrySnapshot           : loaded 2 times (x 74B)
Class [Lorg.jetbrains.org.objectweb.asm.tree.AbstractInsnNode;                        : loaded 2 times (x 71B)
Class org.gradle.tooling.model.UnsupportedMethodException                             : loaded 2 times (x 84B)
Class org.gradle.tooling.internal.adapter.ProtocolToModelAdapter$SupportedPropertyInvoker: loaded 2 times (x 78B)
Class kotlin.sequences.TransformingSequence$iterator$1                                : loaded 2 times (x 81B)
Class com.android.ide.gradle.model.GradlePropertiesModel                              : loaded 2 times (x 72B)
Class com.amazon.ion.impl.bin._Private_IonManagedWriter                               : loaded 2 times (x 72B)
Class com.amazon.ion.impl.bin.Symbols$2                                               : loaded 2 times (x 109B)
Class com.amazon.ion.impl.IonWriterSystem                                             : loaded 2 times (x 172B)
Class jdk.internal.jrtfs.JrtFileSystemProvider                                        : loaded 2 times (x 103B)
Class com.android.tools.r8.internal.a0                                                : loaded 2 times (x 72B)
Class com.android.tools.r8.internal.si1                                               : loaded 2 times (x 289B)
Class com.android.tools.r8.internal.yw1                                               : loaded 2 times (x 80B)
Class com.android.tools.r8.graph.k1                                                   : loaded 2 times (x 74B)
Class com.android.tools.r8.ProgramResource$Kind                                       : loaded 2 times (x 81B)
Class com.android.tools.r8.synthesis.l0                                               : loaded 2 times (x 74B)
Class org.objectweb.asm.tree.AnnotationNode                                           : loaded 2 times (x 82B)
Class org.apache.commons.io.FileExistsException                                       : loaded 2 times (x 84B)
Class org.jetbrains.kotlin.incremental.classpathDiff.impl.KotlinClassHeaderClassVisitor: loaded 2 times (x 90B)
Class [Lkotlin.Function;                                                              : loaded 2 times (x 71B)
Class org.jetbrains.kotlin.incremental.impl.UtilsKt                                   : loaded 2 times (x 73B)
Class org.jetbrains.kotlin.load.kotlin.header.ReadKotlinClassHeaderAnnotationVisitor$CollectStringArrayAnnotationVisitor: loaded 2 times (x 87B)
Class org.gradle.internal.service.ServiceLocator                                      : loaded 2 times (x 72B)
Class kotlin.Result                                                                   : loaded 2 times (x 74B)
Class org.jetbrains.plugins.gradle.model.IntelliJSettings                             : loaded 2 times (x 72B)
Class io.opentelemetry.context.propagation.DefaultContextPropagators                  : loaded 2 times (x 77B)
Class io.opentelemetry.context.ContextStorageWrappers                                 : loaded 2 times (x 73B)
Class org.jetbrains.kotlin.idea.gradleTooling.KotlinSourceSetContainer                : loaded 2 times (x 72B)
Class com.android.tools.r8.internal.y01                                               : loaded 2 times (x 76B)
Class com.android.tools.r8.internal.rx                                                : loaded 2 times (x 84B)
Class com.android.tools.r8.internal.lm3                                               : loaded 2 times (x 96B)
Class com.android.tools.r8.internal.q3                                                : loaded 2 times (x 181B)
Class com.android.tools.r8.internal.ue2                                               : loaded 2 times (x 195B)
Class com.android.tools.r8.internal.k50                                               : loaded 2 times (x 195B)
Class com.android.tools.r8.internal.xl2                                               : loaded 2 times (x 81B)
Class com.android.tools.r8.internal.ic                                                : loaded 2 times (x 72B)
Class com.google.common.base.Splitter$5                                               : loaded 2 times (x 82B)
Class org.jetbrains.org.objectweb.asm.tree.LabelNode                                  : loaded 2 times (x 82B)
Class [Lorg.jetbrains.kotlin.com.intellij.openapi.diagnostic.LogLevel;                : loaded 2 times (x 71B)
Class org.jetbrains.kotlin.metadata.ProtoBuf$Constructor$1                            : loaded 2 times (x 146B)
Class org.jetbrains.kotlin.metadata.ProtoBuf$PropertyOrBuilder                        : loaded 2 times (x 72B)
Class org.jetbrains.kotlin.metadata.jvm.JvmProtoBuf$StringTableTypes$1                : loaded 2 times (x 146B)
Class org.jetbrains.kotlin.utils.CollectionsKt                                        : loaded 2 times (x 73B)
Class com.amazon.ion.impl._Private_IonTextWriterBuilder$Mutable                       : loaded 2 times (x 103B)
Class com.amazon.ion.impl.bin.IonRawBinaryWriter$ContainerType                        : loaded 2 times (x 81B)
Class jdk.internal.jrtfs.SystemImage$2                                                : loaded 2 times (x 78B)
Class com.android.tools.r8.internal.m11                                               : loaded 2 times (x 148B)
Class com.android.tools.r8.internal.zh3                                               : loaded 2 times (x 73B)
Class com.android.tools.r8.internal.mx0                                               : loaded 2 times (x 72B)
Class com.android.tools.r8.internal.ue1                                               : loaded 2 times (x 74B)
Class org.jetbrains.plugins.gradle.model.GradleExtension                              : loaded 2 times (x 72B)
Class com.amazon.ion.impl.lite.IonDecimalLite                                         : loaded 2 times (x 191B)
Class com.amazon.ion.IonBufferConfiguration$Builder                                   : loaded 2 times (x 80B)
Class org.gradle.internal.time.Timer                                                  : loaded 2 times (x 72B)
Class org.gradle.internal.installation.CurrentGradleInstallationLocator               : loaded 2 times (x 73B)
Class org.jetbrains.kotlin.metadata.ProtoBuf$VersionRequirement$Level$1               : loaded 2 times (x 76B)
Class org.jetbrains.kotlin.protobuf.FieldSet$1                                        : loaded 2 times (x 73B)
Class org.jetbrains.org.objectweb.asm.tree.LdcInsnNode                                : loaded 2 times (x 80B)
Class org.jetbrains.kotlin.incremental.classpathDiff.ClasspathEntrySnapshotter        : loaded 2 times (x 73B)
Class org.apache.commons.io.output.ThresholdingOutputStream                           : loaded 2 times (x 97B)
Class com.google.common.io.ByteSource$SlicedByteSource                                : loaded 2 times (x 87B)
Class com.android.tools.r8.synthesis.t                                                : loaded 2 times (x 83B)
Class com.android.tools.r8.internal.d5                                                : loaded 2 times (x 74B)
Class com.google.common.reflect.TypeResolver$TypeVariableKey                          : loaded 2 times (x 74B)
Class org.apache.commons.io.output.ByteArrayOutputStream                              : loaded 2 times (x 104B)
Class org.jetbrains.kotlin.metadata.jvm.JvmProtoBuf$StringTableTypes                  : loaded 2 times (x 112B)
Class org.jetbrains.kotlin.descriptors.DescriptorVisibilities$9                       : loaded 2 times (x 81B)
Class com.android.tools.r8.internal.cq3                                               : loaded 2 times (x 81B)
Class com.android.tools.r8.internal.bs2                                               : loaded 2 times (x 97B)
Class com.android.tools.r8.internal.wj0                                               : loaded 2 times (x 84B)
Class com.android.tools.r8.internal.ua1                                               : loaded 2 times (x 72B)
Class com.android.tools.r8.graph.w3                                                   : loaded 2 times (x 76B)
Class com.android.tools.r8.internal.y                                                 : loaded 2 times (x 94B)
Class org.jetbrains.kotlin.protobuf.GeneratedMessageLite$ExtendableBuilder            : loaded 2 times (x 139B)
Class [Lkotlin.coroutines.intrinsics.CoroutineSingletons;                             : loaded 2 times (x 71B)
Class com.google.common.collect.ImmutableRangeSet$AsSet                               : loaded 2 times (x 302B)
Class com.amazon.ion.IonValue                                                         : loaded 2 times (x 72B)
Class jdk.internal.jrtfs.SystemImage$1                                                : loaded 2 times (x 80B)
Class com.android.tools.r8.internal.br                                                : loaded 2 times (x 89B)
Class com.android.tools.r8.utils.i$a                                                  : loaded 2 times (x 97B)
Class com.android.tools.r8.internal.if1                                               : loaded 2 times (x 84B)
Class com.android.tools.r8.graph.n5                                                   : loaded 2 times (x 109B)
Class com.android.tools.r8.synthesis.s                                                : loaded 2 times (x 72B)
Class [Lcom.android.tools.r8.internal.t00;                                            : loaded 2 times (x 71B)
Class com.android.tools.r8.internal.t8                                                : loaded 2 times (x 73B)
Class com.android.tools.r8.internal.e72                                               : loaded 2 times (x 81B)
Class com.android.tools.r8.internal.vc1                                               : loaded 2 times (x 96B)
Class com.android.tools.r8.internal.ir2$b$a                                           : loaded 2 times (x 80B)
Class org.jetbrains.kotlin.com.google.common.base.Preconditions                       : loaded 2 times (x 73B)
Class org.jetbrains.kotlin.buildtools.api.jvm.ClasspathEntrySnapshot                  : loaded 2 times (x 72B)
Class com.google.common.reflect.Types$ParameterizedTypeImpl                           : loaded 2 times (x 83B)
Class org.apache.commons.io.output.UnsynchronizedByteArrayOutputStream                : loaded 2 times (x 104B)
Class org.jetbrains.kotlin.resolve.jvm.JvmClassName                                   : loaded 2 times (x 78B)
Class [Lorg.jetbrains.org.objectweb.asm.SymbolTable$Entry;                            : loaded 2 times (x 71B)
Class org.jetbrains.kotlin.metadata.jvm.JvmProtoBuf$StringTableTypes$RecordOrBuilder  : loaded 2 times (x 72B)
Class org.jetbrains.kotlin.metadata.ProtoBuf$MemberKind$1                             : loaded 2 times (x 76B)
Class org.jetbrains.kotlin.descriptors.DescriptorVisibilities$8                       : loaded 2 times (x 81B)
Class org.gradle.internal.classloader.InstrumentingClassLoader                        : loaded 2 times (x 72B)
Class org.gradle.internal.classpath.TransformedClassPath                              : loaded 2 times (x 98B)
Class kotlin.text.Regex$Companion                                                     : loaded 2 times (x 73B)
Class org.jetbrains.plugins.gradle.model.ExternalLibraryDependency                    : loaded 2 times (x 72B)
Class jdk.internal.jimage.ImageReader$LinkNode                                        : loaded 2 times (x 86B)
Class com.android.tools.r8.Resource                                                   : loaded 2 times (x 72B)
Class com.android.tools.r8.internal.ex                                                : loaded 2 times (x 86B)
Class com.android.tools.r8.graph.sa                                                   : loaded 2 times (x 72B)
Class com.android.tools.r8.graph.n4                                                   : loaded 2 times (x 352B)
Class com.android.tools.r8.graph.b2$b                                                 : loaded 2 times (x 131B)
Class com.android.tools.r8.synthesis.r0$b                                             : loaded 2 times (x 107B)
Class com.android.tools.r8.internal.on                                                : loaded 2 times (x 72B)
Class com.android.tools.r8.internal.yd                                                : loaded 2 times (x 72B)
Class com.android.tools.r8.internal.hx3                                               : loaded 2 times (x 94B)
Class org.objectweb.asm.tree.LdcInsnNode                                              : loaded 2 times (x 80B)
Class com.google.common.collect.MapMaker$Dummy                                        : loaded 2 times (x 81B)
Class com.google.common.reflect.Invokable                                             : loaded 2 times (x 105B)
Class kotlin._Assertions                                                              : loaded 2 times (x 73B)
Class org.jetbrains.kotlin.descriptors.DescriptorVisibilities$7                       : loaded 2 times (x 81B)
Class com.google.common.collect.AllEqualOrdering                                      : loaded 2 times (x 116B)
Class com.intellij.openapi.externalSystem.model.project.dependencies.ResolutionState  : loaded 2 times (x 81B)
Class com.amazon.ion.impl._Private_ByteTransferSink                                   : loaded 2 times (x 72B)
Class com.amazon.ion.impl.bin.IonManagedBinaryWriter$ImportedSymbolResolverMode$1$1   : loaded 2 times (x 80B)
Class com.amazon.ion.IonDatagram                                                      : loaded 2 times (x 72B)
Class com.android.tools.r8.internal.e70                                               : loaded 2 times (x 72B)
Class [Lcom.amazon.ion.impl.bin.IonRawBinaryWriter$ContainerType;                     : loaded 2 times (x 71B)
Class kotlin.coroutines.jvm.internal.SpillingKt                                       : loaded 2 times (x 73B)
Class org.gradle.tooling.internal.adapter.ProtocolToModelAdapter$ViewGraphDetails     : loaded 2 times (x 74B)
Class org.gradle.tooling.model.idea.IdeaProject                                       : loaded 2 times (x 72B)
Class org.gradle.tooling.model.DomainObjectSet                                        : loaded 2 times (x 72B)
Class org.gradle.internal.service.DefaultServiceLocator                               : loaded 2 times (x 85B)
Class org.jetbrains.kotlin.metadata.ProtoBuf$Class$Kind$1                             : loaded 2 times (x 76B)
Class org.jetbrains.kotlin.protobuf.SmallSortedMap$Entry                              : loaded 2 times (x 90B)
Class org.jetbrains.kotlin.metadata.ProtoBuf$Package$1                                : loaded 2 times (x 146B)
Class org.jetbrains.org.objectweb.asm.SymbolTable                                     : loaded 2 times (x 74B)
Class org.jetbrains.org.objectweb.asm.tree.UnsupportedClassVersionException           : loaded 2 times (x 84B)
Class org.jetbrains.org.objectweb.asm.tree.RecordComponentNode                        : loaded 2 times (x 81B)
Class org.jetbrains.kotlin.name.FqName$Companion                                      : loaded 2 times (x 73B)
Class com.google.common.collect.Maps$EntrySet                                         : loaded 2 times (x 138B)
Class com.android.tools.r8.graph.n3                                                   : loaded 2 times (x 74B)
Class com.android.tools.r8.internal.g32                                               : loaded 2 times (x 74B)
Class com.android.tools.r8.shaking.z4                                                 : loaded 2 times (x 72B)
Class com.android.tools.r8.graph.a6                                                   : loaded 2 times (x 96B)
Class org.objectweb.asm.tree.JumpInsnNode                                             : loaded 2 times (x 81B)
Class com.android.tools.r8.internal.vl0                                               : loaded 2 times (x 79B)
Class com.android.tools.r8.internal.nx                                                : loaded 2 times (x 74B)
Class [Lcom.android.tools.r8.internal.hi3;                                            : loaded 2 times (x 71B)
Class com.android.tools.r8.internal.kq                                                : loaded 2 times (x 90B)
Class com.android.tools.r8.graph.g0                                                   : loaded 2 times (x 72B)
Class com.android.tools.r8.synthesis.q                                                : loaded 2 times (x 83B)
Class com.android.tools.r8.internal.lf                                                : loaded 2 times (x 81B)
Class com.android.tools.r8.internal.mk0                                               : loaded 2 times (x 75B)
Class com.android.tools.r8.internal.r40                                               : loaded 2 times (x 73B)
Class com.google.common.base.Splitter$1                                               : loaded 2 times (x 79B)
Class com.google.common.collect.TransformedIterator                                   : loaded 2 times (x 82B)
Class com.google.common.collect.Interner                                              : loaded 2 times (x 72B)
Class com.google.common.collect.Interners$InternerImpl                                : loaded 2 times (x 77B)
Class org.jetbrains.kotlin.metadata.ProtoBuf$Annotation$Argument$Value                : loaded 2 times (x 129B)
Class org.jetbrains.kotlin.protobuf.CodedOutputStream$OutOfSpaceException             : loaded 2 times (x 84B)
Class org.jetbrains.kotlin.descriptors.DescriptorVisibilities$6                       : loaded 2 times (x 81B)
Class org.gradle.tooling.model.Dependency                                             : loaded 2 times (x 72B)
Class org.gradle.api.JavaVersion                                                      : loaded 2 times (x 81B)
Class org.jetbrains.plugins.gradle.tooling.serialization.GradleExtensionsSerializationService: loaded 2 times (x 79B)
Class com.intellij.platform.diagnostic.telemetry.rt.context.TelemetryContextGetter    : loaded 2 times (x 77B)
Class com.amazon.ion.impl.bin.PooledBlockAllocatorProvider$PooledBlockAllocator       : loaded 2 times (x 83B)
Class com.amazon.ion.IonTimestamp                                                     : loaded 2 times (x 72B)
Class com.android.tools.r8.internal.ev                                                : loaded 2 times (x 89B)
Class com.android.tools.r8.internal.qp0                                               : loaded 2 times (x 81B)
Class com.android.tools.r8.synthesis.p                                                : loaded 2 times (x 76B)
Class com.android.tools.r8.shaking.z3                                                 : loaded 2 times (x 83B)
Class com.android.tools.r8.internal.f50                                               : loaded 2 times (x 114B)
Class com.android.tools.r8.internal.w71                                               : loaded 2 times (x 72B)
Class com.android.tools.r8.internal.tj3                                               : loaded 2 times (x 211B)
Class com.google.common.reflect.Types$ClassOwnership$3                                : loaded 2 times (x 73B)
Class org.apache.commons.io.output.QueueOutputStream                                  : loaded 2 times (x 89B)
Class org.jetbrains.kotlin.protobuf.GeneratedMessageLite$ExtendableMessage            : loaded 2 times (x 115B)
Class org.jetbrains.kotlin.metadata.jvm.JvmProtoBuf$JvmPropertySignatureOrBuilder     : loaded 2 times (x 72B)
Class org.jetbrains.kotlin.descriptors.DescriptorVisibilities$5                       : loaded 2 times (x 81B)
Class org.jetbrains.plugins.gradle.model.ClasspathEntryModel                          : loaded 2 times (x 72B)
Class org.jetbrains.kotlin.idea.gradleTooling.KotlinDslScriptAdditionalTask           : loaded 2 times (x 72B)
Class org.jetbrains.kotlin.idea.gradleTooling.model.kapt.KaptGradleModel              : loaded 2 times (x 72B)
Class com.android.tools.r8.e                                                          : loaded 2 times (x 83B)
Class com.android.tools.r8.internal.uu0                                               : loaded 2 times (x 72B)
Class com.android.tools.r8.graph.q8                                                   : loaded 2 times (x 72B)
Class com.android.tools.r8.graph.a4                                                   : loaded 2 times (x 74B)
Class com.android.tools.r8.internal.hx0                                               : loaded 2 times (x 74B)
Class com.android.tools.r8.synthesis.o                                                : loaded 2 times (x 77B)
Class com.android.tools.r8.internal.t00                                               : loaded 2 times (x 81B)
Class [Lcom.android.tools.r8.internal.co0;                                            : loaded 2 times (x 71B)
Class [Lcom.android.tools.r8.androidapi.f;                                            : loaded 2 times (x 71B)
Class com.google.common.collect.MapMakerInternalMap$StrongValueEntry                  : loaded 2 times (x 72B)
Class com.google.common.reflect.TypeResolver                                          : loaded 2 times (x 74B)
Class jdk.internal.jrtfs.JrtDirectoryStream                                           : loaded 2 times (x 91B)
Class com.amazon.ion.impl.bin.utf8.Utf8StringEncoder$Result                           : loaded 2 times (x 76B)
Class com.amazon.ion.impl.bin.utf8.Pool$Allocator                                     : loaded 2 times (x 72B)
Class com.amazon.ion.IonText                                                          : loaded 2 times (x 72B)
Class com.amazon.ion.impl.SymbolTokenImpl                                             : loaded 2 times (x 83B)
Class com.amazon.ion.SubstituteSymbolTableException                                   : loaded 2 times (x 86B)
Class io.opentelemetry.api.trace.SpanContextKey                                       : loaded 2 times (x 73B)
Class kotlin.coroutines.jvm.internal.SuspendFunction                                  : loaded 2 times (x 72B)
Class org.gradle.util.GradleVersion                                                   : loaded 2 times (x 83B)
Class org.gradle.internal.installation.CurrentGradleInstallation                      : loaded 2 times (x 75B)
Class org.jetbrains.kotlin.metadata.ProtoBuf$Annotation$ArgumentOrBuilder             : loaded 2 times (x 72B)
Class org.jetbrains.kotlin.protobuf.FieldSet$FieldDescriptorLite                      : loaded 2 times (x 72B)
Class org.jetbrains.kotlin.protobuf.AbstractMessageLite                               : loaded 2 times (x 100B)
Class org.jetbrains.org.objectweb.asm.ModuleWriter                                    : loaded 2 times (x 83B)
Class com.android.tools.r8.internal.n81                                               : loaded 2 times (x 72B)
Class com.android.tools.r8.internal.tc2                                               : loaded 2 times (x 290B)
Class com.android.tools.r8.internal.jm2                                               : loaded 2 times (x 77B)
Class com.android.tools.r8.shaking.f5                                                 : loaded 2 times (x 74B)
Class com.android.tools.r8.internal.gf2                                               : loaded 2 times (x 108B)
Class com.android.tools.r8.internal.au3                                               : loaded 2 times (x 85B)
Class com.android.tools.r8.internal.fh1                                               : loaded 2 times (x 83B)
Class com.android.tools.r8.internal.se1                                               : loaded 2 times (x 113B)
Class com.android.tools.r8.internal.b92                                               : loaded 2 times (x 287B)
Class com.android.tools.r8.internal.k11                                               : loaded 2 times (x 149B)
Class com.google.common.reflect.Types$ClassOwnership$2                                : loaded 2 times (x 82B)
Class [Lorg.jetbrains.org.objectweb.asm.Attribute;                                    : loaded 2 times (x 71B)
Class org.jetbrains.org.objectweb.asm.tree.TableSwitchInsnNode                        : loaded 2 times (x 80B)
Class [Lorg.jetbrains.kotlin.protobuf.WireFormat$JavaType;                            : loaded 2 times (x 71B)
Class org.jetbrains.kotlin.descriptors.DescriptorVisibilities$4                       : loaded 2 times (x 81B)
Class org.gradle.internal.service.UnknownServiceException                             : loaded 2 times (x 85B)
Class kotlin.collections.CollectionsKt___CollectionsKt$asSequence$$inlined$Sequence$1 : loaded 2 times (x 77B)
Class com.amazon.ion.impl.lite.IonBoolLite                                            : loaded 2 times (x 181B)
Class jdk.internal.jrtfs.SystemImage                                                  : loaded 2 times (x 76B)
Class com.android.tools.r8.graph.a3                                                   : loaded 2 times (x 76B)
Class com.android.tools.r8.internal.m42                                               : loaded 2 times (x 139B)
Class com.android.tools.r8.internal.oj                                                : loaded 2 times (x 84B)
Class com.android.tools.r8.graph.q7                                                   : loaded 2 times (x 89B)
Class com.android.tools.r8.synthesis.n                                                : loaded 2 times (x 83B)
Class com.android.tools.r8.internal.t3                                                : loaded 2 times (x 74B)
Class com.android.tools.r8.internal.lc                                                : loaded 2 times (x 78B)
Class com.android.tools.r8.d                                                          : loaded 2 times (x 73B)
Class org.jetbrains.kotlin.cli.common.CompilerSystemProperties                        : loaded 2 times (x 81B)
Class com.google.common.base.AbstractIterator$State                                   : loaded 2 times (x 81B)
Class com.google.common.collect.MapMakerInternalMap$Strength$2                        : loaded 2 times (x 82B)
Class com.google.common.reflect.Types$ClassOwnership$1                                : loaded 2 times (x 82B)
Class org.jetbrains.kotlin.load.java.JvmAnnotationNames                               : loaded 2 times (x 73B)
Class org.jetbrains.kotlin.metadata.jvm.deserialization.JvmNameResolverBase$Companion : loaded 2 times (x 73B)
Class org.jetbrains.kotlin.metadata.ProtoBuf$MemberKind                               : loaded 2 times (x 84B)
Class org.jetbrains.kotlin.descriptors.DescriptorVisibilities$3                       : loaded 2 times (x 81B)
Class org.jetbrains.kotlin.metadata.jvm.deserialization.ClassMapperLite               : loaded 2 times (x 73B)
Class org.gradle.api.internal.ClassPathProvider                                       : loaded 2 times (x 72B)
Class [Lorg.gradle.api.internal.ClassPathProvider;                                    : loaded 2 times (x 71B)
Class org.gradle.tooling.ToolingModelContract                                         : loaded 2 times (x 72B)
Class kotlin.sequences.SequenceScope                                                  : loaded 2 times (x 75B)
Class kotlin.text.MatchResult                                                         : loaded 2 times (x 72B)
Class com.google.common.collect.NaturalOrdering                                       : loaded 2 times (x 117B)
Class com.amazon.ion.SymbolToken                                                      : loaded 2 times (x 72B)
Class com.amazon.ion.impl.bin.IonRawBinaryWriter                                      : loaded 2 times (x 170B)
Class com.amazon.ion.impl.SharedSymbolTable                                           : loaded 2 times (x 95B)
Class com.android.tools.r8.internal.ym2                                               : loaded 2 times (x 73B)
Class com.android.tools.r8.internal.wq0                                               : loaded 2 times (x 75B)
Class com.android.tools.r8.synthesis.m                                                : loaded 2 times (x 76B)
Class com.android.tools.r8.internal.vf2                                               : loaded 2 times (x 89B)
Class com.android.tools.r8.internal.z11                                               : loaded 2 times (x 206B)
Class com.google.common.io.CharSource$ConcatenatedCharSource                          : loaded 2 times (x 88B)
Class com.amazon.ion.impl.bin.IonManagedBinaryWriter$ImportDescriptor                 : loaded 2 times (x 78B)
Class com.amazon.ion.SymbolTable                                                      : loaded 2 times (x 72B)
Class org.jetbrains.plugins.gradle.javaModel.JavaGradleManifestModel                  : loaded 2 times (x 72B)
Class org.jetbrains.plugins.gradle.tooling.serialization.GradleExtensionsSerializationService$WriteContext: loaded 2 times (x 74B)
Class com.intellij.gradle.toolingExtension.impl.model.taskModel.GradleTaskSerialisationService$Companion: loaded 2 times (x 73B)
Class kotlin.jvm.internal.Ref$BooleanRef                                              : loaded 2 times (x 73B)
Class kotlin.jvm.internal.StringCompanionObject                                       : loaded 2 times (x 73B)
Class kotlin.coroutines.intrinsics.IntrinsicsKt__IntrinsicsJvmKt                      : loaded 2 times (x 73B)
Class kotlin.coroutines.jvm.internal.CoroutineStackFrame                              : loaded 2 times (x 72B)
Class org.gradle.tooling.internal.adapter.ProtocolToModelAdapter$MethodInvocationCache$MethodInvocationKey: loaded 2 times (x 75B)
Class org.gradle.tooling.model.gradle.ProjectPublications                             : loaded 2 times (x 72B)
Class org.gradle.util.internal.GUtil                                                  : loaded 2 times (x 73B)
Class org.jetbrains.kotlin.metadata.jvm.JvmProtoBuf$StringTableTypes$Record           : loaded 2 times (x 121B)
Class org.jetbrains.kotlin.protobuf.FieldSet                                          : loaded 2 times (x 74B)
Class [Lorg.jetbrains.org.objectweb.asm.Label;                                        : loaded 2 times (x 71B)
Class com.google.common.collect.Maps$ViewCachingAbstractMap                           : loaded 2 times (x 127B)
Class com.google.common.collect.MapMakerInternalMap$Strength$1                        : loaded 2 times (x 82B)
Class org.jetbrains.kotlin.incremental.classpathDiff.impl.ClassListSnapshotter        : loaded 2 times (x 72B)
Class com.android.tools.r8.internal.m5                                                : loaded 2 times (x 81B)
Class com.android.tools.r8.internal.xu1                                               : loaded 2 times (x 180B)
Class com.android.tools.r8.internal.i50                                               : loaded 2 times (x 77B)
Class com.android.tools.r8.graph.g2                                                   : loaded 2 times (x 129B)
Class com.android.tools.r8.internal.w01                                               : loaded 2 times (x 146B)
Class org.jetbrains.kotlin.protobuf.ExtensionRegistryLite                             : loaded 2 times (x 76B)
Class org.jetbrains.kotlin.metadata.jvm.JvmProtoBuf$JvmFieldSignature                 : loaded 2 times (x 110B)
Class org.jetbrains.kotlin.metadata.ProtoBuf$Modality                                 : loaded 2 times (x 84B)
Class org.jetbrains.kotlin.descriptors.DescriptorVisibilities$2                       : loaded 2 times (x 81B)
Class org.gradle.api.internal.DefaultClassPathProvider                                : loaded 2 times (x 78B)
Class com.google.common.collect.ComparatorOrdering                                    : loaded 2 times (x 117B)
Class com.google.common.collect.Iterators$PeekingImpl                                 : loaded 2 times (x 87B)
Class com.intellij.gradle.toolingExtension.impl.model.buildScriptClasspathModel.GradleBuildScriptClasspathSerializationService$ReadContext: loaded 2 times (x 74B)
Class com.amazon.ion.impl._Private_IonContainer                                       : loaded 2 times (x 72B)
Class com.android.tools.r8.shaking.i                                                  : loaded 2 times (x 140B)
Class [Lcom.android.tools.r8.graph.r4;                                                : loaded 2 times (x 71B)
Class com.android.tools.r8.internal.zk2                                               : loaded 2 times (x 72B)
Class com.android.tools.r8.graph.d8                                                   : loaded 2 times (x 74B)
Class com.android.tools.r8.internal.vf1                                               : loaded 2 times (x 297B)
Class com.android.tools.r8.internal.bk                                                : loaded 2 times (x 128B)
Class com.google.common.base.Splitter                                                 : loaded 2 times (x 74B)
Class com.google.common.collect.Iterators$EmptyModifiableIterator                     : loaded 2 times (x 88B)
Class org.jetbrains.kotlin.incremental.classpathDiff.impl.ClassFile                   : loaded 2 times (x 74B)
Class org.jetbrains.kotlin.protobuf.CodedOutputStream$ByteBufferOutputStream          : loaded 2 times (x 88B)
Class [Lkotlin.reflect.KCallable;                                                     : loaded 2 times (x 71B)
Class org.jetbrains.kotlin.descriptors.DescriptorVisibilities$1                       : loaded 2 times (x 81B)
Class org.jetbrains.kotlin.util.ModuleVisibilityHelper                                : loaded 2 times (x 72B)
Class org.gradle.tooling.internal.gradle.DefaultProjectIdentifier                     : loaded 2 times (x 88B)
Class com.google.common.collect.ImmutableRangeSet                                     : loaded 2 times (x 117B)
Class com.amazon.ion.IonWriter                                                        : loaded 2 times (x 72B)
Class com.amazon.ion.impl.bin._Private_IonRawWriter                                   : loaded 2 times (x 72B)
Class com.amazon.ion.impl.bin.IonRawBinaryWriter$PreallocationMode                    : loaded 2 times (x 83B)
Class com.amazon.ion.util.InputStreamInterceptor                                      : loaded 2 times (x 72B)
Class com.amazon.ion.impl.lite.IonSystemLite                                          : loaded 2 times (x 277B)
Class com.android.build.gradle.internal.utils.DesugarConfigJson                       : loaded 2 times (x 80B)
Class com.android.tools.r8.internal.t33                                               : loaded 2 times (x 72B)
Class com.android.tools.r8.internal.eq                                                : loaded 2 times (x 91B)
Class com.android.tools.r8.internal.et3                                               : loaded 2 times (x 81B)
Class com.android.tools.r8.internal.ow0                                               : loaded 2 times (x 98B)
Class com.android.tools.r8.synthesis.k                                                : loaded 2 times (x 72B)
Class org.jetbrains.kotlin.buildtools.api.internal.KotlinCompilerVersion$Maturity     : loaded 2 times (x 81B)
Class [Lorg.jetbrains.kotlin.buildtools.api.internal.KotlinCompilerVersion$Maturity;  : loaded 2 times (x 71B)
Class org.apache.commons.io.output.StringBuilderWriter                                : loaded 2 times (x 102B)
Class [Lorg.apache.commons.io.StandardLineSeparator;                                  : loaded 2 times (x 71B)
Class org.jetbrains.kotlin.incremental.classpathDiff.impl.SingleClassSnapshotter      : loaded 2 times (x 73B)
Class [Lorg.jetbrains.kotlin.descriptors.CallableMemberDescriptor$Kind;               : loaded 2 times (x 71B)
Class org.jetbrains.org.objectweb.asm.Handle                                          : loaded 2 times (x 74B)
Class org.jetbrains.kotlin.metadata.ProtoBuf$EnumEntry                                : loaded 2 times (x 122B)
Class kotlin.sequences.SequencesKt___SequencesKt$flatMap$2                            : loaded 2 times (x 131B)
Class com.google.common.collect.Ordering                                              : loaded 2 times (x 116B)
Class org.jetbrains.plugins.gradle.tooling.serialization.internal.IdeaProjectSerializationService: loaded 2 times (x 79B)
Class org.jetbrains.kotlin.idea.projectModel.KotlinTaskProperties                     : loaded 2 times (x 72B)
Class com.android.tools.r8.internal.c11                                               : loaded 2 times (x 83B)
Class com.android.tools.r8.graph.q3                                                   : loaded 2 times (x 76B)
Class com.android.tools.r8.internal.ux2                                               : loaded 2 times (x 79B)
Class [Lcom.amazon.ion.impl.bin.IonManagedBinaryWriter$SymbolState;                   : loaded 2 times (x 71B)
Class com.amazon.ion.impl._Private_IonWriterBase                                      : loaded 2 times (x 164B)
Class com.amazon.ion.system.IonSystemBuilder                                          : loaded 2 times (x 77B)
Class com.amazon.ion.IonCatalog                                                       : loaded 2 times (x 72B)
Class io.opentelemetry.api.trace.TraceId                                              : loaded 2 times (x 73B)
Class com.intellij.gradle.toolingExtension.impl.model.utilTurnOffDefaultTasksModel.TurnOffDefaultTasks: loaded 2 times (x 72B)
Class com.intellij.gradle.toolingExtension.impl.model.sourceSetModel.GradleSourceSetSerialisationService$SourceSetModelReadContext: loaded 2 times (x 74B)
Class [Lorg.jetbrains.kotlin.metadata.ProtoBuf$MemberKind;                            : loaded 2 times (x 71B)
Class org.jetbrains.kotlin.metadata.ProtoBuf$Package                                  : loaded 2 times (x 130B)
Class org.jetbrains.kotlin.metadata.ProtoBuf$Annotation$Argument$Value$Type$1         : loaded 2 times (x 76B)
Class org.jetbrains.kotlin.metadata.ProtoBuf$TypeTableOrBuilder                       : loaded 2 times (x 72B)
Class org.jetbrains.kotlin.metadata.ProtoBuf$TypeOrBuilder                            : loaded 2 times (x 72B)
Class com.google.common.reflect.Types$TypeVariableImpl                                : loaded 2 times (x 74B)
Class com.google.common.io.LineBuffer                                                 : loaded 2 times (x 77B)
Class com.google.common.collect.MapMakerInternalMap$1                                 : loaded 2 times (x 85B)
Class com.android.tools.r8.internal.cx0                                               : loaded 2 times (x 82B)
Class com.android.tools.r8.internal.et2                                               : loaded 2 times (x 77B)
Class com.android.tools.r8.internal.ut                                                : loaded 2 times (x 81B)
Class com.android.tools.r8.internal.rm                                                : loaded 2 times (x 126B)
Class org.objectweb.asm.tree.TypeAnnotationNode                                       : loaded 2 times (x 82B)
Class com.android.tools.r8.internal.rc                                                : loaded 2 times (x 78B)
Class com.android.tools.r8.internal.i51                                               : loaded 2 times (x 72B)
Class com.android.tools.r8.internal.h70                                               : loaded 2 times (x 79B)
Class com.android.tools.r8.internal.j32                                               : loaded 2 times (x 78B)
Class com.android.tools.r8.graph.g3                                                   : loaded 2 times (x 74B)
Class com.android.tools.r8.DataResource                                               : loaded 2 times (x 72B)
Class com.android.tools.r8.internal.fr3                                               : loaded 2 times (x 72B)
Class org.jetbrains.org.objectweb.asm.ClassReader                                     : loaded 2 times (x 94B)
Class org.jetbrains.org.objectweb.asm.tree.FrameNode                                  : loaded 2 times (x 80B)
Class org.jetbrains.kotlin.metadata.jvm.JvmProtoBuf$StringTableTypesOrBuilder         : loaded 2 times (x 72B)
Class org.jetbrains.kotlin.metadata.deserialization.Flags$EnumLiteFlagField           : loaded 2 times (x 78B)
Class org.jetbrains.kotlin.metadata.ProtoBuf$Type$Argument$1                          : loaded 2 times (x 146B)
Class kotlin.text.MatcherMatchResult$groupValues$1                                    : loaded 2 times (x 200B)
Class com.google.common.collect.ReverseNaturalOrdering                                : loaded 2 times (x 116B)
Class io.opentelemetry.context.Scope                                                  : loaded 2 times (x 72B)
Class com.amazon.ion.impl.bin.IonManagedBinaryWriter$ImportedSymbolResolverMode$2     : loaded 2 times (x 82B)
Class com.android.tools.r8.graph.q2                                                   : loaded 2 times (x 72B)
Class com.android.tools.r8.internal.c10                                               : loaded 2 times (x 73B)
Class com.android.tools.r8.threading.a                                                : loaded 2 times (x 73B)
Class com.android.tools.r8.internal.hv                                                : loaded 2 times (x 108B)
Class com.android.tools.r8.internal.ma2                                               : loaded 2 times (x 72B)
Class com.google.common.io.ByteSource$ConcatenatedByteSource                          : loaded 2 times (x 87B)
Class com.google.common.base.CharMatcher$None                                         : loaded 2 times (x 114B)
Class [Lcom.google.common.collect.AbstractIterator$State;                             : loaded 2 times (x 71B)
Class org.apache.commons.io.file.PathUtils                                            : loaded 2 times (x 73B)
Class org.jetbrains.org.objectweb.asm.ClassVisitor                                    : loaded 2 times (x 90B)
Class org.jetbrains.kotlin.metadata.jvm.deserialization.JvmNameResolver               : loaded 2 times (x 82B)
Class org.gradle.internal.classloader.DefaultClassLoaderFactory                       : loaded 2 times (x 84B)
Class com.intellij.util.containers.IntObjectHashMap$ArrayProducer                     : loaded 2 times (x 72B)
Class io.opentelemetry.api.GlobalOpenTelemetry                                        : loaded 2 times (x 73B)
Class com.amazon.ion.impl.bin.IonManagedBinaryWriter$ImportedSymbolResolverMode$1     : loaded 2 times (x 82B)
Class com.amazon.ion.impl.lite.IonSymbolLite                                          : loaded 2 times (x 249B)
Class [Lcom.amazon.ion.impl.bin.IonRawBinaryWriter$StreamCloseMode;                   : loaded 2 times (x 71B)
Class org.jetbrains.kotlin.idea.gradleTooling.AndroidAwareGradleModelProvider$Companion: loaded 2 times (x 73B)
Class sync_studio_tooling2_f5bewh2dmojlapj07ukob2hdf$_run_closure1                    : loaded 2 times (x 140B)
Class com.android.tools.r8.internal.di2                                               : loaded 2 times (x 72B)
Class com.android.tools.r8.origin.ArchiveEntryOrigin                                  : loaded 2 times (x 84B)
Class com.android.tools.r8.graph.d4                                                   : loaded 2 times (x 76B)
Class com.android.tools.r8.synthesis.r0                                               : loaded 2 times (x 74B)
Class com.android.tools.r8.internal.se1$p$b                                           : loaded 2 times (x 73B)
Class com.android.tools.r8.graph.t8                                                   : loaded 2 times (x 148B)
Class com.android.tools.r8.internal.ku3                                               : loaded 2 times (x 86B)
Class [Lcom.android.tools.r8.internal.dm;                                             : loaded 2 times (x 71B)
Class com.android.tools.r8.internal.tm2                                               : loaded 2 times (x 73B)
Class com.android.tools.r8.internal.m73                                               : loaded 2 times (x 278B)
Class com.google.common.collect.MapMakerInternalMap$Strength                          : loaded 2 times (x 82B)
Class com.google.common.collect.MapMakerInternalMap$StrongKeyDummyValueEntry$LinkedStrongKeyDummyValueEntry: loaded 2 times (x 84B)
Class org.jetbrains.kotlin.metadata.ProtoBuf$Effect$EffectType                        : loaded 2 times (x 84B)
Class org.gradle.internal.operations.MultipleBuildOperationFailures                   : loaded 2 times (x 97B)
Class org.gradle.tooling.internal.adapter.MethodInvocation                            : loaded 2 times (x 87B)
Class kotlin.sequences.TransformingSequence                                           : loaded 2 times (x 77B)
Class io.opentelemetry.api.internal.OtelEncodingUtils                                 : loaded 2 times (x 73B)
Class com.intellij.util.ThrowableConsumer                                             : loaded 2 times (x 72B)
Class jdk.internal.jimage.decompressor.StringSharingDecompressorFactory               : loaded 2 times (x 76B)
Class io.opentelemetry.api.internal.ImmutableSpanContext                              : loaded 2 times (x 93B)
Class com.intellij.gradle.toolingExtension.impl.model.sourceSetModel.GradleSourceSetSerialisationService$SourceSetModelWriteContext: loaded 2 times (x 74B)
Class kotlin.ranges.IntProgressionIterator                                            : loaded 2 times (x 84B)
Class kotlin.coroutines.CoroutineContext                                              : loaded 2 times (x 72B)
Class kotlin.coroutines.jvm.internal.DebugProbesKt                                    : loaded 2 times (x 73B)
Class org.gradle.tooling.internal.adapter.WeakIdentityHashMap                         : loaded 2 times (x 78B)
Class org.gradle.tooling.GradleConnectionException                                    : loaded 2 times (x 85B)
Class org.gradle.tooling.internal.adapter.ProtocolToModelAdapter$1                    : loaded 2 times (x 77B)
Class org.gradle.tooling.internal.adapter.ProtocolToModelAdapter$ViewDecoration       : loaded 2 times (x 72B)
Class org.gradle.internal.installation.GradleInstallation                             : loaded 2 times (x 77B)
Class org.jetbrains.kotlin.metadata.deserialization.ProtoTypeTableUtilKt              : loaded 2 times (x 73B)
Class [Lorg.jetbrains.kotlin.descriptors.DescriptorVisibility;                        : loaded 2 times (x 71B)
Class org.jetbrains.kotlin.incremental.classpathDiff.impl.ClassFileWithContentsProvider: loaded 2 times (x 74B)
Class kotlin.collections.CollectionsKt__IteratorsJVMKt$iterator$1                     : loaded 2 times (x 81B)
Class ijKotlinCoroutineJvmDebugInit1_85bfuja8rac0unm46qyl0ltzh$_run_closure1          : loaded 2 times (x 140B)
Class com.google.common.base.Splitter$Strategy                                        : loaded 2 times (x 72B)
Class com.android.tools.r8.StringConsumer                                             : loaded 2 times (x 72B)
Class com.android.tools.r8.graph.d3                                                   : loaded 2 times (x 94B)
Class com.android.tools.r8.internal.xr2                                               : loaded 2 times (x 97B)
Class com.android.tools.r8.internal.se1$p$a                                           : loaded 2 times (x 74B)
Class com.android.tools.r8.internal.kx3                                               : loaded 2 times (x 72B)
Class com.android.tools.r8.SyntheticInfoConsumerData                                  : loaded 2 times (x 72B)
Class com.android.tools.r8.w0                                                         : loaded 2 times (x 73B)
Class com.android.tools.r8.synthesis.u0                                               : loaded 2 times (x 107B)
Class com.android.tools.r8.internal.j0                                                : loaded 2 times (x 109B)
Class [Lcom.android.tools.r8.internal.j11;                                            : loaded 2 times (x 71B)
Class com.android.tools.r8.graph.t1                                                   : loaded 2 times (x 153B)
Class com.android.tools.r8.graph.h6$a                                                 : loaded 2 times (x 104B)
Class com.android.tools.r8.internal.ku2                                               : loaded 2 times (x 113B)
Class com.android.tools.r8.internal.oc                                                : loaded 2 times (x 75B)
Class com.android.tools.r8.internal.i21                                               : loaded 2 times (x 278B)
Class com.google.common.collect.TransformedListIterator                               : loaded 2 times (x 95B)
Class com.google.common.reflect.TypeCapture                                           : loaded 2 times (x 73B)
Class org.jetbrains.org.objectweb.asm.tree.FieldInsnNode                              : loaded 2 times (x 81B)
Class org.jetbrains.kotlin.protobuf.ByteString$Output                                 : loaded 2 times (x 88B)
Class org.gradle.tooling.internal.adapter.TargetTypeProvider                          : loaded 2 times (x 72B)
Class kotlin.ranges.IntProgression$Companion                                          : loaded 2 times (x 73B)
Class org.jetbrains.plugins.gradle.model.GradleExtensions                             : loaded 2 times (x 72B)
Class org.jetbrains.plugins.gradle.model.AnnotationProcessingModel                    : loaded 2 times (x 72B)
Class io.opentelemetry.context.ContextStorageProvider                                 : loaded 2 times (x 72B)
Class com.amazon.ion.system.IonBinaryWriterBuilder                                    : loaded 2 times (x 101B)
Class com.amazon.ion.impl.bin.IonManagedBinaryWriter$UserState$4                      : loaded 2 times (x 87B)
Class org.jetbrains.plugins.gradle.model.UnresolvedExternalDependency                 : loaded 2 times (x 72B)
Class com.android.tools.r8.internal.j5                                                : loaded 2 times (x 107B)
Class com.android.tools.r8.internal.xw                                                : loaded 2 times (x 94B)
Class com.android.tools.r8.internal.up                                                : loaded 2 times (x 119B)
Class com.android.tools.r8.internal.jj3                                               : loaded 2 times (x 75B)
Class [Lcom.android.tools.r8.internal.gi3;                                            : loaded 2 times (x 71B)
Class com.android.tools.r8.internal.m71                                               : loaded 2 times (x 72B)
Class com.android.tools.r8.internal.eg1                                               : loaded 2 times (x 77B)
Class org.objectweb.asm.tree.LocalVariableNode                                        : loaded 2 times (x 75B)
Class org.jetbrains.kotlin.incremental.classpathDiff.impl.ClassListSnapshotterKt      : loaded 2 times (x 73B)
Class org.jetbrains.kotlin.incremental.classpathDiff.impl.BasicClassInfo              : loaded 2 times (x 74B)
Class org.jetbrains.kotlin.protobuf.GeneratedMessageLite$ExtendableMessageOrBuilder   : loaded 2 times (x 72B)
Class org.jetbrains.kotlin.metadata.ProtoBuf$FunctionOrBuilder                        : loaded 2 times (x 72B)
Class org.jetbrains.kotlin.protobuf.GeneratedMessageLite$1                            : loaded 2 times (x 73B)
Class org.jetbrains.kotlin.metadata.ProtoBuf$Effect$InvocationKind$1                  : loaded 2 times (x 76B)
Class org.gradle.tooling.internal.adapter.ProtocolToModelAdapter$InvocationHandlerImpl: loaded 2 times (x 79B)
Class org.gradle.tooling.model.build.GradleEnvironment                                : loaded 2 times (x 72B)
Class org.jetbrains.plugins.gradle.tooling.util.IntObjectMap$ObjectFactory            : loaded 2 times (x 72B)
Class [Lio.opentelemetry.api.trace.ImmutableTraceFlags;                               : loaded 2 times (x 71B)
Class com.amazon.ion.IonException                                                     : loaded 2 times (x 86B)
Class com.amazon.ion.util.GzipStreamInterceptor                                       : loaded 2 times (x 87B)
Class com.amazon.ion.impl.bin.IonManagedBinaryWriter$UserState$3                      : loaded 2 times (x 87B)
Class org.gradle.accessors.dm.LibrariesForLibsInPluginsBlock$AndroidxNavigationRuntimeLibraryAccessors: loaded 2 times (x 79B)
Class com.android.tools.r8.graph.g8                                                   : loaded 2 times (x 72B)
Class com.android.tools.r8.internal.uk0                                               : loaded 2 times (x 78B)
Class com.android.tools.r8.internal.d24                                               : loaded 2 times (x 79B)
Class com.android.tools.r8.synthesis.e0                                               : loaded 2 times (x 74B)
Class org.objectweb.asm.tree.FieldInsnNode                                            : loaded 2 times (x 81B)
Class com.google.common.collect.AbstractMapBasedMultimap$WrappedCollection            : loaded 2 times (x 126B)
Class org.jetbrains.kotlin.metadata.deserialization.MetadataVersion$Companion         : loaded 2 times (x 73B)
Class jdk.internal.jimage.decompressor.ResourceDecompressor$StringsProvider           : loaded 2 times (x 72B)
Class com.amazon.ion.impl.lite.ContainerlessContext                                   : loaded 2 times (x 82B)
Class io.opentelemetry.api.trace.DefaultTracer                                        : loaded 2 times (x 76B)
Class org.jetbrains.plugins.gradle.tooling.serialization.GradleExtensionsSerializationService$ReadContext: loaded 2 times (x 74B)
Class com.google.common.collect.ForwardingCollection                                  : loaded 2 times (x 132B)
Class com.google.common.collect.LexicographicalOrdering                               : loaded 2 times (x 117B)
Class org.gradle.tooling.internal.adapter.MethodInvoker                               : loaded 2 times (x 72B)
Class org.jetbrains.org.objectweb.asm.tree.Util                                       : loaded 2 times (x 73B)
Class org.jetbrains.kotlin.metadata.ProtoBuf$Annotation$Builder                       : loaded 2 times (x 137B)
Class org.jetbrains.kotlin.metadata.jvm.JvmProtoBuf$StringTableTypes$Record$Operation : loaded 2 times (x 84B)
Class org.jetbrains.kotlin.com.intellij.openapi.diagnostic.DefaultLogger              : loaded 2 times (x 102B)
Class [Lorg.jetbrains.kotlin.metadata.ProtoBuf$Modality;                              : loaded 2 times (x 71B)
Class com.android.tools.r8.internal.ho                                                : loaded 2 times (x 126B)
Class com.android.tools.r8.internal.e02                                               : loaded 2 times (x 81B)
Class com.android.tools.r8.internal.p10                                               : loaded 2 times (x 93B)
Class com.android.tools.r8.synthesis.b                                                : loaded 2 times (x 74B)
Class com.android.tools.r8.shaking.c2                                                 : loaded 2 times (x 72B)
Class com.android.tools.r8.internal.lf1                                               : loaded 2 times (x 291B)
Class [Lcom.android.tools.r8.graph.h4;                                                : loaded 2 times (x 71B)
Class com.android.tools.r8.graph.t2                                                   : loaded 2 times (x 161B)
Class com.android.tools.r8.internal.d21                                               : loaded 2 times (x 78B)
Class [Lcom.android.tools.r8.internal.r1;                                             : loaded 2 times (x 71B)
Class com.android.tools.r8.internal.md2                                               : loaded 2 times (x 72B)
Class com.android.builder.dexing.D8DesugaredMethodsGenerator$CustomStringConsumer     : loaded 2 times (x 80B)
Class org.gradle.internal.classloader.ClassLoaderHierarchy                            : loaded 2 times (x 72B)
Class com.intellij.gradle.toolingExtension.impl.model.sourceSetModel.GradleSourceSetSerialisationService$Companion: loaded 2 times (x 73B)
Class com.amazon.ion.impl._Private_IonValue                                           : loaded 2 times (x 72B)
Class com.amazon.ion.impl.bin.IonManagedBinaryWriter$UserState$2                      : loaded 2 times (x 87B)
Class jdk.internal.jimage.BasicImageReader                                            : loaded 2 times (x 97B)
Class com.android.tools.r8.graph.t4                                                   : loaded 2 times (x 129B)
Class com.android.tools.r8.internal.xu                                                : loaded 2 times (x 74B)
Class com.android.tools.r8.synthesis.d                                                : loaded 2 times (x 74B)
Class com.android.tools.r8.internal.rt3                                               : loaded 2 times (x 75B)
Class com.android.tools.r8.internal.lf3                                               : loaded 2 times (x 94B)
Class [Lcom.google.common.base.AbstractIterator$State;                                : loaded 2 times (x 71B)
Class [Lcom.google.common.collect.MapMakerInternalMap$Segment;                        : loaded 2 times (x 71B)
Class org.jetbrains.kotlin.incremental.classpathDiff.DirectoryOrJarReader             : loaded 2 times (x 72B)
Class org.jetbrains.kotlin.load.kotlin.FileBasedKotlinClass$OuterAndInnerName         : loaded 2 times (x 74B)
Class org.jetbrains.kotlin.metadata.ProtoBuf$ContractOrBuilder                        : loaded 2 times (x 72B)
Class [Lorg.jetbrains.kotlin.metadata.ProtoBuf$Visibility;                            : loaded 2 times (x 71B)
Class org.gradle.internal.classloader.FilteringClassLoader                            : loaded 2 times (x 106B)
Class kotlin.sequences.FlatteningSequence                                             : loaded 2 times (x 77B)
Class kotlin.text.MatcherMatchResult                                                  : loaded 2 times (x 82B)
Class kotlin.text.MatchGroupCollection                                                : loaded 2 times (x 72B)
Class com.android.ide.gradle.model.dependencies.DeclaredDependencies                  : loaded 2 times (x 72B)
Class org.jetbrains.plugins.gradle.tooling.serialization.internal.IdeaProjectSerializationService$ReadContext: loaded 2 times (x 74B)
Class com.amazon.ion.impl.bin.IonManagedBinaryWriter$UserState$1                      : loaded 2 times (x 87B)
Class com.android.tools.r8.DataResourceProvider$Visitor                               : loaded 2 times (x 72B)
Class com.android.tools.r8.internal.h73                                               : loaded 2 times (x 84B)
Class com.android.tools.r8.internal.c41                                               : loaded 2 times (x 72B)
Class com.android.tools.r8.internal.b60                                               : loaded 2 times (x 73B)
Class com.android.tools.r8.graph.t3                                                   : loaded 2 times (x 75B)
Class com.android.tools.r8.naming.r1                                                  : loaded 2 times (x 81B)
Class com.android.tools.r8.internal.g92                                               : loaded 2 times (x 289B)
Class com.android.tools.r8.internal.lf2                                               : loaded 2 times (x 80B)
Class com.android.tools.r8.internal.yc2                                               : loaded 2 times (x 291B)
Class com.android.tools.r8.references.ClassReference                                  : loaded 2 times (x 88B)
Class [Lcom.android.tools.r8.internal.ic;                                             : loaded 2 times (x 71B)
Class com.google.common.io.LineReader                                                 : loaded 2 times (x 74B)
Class org.jetbrains.kotlin.descriptors.SourceElement                                  : loaded 2 times (x 72B)
Class org.jetbrains.kotlin.metadata.ProtoBuf$Annotation$Argument$Value$Type           : loaded 2 times (x 84B)
Class com.android.tools.r8.internal.rl0                                               : loaded 2 times (x 75B)
Class org.jetbrains.kotlin.metadata.ProtoBuf$TypeParameter$Variance$1                 : loaded 2 times (x 76B)
Class gnu.trove.PrimeFinder                                                           : loaded 2 times (x 73B)
Class com.amazon.ion.UnexpectedEofException                                           : loaded 2 times (x 86B)
Class com.amazon.ion.IonSexp                                                          : loaded 2 times (x 72B)
Class com.amazon.ion.ReadOnlyValueException                                           : loaded 2 times (x 86B)
Class com.amazon.ion.impl._Private_LocalSymbolTable                                   : loaded 2 times (x 72B)
Class com.amazon.ion.BufferConfiguration$DataHandler                                  : loaded 2 times (x 72B)
Class com.amazon.ion.impl._Private_IonBinaryWriterBuilder                             : loaded 2 times (x 117B)
Class org.jetbrains.plugins.gradle.tooling.serialization.RepositoriesModelSerializationService$WriteContext: loaded 2 times (x 74B)
Class com.android.ide.gradle.model.LegacyAndroidGradlePluginProperties                : loaded 2 times (x 72B)
Class kotlin.ranges.IntProgression                                                    : loaded 2 times (x 83B)
Class org.gradle.tooling.model.gradle.GradleScript                                    : loaded 2 times (x 72B)

---------------  S Y S T E M  ---------------

OS:
 Windows 10 , 64 bit Build 19041 (10.0.19041.7291)
OS uptime: 0 days 2:13 hours
Hyper-V role detected

CPU: total 4 (initial active 4) (2 cores per cpu, 2 threads per core) family 6 model 58 stepping 9 microcode 0x21, cx8, cmov, fxsr, ht, mmx, sse, sse2, sse3, ssse3, sse4.1, sse4.2, popcnt, tsc, tscinvbit, avx, erms, clmul, vzeroupper, clflush, hv, rdtscp, f16c
Processor Information for the first 4 processors :
  Max Mhz: 1701, Current Mhz: 1701, Mhz Limit: 1701

Memory: 4k page, system-wide physical 8050M (426M free)
TotalPageFile size 13426M (AvailPageFile size 2405M)
current process WorkingSet (physical memory assigned to process): 1097M, peak: 1100M
current process commit charge ("private bytes"): 1239M, peak: 1255M

vm_info: OpenJDK 64-Bit Server VM (25.0.3+-15898627-b508.16) for windows-amd64 JRE (25.0.3+-15898627-b508.16), built on 2026-07-20T17:54:23Z with MS VC++ 16.10 / 16.11 (VS2019)

END.
